city,total_orders,total_revenue,total_freight,delivery_orders,late_orders,avg_delivery_delay_days,reviewed_orders,avg_review_score,negative_reviews,late_delivery_rate,negative_review_rate,freight_ratio
abadia dos dourados,3,358.9,54.599999999999994,3,0,-16.41460648148148,3,5.0,0.0,0.0,0.0,0.1521315129562552
abadiania,1,949.99,75.53,1,0,-15.299085648148148,1,4.0,0.0,0.0,0.0,0.0795061000642112
abaete,12,1732.81,214.0,12,1,-12.9080362654321,12,4.166666666666667,1.0,8.333333333333332,8.333333333333332,0.12349882560696211
abaetetuba,11,4028.57,643.7,11,3,-8.86311553030303,11,3.5454545454545454,3.0,27.27272727272727,27.27272727272727,0.15978374460416475
abaiara,2,262.9,69.25,2,1,3.062806712962963,2,4.5,0.0,50.0,0.0,0.26340813997717766
abaira,2,157.99,45.01,2,0,-12.395121527777778,2,5.0,0.0,0.0,0.0,0.284891448825875
abare,2,185.19,39.54,2,0,-10.182332175925927,2,2.0,1.0,0.0,50.0,0.21351044872833305
abatia,3,167.89,52.3,3,0,-7.539606481481481,3,2.6666666666666665,2.0,0.0,66.66666666666666,0.31151349097623443
abdon batista,1,125.4,31.3,1,0,-13.69462962962963,1,5.0,0.0,0.0,0.0,0.24960127591706538
abelardo luz,6,679.6999999999999,117.88,6,1,-4.833240740740741,6,2.5,3.0,16.666666666666664,50.0,0.1734294541709578
abrantes,2,678.0,83.36,1,0,-6.299398148148148,2,4.0,0.0,0.0,0.0,0.12294985250737463
abre campo,6,281.68,85.61000000000001,5,0,-15.276553240740743,6,3.8333333333333335,1.0,0.0,16.666666666666664,0.30392644135188873
abreu e lima,11,2376.95,494.97,11,0,-17.23237584175084,10,3.8,2.0,0.0,20.0,0.2082374471486569
acaiaca,2,164.9,43.0,2,0,-14.667731481481482,2,3.5,1.0,0.0,50.0,0.2607640994542147
acailandia,7,937.79,295.69,7,0,-17.274895833333336,7,3.4285714285714284,3.0,0.0,42.857142857142854,0.3153051322790817
acajutiba,1,28.89,22.06,1,0,-28.25528935185185,1,5.0,0.0,0.0,0.0,0.7635860159224644
acarau,8,1364.96,274.98,8,5,2.1447960069444445,7,3.5714285714285716,2.0,62.5,28.57142857142857,0.20145645293634978
acari,1,364.0,48.43,1,0,-39.26261574074074,1,5.0,0.0,0.0,0.0,0.13304945054945055
acegua,2,209.9,72.49000000000001,2,0,-11.233119212962963,2,5.0,0.0,0.0,0.0,0.3453549309194855
acopiara,7,647.67,254.0,7,0,-12.03104828042328,7,4.857142857142857,0.0,0.0,0.0,0.3921750274059321
acreuna,7,1070.43,236.01999999999998,7,0,-14.472918320105821,7,3.7142857142857144,1.0,0.0,14.285714285714285,0.22049083078762738
acu,3,613.08,136.51,2,0,-11.321793981481482,3,3.6666666666666665,1.0,0.0,33.33333333333333,0.22266262151758331
acucena,1,38.0,16.11,1,0,-17.636203703703703,1,1.0,1.0,0.0,100.0,0.42394736842105263
adamantina,36,5425.97,728.12,35,1,-10.901605489417989,36,3.9166666666666665,8.0,2.857142857142857,22.22222222222222,0.13419167448400932
adhemar de barros,1,139.0,27.29,1,1,73.01168981481482,1,1.0,1.0,100.0,100.0,0.19633093525179857
adolfo,5,373.8,67.78999999999999,5,0,-11.371986111111111,5,5.0,0.0,0.0,0.0,0.1813536650615302
adrianopolis,1,73.9,15.27,1,0,-13.406157407407408,1,5.0,0.0,0.0,0.0,0.20663058186738834
adustina,1,74.8,27.47,1,0,-12.068460648148148,1,5.0,0.0,0.0,0.0,0.36724598930481284
afogados da ingazeira,8,1345.98,250.41,8,0,-23.58054542824074,8,4.5,1.0,0.0,12.5,0.18604288325235144
afonso claudio,11,1568.77,199.15,11,0,-13.810156776094276,11,4.7272727272727275,0.0,0.0,0.0,0.12694658872874928
afranio,2,357.9,90.13999999999999,2,0,-9.253668981481482,2,4.0,0.0,0.0,0.0,0.25185806091086893
agisse,1,43.0,13.37,1,0,-7.190671296296296,1,5.0,0.0,0.0,0.0,0.3109302325581395
agrestina,1,1989.0,77.34,1,0,-20.364710648148147,1,4.0,0.0,0.0,0.0,0.03888386123680242
agrolandia,1,49.9,11.01,1,0,-27.23415509259259,1,4.0,0.0,0.0,0.0,0.22064128256513027
agronomica,2,204.87,76.63,2,0,-9.303854166666667,2,4.0,0.0,0.0,0.0,0.37404207546248835
agua boa,18,2758.87,577.95,18,0,-16.151579218106995,18,4.333333333333333,1.0,0.0,5.555555555555555,0.20948794252719413
agua branca,5,401.69,259.40999999999997,5,0,-13.534435185185185,5,4.2,1.0,0.0,20.0,0.6457965097463217
agua clara,2,219.89000000000001,39.28,2,0,-8.205844907407407,2,3.5,0.0,0.0,0.0,0.17863477193142024
agua comprida,2,106.9,33.75,2,0,-16.60641203703704,2,4.5,0.0,0.0,0.0,0.31571562207670717
agua doce,1,289.98,46.07,1,0,-15.408402777777777,1,4.0,0.0,0.0,0.0,0.1588730257259121
agua doce do norte,4,365.48,98.04,4,0,-12.611860532407407,4,4.25,0.0,0.0,0.0,0.2682499726387217
agua fria de goias,1,152.0,15.81,1,0,-12.42607638888889,1,5.0,0.0,0.0,0.0,0.10401315789473685
agua limpa,1,388.0,28.8,1,0,-4.231388888888889,1,1.0,1.0,0.0,100.0,0.07422680412371134
agua nova,1,42.0,35.67,1,0,-15.329652777777778,1,5.0,0.0,0.0,0.0,0.8492857142857143
agua preta,1,129.99,17.35,1,0,-20.230833333333333,1,4.0,0.0,0.0,0.0,0.1334718055235018
agua santa,2,163.9,63.69,2,0,-13.293819444444445,2,5.0,0.0,0.0,0.0,0.3885906040268456
aguai,10,2111.48,398.47,9,1,-12.218123713991769,10,4.0,2.0,11.11111111111111,20.0,0.18871597173546517
aguas belas,6,769.87,271.53000000000003,6,0,-13.737295524691357,6,4.333333333333333,0.0,0.0,0.0,0.35269590969904013
aguas claras,1,95.8,21.16,1,1,2.5686805555555554,1,5.0,0.0,100.0,0.0,0.22087682672233822
aguas da prata,10,1028.28,229.29,10,0,-13.81006712962963,10,4.9,0.0,0.0,0.0,0.22298401213677208
aguas de lindoia,23,3092.59,665.77,22,1,-11.718409617003367,23,4.130434782608695,3.0,4.545454545454546,13.043478260869565,0.2152791026291878
aguas de santa barbara,3,154.9,47.13,3,0,-11.306612654320986,3,3.3333333333333335,1.0,0.0,33.33333333333333,0.3042608134280181
aguas de sao pedro,3,274.99,29.04,2,0,-11.38806712962963,3,5.0,0.0,0.0,0.0,0.10560384013964144
aguas formosas,5,1341.7,238.87,5,0,-15.14183101851852,5,4.2,1.0,0.0,20.0,0.17803532831482446
aguas frias,1,290.0,28.98,1,0,-12.230069444444444,1,4.0,0.0,0.0,0.0,0.09993103448275863
aguas lindas de goias,24,2219.91,568.89,24,2,-12.688441840277777,24,4.25,3.0,8.333333333333332,12.5,0.256267145965377
aguas mornas,1,89.15,15.37,1,0,-18.181400462962962,1,5.0,0.0,0.0,0.0,0.17240605720695454
aguas vermelhas,3,574.58,118.31,3,0,-16.596184413580247,3,3.3333333333333335,1.0,0.0,33.33333333333333,0.20590692331790175
agudo,1,17.0,15.1,1,0,-12.685138888888888,1,5.0,0.0,0.0,0.0,0.888235294117647
agudos,16,1265.3,243.65,16,1,-12.076100260416666,16,4.0625,2.0,6.25,12.5,0.19256302853078322
aguia branca,2,157.89000000000001,42.05,1,0,-4.246909722222222,2,3.0,1.0,0.0,50.0,0.26632465640635883
aimores,10,951.37,192.4,10,1,-14.376850694444446,10,4.1,1.0,10.0,10.0,0.20223467210443888
aiuaba,1,109.7,37.68,1,0,-17.20627314814815,1,3.0,0.0,0.0,0.0,0.34348222424794894
aiuruoca,4,281.09000000000003,83.94,4,0,-20.306877893518518,4,3.75,1.0,0.0,25.0,0.2986232167633142
ajapi,1,108.0,13.34,1,1,5.240277777777778,1,4.0,0.0,100.0,0.0,0.12351851851851851
ajuricaba,2,191.9,53.47,2,0,-17.094658564814814,2,3.5,0.0,0.0,0.0,0.2786347055758207
alagoa,1,77.68,16.3,1,0,-13.163819444444444,1,3.0,0.0,0.0,0.0,0.20983522142121525
alagoa grande,1,139.99,38.53,1,0,-20.342349537037038,1,5.0,0.0,0.0,0.0,0.27523394528180584
alagoa nova,1,113.0,51.29,1,0,-0.27292824074074074,1,5.0,0.0,0.0,0.0,0.4538938053097345
alagoinha,2,269.9,69.62,2,0,-13.857199074074074,2,4.0,0.0,0.0,0.0,0.25794738792145244
alagoinhas,40,6249.2300000000005,1179.1,40,8,-9.893613136574073,40,4.2,5.0,20.0,12.5,0.18867924528301883
alambari,3,179.88,49.06,3,0,-12.909502314814816,3,5.0,0.0,0.0,0.0,0.2727373804758728
alcantara,1,424.8,40.06,1,0,-6.5256944444444445,1,3.0,0.0,0.0,0.0,0.09430320150659134
alcinopolis,6,711.1600000000001,241.19,6,0,-18.44746334876543,6,4.5,1.0,0.0,16.666666666666664,0.33915012092918606
alcobaca,4,1289.78,192.12,4,1,-8.857783564814815,4,4.75,0.0,25.0,0.0,0.14895563584487279
alegre,17,2884.07,380.94,17,2,-10.479140114379085,17,4.352941176470588,2.0,11.76470588235294,11.76470588235294,0.1320841727142545
alegrete,36,4483.77,812.47,35,0,-17.460576719576718,36,3.9444444444444446,8.0,0.0,22.22222222222222,0.18120242563735428
alegrete do piaui,1,149.9,23.98,1,0,-2.0043171296296296,1,5.0,0.0,0.0,0.0,0.1599733155436958
alegria,1,39.9,18.38,1,0,-8.170300925925925,1,3.0,0.0,0.0,0.0,0.4606516290726817
alem paraiba,29,2870.56,677.76,28,0,-14.740817212301588,29,3.7586206896551726,7.0,0.0,24.137931034482758,0.2361072403990859
alexandra,1,31.9,19.41,1,0,-0.012835648148148148,1,5.0,0.0,0.0,0.0,0.6084639498432602
alexandria,2,159.8,62.12,2,0,-31.183871527777775,2,5.0,0.0,0.0,0.0,0.3887359198998748
alexandrita,1,99.8,30.2,1,0,-17.47423611111111,1,1.0,1.0,0.0,100.0,0.3026052104208417
alexania,5,466.67,101.58,5,0,-15.697428240740743,5,4.2,1.0,0.0,20.0,0.2176698737866158
alfenas,43,5350.32,1189.13,43,3,-13.47089335701981,43,4.116279069767442,7.0,6.976744186046512,16.27906976744186,0.22225399602266785
alfredo chaves,7,902.71,149.9,7,0,-15.377104828042329,7,4.0,1.0,0.0,14.285714285714285,0.16605554386236998
alfredo marcondes,1,129.0,40.23,1,0,-7.02675925925926,1,5.0,0.0,0.0,0.0,0.3118604651162791
alfredo vasconcelos,3,567.99,48.75,3,0,-14.004598765432098,3,4.666666666666667,0.0,0.0,0.0,0.08582897586225109
alfredo wagner,2,794.8,49.870000000000005,2,0,-12.200162037037037,2,5.0,0.0,0.0,0.0,0.0627453447408153
alhandra,2,1037.0,270.91,2,0,-13.75021412037037,2,4.0,0.0,0.0,0.0,0.2612439729990357
alianca,1,64.99,24.94,1,0,-18.685219907407408,1,4.0,0.0,0.0,0.0,0.3837513463609787
alianca do tocantins,2,162.79,101.21,2,0,-11.108032407407409,2,5.0,0.0,0.0,0.0,0.6217212359481541
almas,1,78.0,35.56,1,0,-12.427708333333333,1,4.0,0.0,0.0,0.0,0.4558974358974359
almenara,14,2872.15,340.18,14,0,-13.44119460978836,14,4.214285714285714,1.0,0.0,7.142857142857142,0.11844088922932298
almino afonso,1,299.9,170.11,1,0,-22.08931712962963,1,4.0,0.0,0.0,0.0,0.5672224074691564
almirante tamandare,35,4255.69,786.14,35,0,-13.170664351851853,35,4.228571428571429,5.0,0.0,14.285714285714285,0.1847268010592877
almirante tamandare do sul,1,49.9,15.1,1,0,-21.51508101851852,1,4.0,0.0,0.0,0.0,0.3026052104208417
alpercata,2,228.8,31.97,2,0,-19.211435185185188,2,4.5,0.0,0.0,0.0,0.13972902097902096
alpestre,1,118.9,18.08,1,0,-12.21167824074074,1,4.0,0.0,0.0,0.0,0.15206055508830948
alpinopolis,7,836.6800000000001,132.77,7,0,-17.566785714285714,7,4.857142857142857,0.0,0.0,0.0,0.1586867141559497
alta floresta,12,3495.55,455.53,12,0,-16.00104359567901,12,4.583333333333333,0.0,0.0,0.0,0.13031711747793623
alta floresta d'oeste,3,669.89,135.61,3,0,-21.848341049382714,3,3.3333333333333335,1.0,0.0,33.33333333333333,0.2024362208720835
altamira,25,5168.15,1231.69,25,4,-10.760976388888889,24,3.9166666666666665,5.0,16.0,20.833333333333336,0.23832319108385014
altamira do parana,2,259.1,48.010000000000005,2,0,-18.287633101851853,2,5.0,0.0,0.0,0.0,0.18529525279814743
altaneira,2,369.6,126.66,2,0,-20.334340277777777,2,3.0,1.0,0.0,50.0,0.34269480519480516
alterosa,3,252.3,56.339999999999996,3,0,-15.48449074074074,3,4.666666666666667,0.0,0.0,0.0,0.2233055885850178
altinho,2,363.79999999999995,86.02,1,0,-26.352546296296296,2,3.0,1.0,0.0,50.0,0.23644859813084115
altinopolis,4,1428.8,77.24000000000001,4,0,-11.049372106481481,4,5.0,0.0,0.0,0.0,0.05405935050391938
alto alegre,3,307.89,58.519999999999996,3,0,-10.6742862654321,3,5.0,0.0,0.0,0.0,0.19006788138620936
alto alegre do iguacu,2,74.69999999999999,152.55,2,0,-10.38005787037037,2,4.5,0.0,0.0,0.0,2.0421686746987957
alto alegre do maranhao,1,88.9,34.42,1,0,-19.41712962962963,1,5.0,0.0,0.0,0.0,0.3871766029246344
alto alegre do pindare,1,199.0,60.56,1,0,-30.118564814814814,1,5.0,0.0,0.0,0.0,0.30432160804020103
alto araguaia,5,1085.73,142.4,5,1,-10.417631944444445,5,3.4,2.0,20.0,40.0,0.13115599642636752
alto bela vista,1,0.0,0.0,0,0,,1,5.0,0.0,,0.0,
alto boa vista,5,418.0,163.99,5,0,-14.169321759259258,3,4.666666666666667,0.0,0.0,0.0,0.39232057416267946
alto caparao,2,478.9,43.18,2,0,-2.1458275462962964,2,4.5,0.0,0.0,0.0,0.09016496136980581
alto do rodrigues,8,2737.46,609.24,8,0,-13.228100405092592,8,4.5,0.0,0.0,0.0,0.22255667662723838
alto garcas,2,258.8,81.26,2,0,-13.017303240740741,2,4.0,0.0,0.0,0.0,0.31398763523956724
alto horizonte,2,233.91,51.24,2,0,-12.061417824074073,2,4.0,0.0,0.0,0.0,0.21905861228677698
alto jequitiba,4,211.89,63.540000000000006,3,0,-12.64974537037037,4,3.75,1.0,0.0,25.0,0.2998725753928926
alto paraiso,2,1256.99,76.92,2,0,-16.170833333333334,2,4.5,0.0,0.0,0.0,0.06119380424665272
alto paraiso de goias,9,1367.3400000000001,595.97,9,1,-11.931563786008232,9,3.888888888888889,1.0,11.11111111111111,11.11111111111111,0.4358608685476911
alto parana,2,389.9,61.94,2,0,-16.387042824074072,2,4.5,0.0,0.0,0.0,0.15886124647345473
alto parnaiba,5,777.79,170.31,5,0,-14.86898611111111,5,4.4,0.0,0.0,0.0,0.2189665590969285
alto piquiri,1,412.0,20.5,1,0,-14.25170138888889,1,4.0,0.0,0.0,0.0,0.04975728155339806
alto rio doce,4,213.42,65.13,4,0,-5.464224537037037,4,4.0,1.0,0.0,25.0,0.3051728985099803
alto rio novo,2,266.5,60.730000000000004,2,0,-17.686637731481483,2,4.0,0.0,0.0,0.0,0.2278799249530957
alto santo,3,622.89,178.12,3,0,-14.367557870370371,3,4.0,0.0,0.0,0.0,0.2859573921559184
alto sao joao,1,54.99,18.26,1,1,33.52009259259259,1,5.0,0.0,100.0,0.0,0.33206037461356613
alto taquari,3,750.88,70.28999999999999,3,0,-13.230138888888888,3,4.666666666666667,0.0,0.0,0.0,0.09361016407415299
altonia,3,494.9,62.28,3,0,-12.19119598765432,3,4.666666666666667,0.0,0.0,0.0,0.12584360476864015
altos,5,1345.39,215.48000000000002,5,0,-17.300189814814814,5,4.2,0.0,0.0,0.0,0.16016173748875792
aluminio,13,1252.15,248.49,13,2,-5.728140135327635,13,3.4615384615384617,3.0,15.384615384615385,23.076923076923077,0.1984506648564469
alvarenga,2,211.0,34.11,2,0,-17.06269675925926,2,4.5,0.0,0.0,0.0,0.16165876777251184
alvares florence,2,185.76,41.47,2,1,-6.89900462962963,2,5.0,0.0,50.0,0.0,0.22324504737295436
alvares machado,8,4022.57,204.85,8,0,-11.691335358796296,8,4.75,0.0,0.0,0.0,0.05092515481396222
alvaro de carvalho,2,358.0,41.0,2,0,-23.77924189814815,2,4.5,0.0,0.0,0.0,0.11452513966480447
alvinopolis,11,807.06,213.9,11,0,-18.21813026094276,11,4.2727272727272725,0.0,0.0,0.0,0.26503605679875103
alvorada,56,7702.2,1620.86,56,5,-13.067427662037037,56,4.125,7.0,8.928571428571429,12.5,0.21044117265196957
alvorada d'oeste,1,359.98,70.12,1,0,-40.09753472222222,1,3.0,0.0,0.0,0.0,0.19478859936663148
alvorada do gurgueia,1,37.0,50.85,1,0,-23.500671296296296,1,4.0,0.0,0.0,0.0,1.3743243243243244
alvorada do norte,3,164.88,56.84,3,0,-9.416670524691357,3,4.666666666666667,0.0,0.0,0.0,0.34473556525958277
amambai,6,751.98,138.71,6,0,-10.902729552469134,6,5.0,0.0,0.0,0.0,0.18445969307694354
amanari,1,390.0,29.39,1,0,-2.5472453703703706,1,5.0,0.0,0.0,0.0,0.07535897435897436
amapa do maranhao,1,15.9,34.15,1,0,-24.60667824074074,1,5.0,0.0,0.0,0.0,2.147798742138365
amapora,2,129.9,50.75,2,0,-10.883298611111112,2,4.5,0.0,0.0,0.0,0.390685142417244
amaraji,2,476.89,45.0,2,0,-16.59087962962963,2,4.5,0.0,0.0,0.0,0.0943613831281847
amarante,1,760.0,193.84,1,0,-29.50516203703704,1,5.0,0.0,0.0,0.0,0.25505263157894736
amargosa,1,54.99,16.82,1,0,-8.296493055555555,1,5.0,0.0,0.0,0.0,0.30587379523549735
amelia rodrigues,3,372.39,57.629999999999995,3,0,-17.2696875,3,5.0,0.0,0.0,0.0,0.15475710948199467
america dourada,1,169.9,48.02,1,1,14.386539351851852,1,1.0,1.0,100.0,100.0,0.28263684520306065
americana,224,24926.37,3753.36,216,18,-10.38147162208505,224,4.212053571428571,26.0,8.333333333333332,11.607142857142858,0.15057788197800162
americano do brasil,3,291.49,54.8,3,0,-12.589776234567902,3,5.0,0.0,0.0,0.0,0.18799958832206934
americo brasiliense,17,2360.1,328.79,17,3,-8.252764161220043,17,3.9411764705882355,3.0,17.647058823529413,17.647058823529413,0.13931189356383206
americo de campos,1,279.9,13.46,1,0,-13.53556712962963,1,5.0,0.0,0.0,0.0,0.04808860307252591
ametista do sul,2,242.8,32.71,2,0,-13.780873842592593,2,5.0,0.0,0.0,0.0,0.13471993410214167
amontada,1,45.9,35.67,1,0,-15.254479166666666,1,5.0,0.0,0.0,0.0,0.777124183006536
amparo,67,11751.58,1250.24,63,3,-10.486928644914757,67,4.3283582089552235,6.0,4.761904761904762,8.955223880597014,0.10638909831699227
amparo da serra,1,49.95,16.11,1,0,-15.144027777777778,1,2.0,1.0,0.0,100.0,0.3225225225225225
ampere,9,1769.67,216.28,8,1,-13.85419560185185,9,4.555555555555555,1.0,12.5,11.11111111111111,0.1222148762198602
anadia,2,379.89,82.71000000000001,2,0,-20.196203703703702,2,5.0,0.0,0.0,0.0,0.21772091921345654
anage,1,63.8,33.58,1,0,-22.288333333333334,1,5.0,0.0,0.0,0.0,0.5263322884012539
analandia,4,511.03,64.66999999999999,4,1,-9.73412326388889,4,4.25,0.0,25.0,0.0,0.12654834354147504
ananas,1,96.8,25.96,1,0,-13.446076388888889,1,5.0,0.0,0.0,0.0,0.2681818181818182
ananindeua,88,18075.24,3161.61,85,12,-12.434058142701526,86,3.9767441860465116,13.0,14.117647058823529,15.11627906976744,0.1749138600649286
anapolis,113,17179.78,2917.73,111,9,-9.31596450617284,113,4.079646017699115,16.0,8.108108108108109,14.15929203539823,0.16983512012377341
anastacio,2,116.9,36.45,2,0,-13.692505787037037,2,5.0,0.0,0.0,0.0,0.3118049615055603
anaurilandia,1,69.99,16.25,1,0,-27.141284722222224,1,5.0,0.0,0.0,0.0,0.2321760251464495
anchieta,17,2286.5,458.88,17,1,-12.7243852124183,17,4.411764705882353,2.0,5.88235294117647,11.76470588235294,0.20069101246446533
andarai,1,79.9,29.6,1,0,-17.97792824074074,1,5.0,0.0,0.0,0.0,0.37046307884856067
andira,11,1462.18,226.41000000000003,11,0,-11.667596801346802,11,4.0,2.0,0.0,18.181818181818183,0.15484413683677797
andorinha,5,691.1,106.51,5,0,-7.4115671296296295,5,4.4,0.0,0.0,0.0,0.154116625669223
andradas,12,4070.31,525.66,12,1,-16.034721257716047,12,3.9166666666666665,3.0,8.333333333333332,25.0,0.12914495456120048
andradina,43,6794.42,857.52,40,0,-12.645485243055555,43,4.0,7.0,0.0,16.27906976744186,0.1262094483414331
andre da rocha,1,119.0,27.13,1,0,-10.181504629629629,1,5.0,0.0,0.0,0.0,0.22798319327731092
andrelandia,3,119.36,49.71,3,1,-10.567260802469136,3,4.0,1.0,33.33333333333333,33.33333333333333,0.4164711796246649
andrequice,1,199.0,16.14,1,0,-10.347685185185185,1,5.0,0.0,0.0,0.0,0.08110552763819096
angatuba,8,818.75,164.28,8,1,-12.331931423611111,8,4.5,1.0,12.5,12.5,0.2006473282442748
angelica,1,53.9,22.96,1,0,-6.091180555555556,1,5.0,0.0,0.0,0.0,0.425974025974026
angelina,1,126.99,15.06,1,0,-12.571574074074075,1,4.0,0.0,0.0,0.0,0.11859201511930074
angelo frechiani,1,25.32,18.28,1,0,-10.190648148148147,1,5.0,0.0,0.0,0.0,0.721958925750395
angical,1,269.9,23.6,1,0,-0.4745138888888889,1,2.0,1.0,0.0,100.0,0.08743979251574659
angical do piaui,1,29.99,50.93,1,0,-7.234120370370371,1,4.0,0.0,0.0,0.0,1.6982327442480827
angicos,1,65.99,35.78,1,0,-11.201597222222222,1,4.0,0.0,0.0,0.0,0.5422033641460828
angra dos reis,85,18893.04,2761.69,83,14,-9.407924196787148,83,3.9156626506024095,16.0,16.867469879518072,19.27710843373494,0.14617499354259558
anguera,1,99.0,45.99,1,0,-15.435439814814815,1,5.0,0.0,0.0,0.0,0.46454545454545454
angulo,3,294.7,99.36,3,0,-17.81471836419753,3,4.333333333333333,0.0,0.0,0.0,0.33715643026806924
angustura,1,139.0,27.29,1,0,-1.4067939814814814,1,5.0,0.0,0.0,0.0,0.19633093525179857
anhandui,1,69.0,14.23,1,0,-11.220347222222221,1,5.0,0.0,0.0,0.0,0.20623188405797102
anhembi,1,106.9,13.19,1,0,-7.005474537037037,1,5.0,0.0,0.0,0.0,0.12338634237605238
anhumas,1,58.99,13.43,1,0,-15.197511574074074,1,5.0,0.0,0.0,0.0,0.2276657060518732
anicuns,8,661.9300000000001,147.26,8,1,-14.651099537037037,8,4.625,0.0,12.5,0.0,0.22247065399664614
anita garibaldi,5,256.78,129.15,5,0,-8.547416666666667,5,3.8,1.0,0.0,20.0,0.5029597320663604
anitapolis,2,608.99,33.39,2,0,-4.83421875,2,5.0,0.0,0.0,0.0,0.05482848651045173
anta,4,241.88,49.65,3,0,-20.73567901234568,4,4.0,1.0,0.0,25.0,0.20526707458243756
anta gorda,4,577.7,77.55,4,0,-15.571608796296296,4,4.25,1.0,0.0,25.0,0.13423922451099185
antonina,10,2077.57,207.82999999999998,10,0,-14.532864583333332,8,4.625,0.0,0.0,0.0,0.10003513720355992
antonina do norte,1,76.8,53.78,1,0,-4.164097222222222,1,1.0,1.0,0.0,100.0,0.7002604166666667
antonio cardoso,2,369.89,70.03,2,0,-6.606851851851852,2,3.5,1.0,0.0,50.0,0.18932655654383737
antonio carlos,3,245.70000000000002,48.449999999999996,3,0,-15.357152777777777,3,4.333333333333333,0.0,0.0,0.0,0.19719169719169716
antonio goncalves,1,34.9,16.79,1,0,-14.37295138888889,1,5.0,0.0,0.0,0.0,0.4810888252148997
antonio martins,1,45.0,52.67,1,1,0.8608912037037038,1,4.0,0.0,100.0,0.0,1.1704444444444444
antonio pereira,2,88.99000000000001,33.33,2,1,-0.22031250000000013,2,3.5,1.0,50.0,50.0,0.3745364647713226
antonio prado,5,554.2,113.37,5,0,-10.121546296296296,5,3.6,1.0,0.0,20.0,0.20456513893901118
antonio prado de minas,3,282.0,52.21,3,0,-14.276439043209876,3,3.0,1.0,0.0,33.33333333333333,0.18514184397163122
antunes,1,119.8,15.59,1,0,-10.482962962962963,1,4.0,0.0,0.0,0.0,0.13013355592654424
aparecida,25,3740.96,467.95,25,2,-11.73199398148148,25,4.36,2.0,8.0,8.0,0.12508821265129805
aparecida d'oeste,1,19.9,11.85,1,0,-9.17875,1,5.0,0.0,0.0,0.0,0.5954773869346733
aparecida de goiania,110,14554.460000000001,2437.78,105,9,-11.699867945326279,110,4.027272727272727,14.0,8.571428571428571,12.727272727272727,0.16749367547816957
aparecida de monte alto,1,179.9,19.36,1,0,-2.029537037037037,1,5.0,0.0,0.0,0.0,0.10761534185658699
aparecida de sao manuel,2,226.3,30.490000000000002,2,0,-24.647123842592595,2,5.0,0.0,0.0,0.0,0.1347326557666814
aparecida do rio negro,1,115.0,57.58,1,0,-15.064004629629629,1,5.0,0.0,0.0,0.0,0.500695652173913
aparecida do taboado,7,2531.9,236.69,7,1,-8.184249338624339,7,4.285714285714286,1.0,14.285714285714285,14.285714285714285,0.09348315494292823
aperibe,13,1464.94,370.96999999999997,12,2,-11.964808063271605,13,3.769230769230769,4.0,16.666666666666664,30.76923076923077,0.2532322142886398
apiaca,6,434.28,100.14,6,0,-17.899498456790123,6,4.666666666666667,0.0,0.0,0.0,0.23058856037579442
apiacas,1,28.99,22.13,0,0,,1,5.0,0.0,,0.0,0.7633666781648845
apiai,6,547.5699999999999,167.37,6,1,-10.739668209876543,6,4.333333333333333,1.0,16.666666666666664,16.666666666666664,0.3056595503771208
apiuna,7,1320.6,164.2,7,0,-14.607863756613757,7,3.857142857142857,1.0,0.0,14.285714285714285,0.12433742238376495
apodi,3,377.89,114.18,3,2,7.132766203703704,3,3.3333333333333335,1.0,66.66666666666666,33.33333333333333,0.3021514197253169
apora,1,44.9,20.8,1,1,12.6446875,1,5.0,0.0,100.0,0.0,0.4632516703786192
apore,1,134.64,62.74,1,0,-16.02320601851852,1,5.0,0.0,0.0,0.0,0.4659833630421866
apuarema,1,169.99,34.39,1,0,-41.516840277777774,1,4.0,0.0,0.0,0.0,0.20230601800105888
apucarana,52,7283.7,1527.2,51,3,-11.999303286129265,52,4.326923076923077,5.0,5.88235294117647,9.615384615384617,0.20967365487321005
apuiares,2,339.89,81.67,2,0,-14.681846064814813,2,5.0,0.0,0.0,0.0,0.24028362117155552
aquidaba,1,89.0,24.55,1,0,-6.371423611111111,1,5.0,0.0,0.0,0.0,0.2758426966292135
aquidauana,4,197.7,70.39,3,0,-15.226277006172841,4,4.0,1.0,0.0,25.0,0.35604451188669706
aquiraz,2,428.99,49.66,1,0,-18.476875,2,3.0,1.0,0.0,50.0,0.11576027413226414
aracaju,225,36507.8,8091.0,213,29,-9.524329573117718,225,3.7466666666666666,52.0,13.615023474178404,23.11111111111111,0.2216238721588263
aracariguama,10,759.75,177.32,8,0,-13.429445891203702,10,3.9,2.0,0.0,20.0,0.233392563343205
aracati,22,2769.53,826.72,21,2,-12.205106371252203,22,3.909090909090909,3.0,9.523809523809524,13.636363636363635,0.2985055225976971
aracatu,1,75.99,19.77,1,0,-22.2546875,1,4.0,0.0,0.0,0.0,0.26016581129095934
aracatuba,141,16733.59,2723.49,138,4,-12.597280344202897,140,4.121428571428571,21.0,2.898550724637681,15.0,0.16275587007928363
arace,4,413.4,77.78,4,3,53.52229456018518,4,3.75,1.0,75.0,25.0,0.18814707305273345
araci,3,277.87,80.37,3,0,-22.1343287037037,3,3.6666666666666665,1.0,0.0,33.33333333333333,0.28923597365674597
aracitaba,2,119.80000000000001,36.94,2,0,-20.954438657407408,2,3.0,1.0,0.0,50.0,0.308347245409015
aracoiaba,5,576.47,136.68,5,1,-12.82562037037037,5,3.6,1.0,20.0,20.0,0.2370982011206134
aracoiaba da serra,11,1511.57,190.19,11,0,-13.20428872053872,11,4.7272727272727275,0.0,0.0,0.0,0.12582281998187317
aracruz,41,4064.07,1038.9099999999999,40,5,-10.68818894675926,38,3.710526315789474,8.0,12.5,21.052631578947366,0.2556329000238676
aracuai,9,1362.98,225.8,9,1,-13.327335390946502,9,3.7777777777777777,1.0,11.11111111111111,11.11111111111111,0.16566640743077668
aragarcas,4,156.88,90.72,3,0,-13.434035493827162,4,3.0,2.0,0.0,50.0,0.5782763895971443
aragoiania,1,112.9,0.0,1,0,-13.966979166666667,1,4.0,0.0,0.0,0.0,0.0
araguacu,1,129.5,33.36,1,0,-16.18224537037037,1,4.0,0.0,0.0,0.0,0.2576061776061776
araguaia,1,49.0,18.23,1,0,-12.067766203703703,1,5.0,0.0,0.0,0.0,0.37204081632653063
araguaina,41,8203.539999999999,1645.09,38,8,-6.950372807017544,41,3.7560975609756095,10.0,21.052631578947366,24.390243902439025,0.20053415964327598
araguana,1,119.0,105.07,1,0,-10.39068287037037,1,5.0,0.0,0.0,0.0,0.8829411764705882
araguapaz,2,120.9,39.989999999999995,2,0,-12.671915509259259,2,5.0,0.0,0.0,0.0,0.3307692307692307
araguari,54,10869.52,1179.42,54,3,-13.689281764403292,54,4.361111111111111,4.0,5.555555555555555,7.4074074074074066,0.10850709138950018
araguatins,5,681.98,177.92000000000002,5,0,-9.768891203703705,5,4.6,0.0,0.0,0.0,0.2608874160532567
aramari,2,167.4,55.16,2,2,43.63199074074075,2,5.0,0.0,100.0,0.0,0.3295101553166069
arame,1,29.99,34.15,1,0,-6.408032407407408,1,3.0,0.0,0.0,0.0,1.138712904301434
aramina,1,97.9,13.71,1,1,4.642256944444444,1,1.0,1.0,100.0,100.0,0.14004085801838612
arandu,4,345.5,110.14999999999999,3,0,-14.955154320987655,4,3.75,1.0,0.0,25.0,0.3188133140376266
arantina,1,180.0,24.41,1,0,-19.164479166666666,1,1.0,1.0,0.0,100.0,0.1356111111111111
arapei,2,324.89,28.82,2,0,-8.186290509259258,2,4.5,0.0,0.0,0.0,0.08870694696666565
arapiraca,29,8728.71,1421.32,29,5,-8.778926404853129,29,3.9655172413793105,5.0,17.24137931034483,17.24137931034483,0.16283276681204897
arapoema,1,55.9,42.67,1,0,-19.06488425925926,1,5.0,0.0,0.0,0.0,0.7633273703041146
araponga,2,239.9,65.23,2,0,-15.263547453703705,2,3.0,1.0,0.0,50.0,0.27190496040016676
arapongas,35,6617.96,861.9399999999999,32,4,-10.073585431134259,35,4.114285714285714,4.0,12.5,11.428571428571429,0.13024255208553692
arapora,5,1144.38,108.99,5,0,-12.885432870370371,5,4.6,0.0,0.0,0.0,0.09523934357468672
arapoti,9,966.97,313.94,9,0,-15.459466306584362,9,3.7777777777777777,2.0,0.0,22.22222222222222,0.32466364003019743
arapua,1,89.0,23.77,1,0,-14.144537037037036,1,5.0,0.0,0.0,0.0,0.26707865168539324
araputanga,4,517.45,127.80000000000001,4,0,-14.643634259259258,4,4.75,0.0,0.0,0.0,0.2469803845782201
araquari,11,993.25,292.11,11,2,-9.181677188552188,11,4.2727272727272725,1.0,18.181818181818183,9.090909090909092,0.29409514220991695
arara,1,109.9,27.24,1,0,-15.596099537037038,1,5.0,0.0,0.0,0.0,0.2478616924476797
ararangua,18,2246.55,540.19,18,1,-12.43469007201646,17,4.470588235294118,0.0,5.555555555555555,0.0,0.24045313925797335
araraquara,155,20352.07,2849.68,150,11,-11.250658950617284,154,4.37012987012987,13.0,7.333333333333333,8.441558441558442,0.14001917249694992
araras,94,13327.37,1859.88,93,7,-9.461826712465154,94,4.361702127659575,7.0,7.526881720430108,7.446808510638298,0.13955341526497725
arari,2,708.8,119.99000000000001,2,0,-13.22167824074074,2,4.5,0.0,0.0,0.0,0.16928611738148985
ararica,2,187.0,65.0,2,0,-17.836221064814815,2,4.0,0.0,0.0,0.0,0.34759358288770054
araripe,2,268.6,54.769999999999996,1,0,-12.552233796296296,2,3.0,1.0,0.0,50.0,0.20390915860014888
araripina,12,2169.58,718.97,11,0,-13.473723695286196,12,3.5,3.0,0.0,25.0,0.3313867200103246
araruama,77,17199.19,1996.86,74,8,-9.746175394144144,73,3.6986301369863015,17.0,10.81081081081081,23.28767123287671,0.11610197922111448
araruna,5,559.87,155.04999999999998,5,0,-9.509159722222222,5,4.6,0.0,0.0,0.0,0.27693928947791446
arataca,1,795.0,70.78,1,0,-8.369780092592592,1,5.0,0.0,0.0,0.0,0.08903144654088051
aratiba,1,92.5,13.99,1,0,-11.143703703703704,1,5.0,0.0,0.0,0.0,0.15124324324324326
aratuba,2,343.9,85.84,2,0,-8.938350694444445,2,3.5,0.0,0.0,0.0,0.24960744402442572
araucaria,54,5086.1,1169.77,54,4,-11.128305041152263,53,4.0,9.0,7.4074074074074066,16.9811320754717,0.22999351172804308
araujos,6,2490.5,220.72,5,0,-18.856076388888887,6,4.0,1.0,0.0,16.666666666666664,0.08862477414173861
araxa,78,13136.21,2010.8,75,9,-11.308874537037038,76,3.8552631578947367,17.0,12.0,22.36842105263158,0.15307307054317798
arceburgo,7,924.14,236.69,7,0,-10.71399966931217,7,4.714285714285714,0.0,0.0,0.0,0.2561192027182029
arcos,25,5391.7300000000005,597.63,25,1,-12.13269675925926,25,4.12,5.0,4.0,20.0,0.11084197465377531
arcoverde,5,515.8,161.6,5,1,-13.95779861111111,5,4.0,1.0,20.0,20.0,0.3132997285769678
areado,7,1246.69,113.86,6,0,-14.775507330246915,7,4.0,2.0,0.0,28.57142857142857,0.09132984142008037
areal,7,1152.18,212.45,7,0,-14.780616732804233,7,4.0,1.0,0.0,14.285714285714285,0.18438959190404275
arealva,4,266.68,73.2,3,0,-11.790181327160495,4,3.0,1.0,0.0,25.0,0.2744862756862157
areia,2,119.80000000000001,113.66,2,1,0.1543692129629628,2,2.0,1.0,50.0,50.0,0.9487479131886476
areia branca,3,183.6,129.39,3,0,-23.099818672839504,3,4.666666666666667,0.0,0.0,0.0,0.7047385620915032
areia branca dos assis,3,462.54,106.89,3,2,10.011238425925926,3,3.3333333333333335,1.0,66.66666666666666,33.33333333333333,0.2310935270463095
areial,1,159.9,34.92,1,0,-6.3523148148148145,1,5.0,0.0,0.0,0.0,0.21838649155722326
areias,3,441.86,126.77000000000001,3,0,-18.653163580246915,3,4.333333333333333,0.0,0.0,0.0,0.2869008283166614
areiopolis,3,896.49,47.75,3,0,-13.052847222222221,3,5.0,0.0,0.0,0.0,0.05326328235674687
arembepe,2,429.7,64.36,2,1,2.1987905092592595,2,1.0,2.0,50.0,100.0,0.14977891552245753
arenapolis,2,328.85,67.61,2,0,-17.08677662037037,2,5.0,0.0,0.0,0.0,0.20559525619583396
arenopolis,1,108.9,20.0,1,0,-19.169027777777778,1,4.0,0.0,0.0,0.0,0.18365472910927455
aribice,1,42.0,34.15,1,0,-9.109594907407407,1,4.0,0.0,0.0,0.0,0.8130952380952381
arinos,8,752.0699999999999,207.75,8,0,-13.474525462962964,8,4.625,0.0,0.0,0.0,0.27623758426742195
aripuana,8,1124.78,223.6,8,2,-12.46202835648148,8,3.375,2.0,25.0,25.0,0.19879443091093368
ariquemes,13,4124.97,844.67,13,1,-13.039322471509971,13,4.076923076923077,3.0,7.6923076923076925,23.076923076923077,0.20476997408466
ariranha,5,531.49,115.78,5,0,-14.696972222222223,5,4.2,1.0,0.0,20.0,0.2178404109202431
armacao dos buzios,29,4836.4,776.47,28,13,-2.717527281746032,29,3.7586206896551726,6.0,46.42857142857143,20.689655172413794,0.16054710114961543
armazem,2,249.9,39.45,2,0,-7.8103645833333335,2,4.0,0.0,0.0,0.0,0.15786314525810324
arneiroz,2,349.6,112.93,2,1,0.7135995370370372,2,2.5,1.0,50.0,50.0,0.32302631578947366
aroeiras,1,149.99,17.49,1,1,7.788726851851852,1,1.0,1.0,100.0,100.0,0.11660777385159009
arraial d ajuda,1,72.62,18.08,1,0,-20.412789351851853,1,4.0,0.0,0.0,0.0,0.24896722665932247
arraial d'ajuda,8,779.42,196.45,7,1,-9.54780753968254,8,4.25,1.0,14.285714285714285,12.5,0.252046393472069
arraial do cabo,29,5237.89,1171.42,28,6,-8.87500496031746,28,3.892857142857143,5.0,21.428571428571427,17.857142857142858,0.22364349003129122
arraias,2,197.9,56.33,2,0,-9.688935185185185,2,4.5,0.0,0.0,0.0,0.2846387064173825
arroio do meio,10,1425.21,222.96,9,0,-14.378332047325102,10,4.2,1.0,0.0,10.0,0.15644010356368535
arroio do sal,8,918.97,411.34,7,0,-17.621931216931216,8,4.5,0.0,0.0,0.0,0.44760982404213406
arroio do tigre,2,285.0,34.0,2,0,-8.124380787037037,2,4.5,0.0,0.0,0.0,0.11929824561403508
arroio dos ratos,9,1034.18,192.34,9,0,-17.57365997942387,9,4.666666666666667,1.0,0.0,11.11111111111111,0.18598309771993268
arroio grande,3,336.77,121.07000000000001,3,1,-7.877997685185186,3,3.3333333333333335,1.0,33.33333333333333,33.33333333333333,0.35950351872197644
arroio trinta,1,169.9,15.94,1,0,-16.086099537037036,1,4.0,0.0,0.0,0.0,0.09381989405532666
arrozal,3,833.89,78.92,3,0,-10.703344907407407,2,4.5,0.0,0.0,0.0,0.0946407799589874
artur nogueira,43,6029.68,815.62,40,0,-10.517329571759259,43,3.9069767441860463,7.0,0.0,16.27906976744186,0.13526754321954065
aruana,2,144.8,35.51,2,0,-13.720792824074074,2,5.0,0.0,0.0,0.0,0.2452348066298342
aruja,69,7614.78,1107.4,68,1,-11.409269812091503,69,4.173913043478261,9.0,1.4705882352941175,13.043478260869565,0.14542770769477256
arvoredo,1,34.3,15.1,1,0,-1.2652430555555556,1,3.0,0.0,0.0,0.0,0.44023323615160354
arvorezinha,4,262.5,66.28999999999999,4,0,-13.004386574074074,4,4.5,0.0,0.0,0.0,0.2525333333333333
ascurra,4,342.6,71.65,4,1,-6.32917824074074,4,3.75,1.0,25.0,25.0,0.2091360186806772
assai,6,861.5699999999999,158.23000000000002,5,1,-8.939194444444444,6,4.333333333333333,1.0,20.0,16.666666666666664,0.1836530984133617
assare,1,81.0,37.26,1,0,-13.269085648148149,1,5.0,0.0,0.0,0.0,0.45999999999999996
assis,84,12199.23,1620.08,84,1,-12.071025132275132,83,4.542168674698795,3.0,1.1904761904761905,3.614457831325301,0.1328018243774402
assis chateaubriand,12,1200.31,225.99,12,1,-12.141913580246914,12,3.75,3.0,8.333333333333332,25.0,0.18827636193983222
assuncao,1,80.0,52.69,1,1,17.66287037037037,1,1.0,1.0,100.0,100.0,0.658625
astolfo dutra,11,1294.52,215.17000000000002,11,1,-17.92765888047138,11,4.636363636363637,1.0,9.090909090909092,9.090909090909092,0.16621604919197852
astorga,7,411.77,144.51,7,0,-18.551474867724867,7,4.571428571428571,0.0,0.0,0.0,0.35094834494985067
atalaia,1,89.58,48.07,1,0,-21.38462962962963,1,3.0,0.0,0.0,0.0,0.5366153159187319
atalanta,1,263.99,87.01,1,0,-4.0846990740740745,1,4.0,0.0,0.0,0.0,0.32959581802341
ataleia,3,164.8,35.89,2,0,-0.7062615740740741,3,3.6666666666666665,1.0,0.0,33.33333333333333,0.21777912621359222
atibaia,159,20913.21,2873.2,154,10,-10.030342036435787,158,4.215189873417722,18.0,6.493506493506493,11.39240506329114,0.13738684783445487
atilio vivacqua,1,89.9,17.88,1,1,1.4992824074074074,1,1.0,1.0,100.0,100.0,0.19888765294771968
augustinopolis,1,107.0,37.89,1,0,-10.315324074074073,1,5.0,0.0,0.0,0.0,0.3541121495327103
augusto correa,3,347.99,92.00999999999999,3,0,-28.757187499999997,3,4.666666666666667,0.0,0.0,0.0,0.2644041495445271
augusto pestana,2,76.88,67.07,2,0,-16.695497685185185,2,2.5,1.0,0.0,50.0,0.8723985431841831
aurea,2,409.5,42.0,2,0,-19.501475694444444,2,5.0,0.0,0.0,0.0,0.10256410256410256
auriflama,10,1871.6599999999999,158.11,10,0,-9.487690972222222,10,4.6,1.0,0.0,10.0,0.0844758129147388
aurilandia,1,122.99,53.21,1,0,-14.391423611111112,1,4.0,0.0,0.0,0.0,0.4326367997398163
aurora,5,739.59,130.57999999999998,5,0,-16.294497685185185,5,4.8,0.0,0.0,0.0,0.1765572817371787
aurora do para,1,78.0,37.46,1,0,-21.28820601851852,1,5.0,0.0,0.0,0.0,0.48025641025641025
avai,1,179.99,47.97,0,0,,1,1.0,1.0,,100.0,0.2665148063781321
avanhandava,7,757.6800000000001,147.65,7,0,-11.764011243386244,7,4.142857142857143,1.0,0.0,14.285714285714285,0.19487118572484424
avare,64,8382.97,1330.5,63,4,-10.684359935332157,64,4.109375,9.0,6.349206349206349,14.0625,0.15871463216497256
avelar,4,606.0,218.23999999999998,4,1,-10.13355324074074,4,3.75,1.0,25.0,25.0,0.3601320132013201
avelino lopes,2,72.89,69.83,2,0,-17.748229166666665,2,4.5,0.0,0.0,0.0,0.9580189326382219
azurita,3,169.70000000000002,51.15,3,2,-3.7030748456790126,3,4.333333333333333,0.0,66.66666666666666,0.0,0.3014142604596346
bacabal,11,3243.71,639.79,11,0,-13.374728535353535,11,4.0,2.0,0.0,18.181818181818183,0.19724019718162225
bacaxa,1,57.9,14.61,1,0,-27.287465277777777,1,4.0,0.0,0.0,0.0,0.2523316062176166
bacuri,3,315.42,128.79,3,0,-28.115405092592592,3,2.6666666666666665,1.0,0.0,33.33333333333333,0.4083127258892904
bady bassitt,7,594.7,111.0,6,0,-15.078950617283951,7,3.7142857142857144,1.0,0.0,14.285714285714285,0.18664873045232888
baependi,8,1409.04,178.35,8,0,-15.210095486111111,8,4.875,0.0,0.0,0.0,0.1265755407937319
bage,65,9435.64,1356.26,62,8,-11.305941606929512,65,4.2615384615384615,8.0,12.903225806451612,12.307692307692308,0.14373799763450068
baguari,1,49.0,15.1,0,0,,1,5.0,0.0,,0.0,0.3081632653061224
baianopolis,2,416.3,76.98,2,0,-12.630873842592592,2,4.0,0.0,0.0,0.0,0.18491472495796302
baixa grande,1,44.0,22.24,1,0,-7.361365740740741,1,3.0,0.0,0.0,0.0,0.5054545454545454
baixa grande do ribeiro,1,159.99,53.48,1,0,-12.227673611111111,1,4.0,0.0,0.0,0.0,0.3342708919307456
baixo guandu,8,1399.1,218.07,8,0,-14.836589988425926,8,4.75,0.0,0.0,0.0,0.155864484311343
balbinos,1,55.32,13.97,1,0,-13.235486111111111,1,5.0,0.0,0.0,0.0,0.252530730296457
baldim,2,650.99,48.05,2,0,-12.029230324074074,2,5.0,0.0,0.0,0.0,0.07381065761378823
balneario arroio do silva,4,379.88,70.78999999999999,4,0,-13.56128761574074,4,4.5,0.0,0.0,0.0,0.18634832052227018
balneario barra do sul,4,393.3,89.32000000000001,4,0,-21.465480324074072,4,4.75,0.0,0.0,0.0,0.22710399186371727
balneario camboriu,100,16958.38,2450.52,97,16,-9.25899066914853,99,4.232323232323233,12.0,16.49484536082474,12.121212121212121,0.14450201021559841
balneario gaivota,3,282.3,46.82,3,0,-10.317908950617284,3,3.3333333333333335,1.0,0.0,33.33333333333333,0.16585193057031525
balneario picarras,10,1501.81,225.23,8,1,-12.621462673611111,10,3.7,1.0,12.5,10.0,0.14997236667754243
balneario pinhal,8,898.57,145.37,7,0,-16.634239417989416,8,4.5,0.0,0.0,0.0,0.16177927150917568
balneario rincao,3,393.0,51.3,3,1,-2.192800925925926,3,4.666666666666667,0.0,33.33333333333333,0.0,0.13053435114503817
balsa nova,1,19.45,14.52,1,0,-7.553067129629629,1,5.0,0.0,0.0,0.0,0.7465295629820051
balsamo,6,1257.23,126.25,6,0,-15.650507330246915,6,3.6666666666666665,1.0,0.0,16.666666666666664,0.10041917548897178
balsas,17,5274.43,1333.31,17,5,-7.7220043572984745,17,3.5294117647058822,5.0,29.411764705882355,29.411764705882355,0.2527875050005403
bambui,18,2206.67,352.01,18,1,-14.459420010288065,18,4.111111111111111,4.0,5.555555555555555,22.22222222222222,0.1595209070681162
banabuiu,1,79.0,60.61,1,0,-13.192685185185185,1,5.0,0.0,0.0,0.0,0.7672151898734177
bananal,6,716.65,139.06,5,0,-11.469905092592592,6,3.0,2.0,0.0,33.33333333333333,0.19404172190050933
bananeiras,5,295.24,249.5,5,1,-18.902217592592592,5,3.2,2.0,20.0,40.0,0.8450751930632705
bandeira,3,347.71,71.5,3,0,-15.520254629629628,3,2.3333333333333335,2.0,0.0,66.66666666666666,0.20563112938943373
bandeira do sul,2,414.9,51.4,2,0,-22.353935185185186,2,5.0,0.0,0.0,0.0,0.12388527355989395
bandeirantes,14,1818.1,295.53,14,0,-11.408288690476189,14,3.857142857142857,3.0,0.0,21.428571428571427,0.16254881469666135
bandeirantes d'oeste,1,49.99,15.1,1,0,-12.04349537037037,1,5.0,0.0,0.0,0.0,0.30206041208241646
bandeirantes do tocantins,2,369.98,62.22,2,0,-19.196105324074075,2,4.5,0.0,0.0,0.0,0.16817125250013512
banzae,1,99.99,27.43,1,1,4.013229166666667,1,3.0,0.0,100.0,0.0,0.2743274327432743
barao,1,31.9,25.63,1,0,-24.585381944444446,1,5.0,0.0,0.0,0.0,0.803448275862069
barao ataliba nogueira,1,1300.0,51.51,1,0,-9.212627314814815,1,5.0,0.0,0.0,0.0,0.03962307692307692
barao de cocais,18,1958.4,494.54,18,0,-15.997092335390947,18,3.7777777777777777,3.0,0.0,16.666666666666664,0.25252246732026146
barao de cotegipe,2,126.88999999999999,27.82,2,0,-12.652575231481482,2,5.0,0.0,0.0,0.0,0.2192450153676413
barao de juparana,1,28.49,18.23,1,0,-22.9846875,1,4.0,0.0,0.0,0.0,0.6398736398736399
barao do triunfo,1,79.99,19.15,1,0,-6.604467592592592,1,4.0,0.0,0.0,0.0,0.23940492561570195
barauna,1,229.99,58.38,1,0,-13.10491898148148,1,4.0,0.0,0.0,0.0,0.25383712335318925
barbacena,80,12296.61,2025.09,79,4,-14.149873710736054,79,4.227848101265823,9.0,5.063291139240507,11.39240506329114,0.1646868527179442
barbalha,6,1302.98,212.43,6,2,-2.757845293209877,6,4.5,0.0,33.33333333333333,0.0,0.1630339682880781
barbosa ferraz,3,497.9,64.67,3,0,-18.330381944444444,3,4.666666666666667,0.0,0.0,0.0,0.12988551918055835
barcarena,6,1084.17,239.5,6,1,-14.531259645061729,6,3.3333333333333335,2.0,16.666666666666664,33.33333333333333,0.22090631543023695
bariri,15,2706.45,368.77,15,0,-14.315838734567903,15,4.0,3.0,0.0,20.0,0.1362559810822295
barra,2,143.9,50.94,2,1,-2.8373379629629643,2,4.0,0.0,50.0,0.0,0.353995830437804
barra bonita,29,4122.43,560.52,28,1,-12.148829778439152,29,4.068965517241379,5.0,3.571428571428571,17.24137931034483,0.13596834876517006
barra da estiva,7,860.57,212.10999999999999,7,0,-20.949459325396823,6,4.666666666666667,0.0,0.0,0.0,0.24647617276921108
barra de guabiraba,2,486.4,79.4,2,0,-17.84152199074074,2,5.0,0.0,0.0,0.0,0.1632401315789474
barra de santa rosa,2,400.4,71.92,1,0,-22.970439814814814,2,1.5,2.0,0.0,100.0,0.17962037962037963
barra de santo antonio,2,567.0,62.12,2,0,-5.266973379629629,2,4.5,0.0,0.0,0.0,0.10955908289241623
barra de sao francisco,10,740.66,188.62,9,1,-12.332179783950616,10,3.7,3.0,11.11111111111111,30.0,0.25466475845867204
barra de sao joao,13,2440.85,394.53,13,1,-15.352881054131055,12,3.25,4.0,7.6923076923076925,33.33333333333333,0.16163631521805927
barra de sao miguel,2,155.98000000000002,70.66,2,0,-19.429172453703703,2,5.0,0.0,0.0,0.0,0.4530067957430439
barra do bugres,4,840.25,103.4,4,0,-11.353559027777777,4,4.0,1.0,0.0,25.0,0.12305861350788456
barra do choca,3,799.0,78.49,3,0,-14.342048611111112,3,4.333333333333333,0.0,0.0,0.0,0.09823529411764705
barra do corda,7,889.89,464.44,7,0,-15.863493716931217,7,4.285714285714286,1.0,0.0,14.285714285714285,0.5219072020137321
barra do garcas,25,4076.2000000000003,848.1,25,0,-19.313978703703704,25,4.2,2.0,0.0,8.0,0.20806142976301456
barra do jacare,1,57.9,13.53,1,0,-13.414224537037038,1,5.0,0.0,0.0,0.0,0.23367875647668393
barra do mendes,3,323.99,59.29,3,0,-7.335671296296296,3,5.0,0.0,0.0,0.0,0.18299947529244728
barra do pirai,54,5543.41,1050.49,49,4,-10.139324452003024,54,3.9074074074074074,10.0,8.16326530612245,18.51851851851852,0.1895024903443909
barra do ribeiro,5,553.78,189.10999999999999,5,0,-16.272238425925927,5,4.8,0.0,0.0,0.0,0.34148940012279244
barra do rio azul,1,99.0,49.71,1,0,-13.229861111111111,1,1.0,1.0,0.0,100.0,0.5021212121212121
barra do tarrachil,3,272.9,87.04,3,1,-18.722168209876543,3,4.0,0.0,33.33333333333333,0.0,0.31894466837669483
barra do turvo,3,293.9,86.6,3,1,-1.8533179012345673,3,2.0,2.0,33.33333333333333,66.66666666666666,0.2946580469547465
barra dos coqueiros,3,484.82000000000005,144.64,3,2,8.401246141975308,3,3.6666666666666665,1.0,66.66666666666666,33.33333333333333,0.29833752732973057
barra longa,1,1300.0,41.55,1,0,-14.139548611111111,1,5.0,0.0,0.0,0.0,0.03196153846153846
barra mansa,123,20086.96,2955.84,119,22,-8.85545489028945,122,3.8442622950819674,25.0,18.487394957983195,20.491803278688526,0.14715218231131044
barra velha,16,1684.01,330.4,15,3,-6.437719907407408,16,3.9375,3.0,20.0,18.75,0.19619835986722167
barracao,3,118.47999999999999,48.23,3,0,-13.304621913580247,3,3.0,1.0,0.0,33.33333333333333,0.4070729237002026
barras,3,210.88,80.8,3,2,-2.445760030864197,3,4.333333333333333,0.0,66.66666666666666,0.0,0.38315629742033386
barreira,1,123.89,18.12,1,0,-16.14962962962963,1,5.0,0.0,0.0,0.0,0.14625877794817985
barreiras,52,11043.93,1901.83,51,3,-10.127086737472768,51,3.980392156862745,9.0,5.88235294117647,17.647058823529413,0.17220590858507795
barreirinhas,4,361.42,129.31,4,0,-26.102592592592593,4,5.0,0.0,0.0,0.0,0.35778318853411545
barreiros,6,1381.1599999999999,272.54,5,0,-16.337627314814814,5,3.8,1.0,0.0,20.0,0.1973268846476875
barretos,73,9500.97,1359.67,69,3,-12.525025496511004,73,4.232876712328767,7.0,4.3478260869565215,9.58904109589041,0.143108545759012
barrinha,20,3036.93,402.64,18,3,-3.700579346707819,20,4.05,4.0,16.666666666666664,20.0,0.1325812580467775
barro,4,621.89,147.13,4,1,-7.980891203703704,4,3.25,1.0,25.0,25.0,0.23658524819501842
barro alto,3,189.89000000000001,65.62,3,0,-15.938942901234569,3,5.0,0.0,0.0,0.0,0.34556848701880033
barro preto,1,118.8,27.78,1,0,-12.366469907407408,1,5.0,0.0,0.0,0.0,0.23383838383838385
barrocas,1,99.99,18.27,1,0,-17.195266203703703,1,5.0,0.0,0.0,0.0,0.18271827182718273
barrolandia,2,80.99,43.55,2,0,-12.392002314814814,2,5.0,0.0,0.0,0.0,0.5377207062600321
barros cassal,3,729.0,71.36000000000001,3,0,-11.602183641975309,3,5.0,0.0,0.0,0.0,0.09788751714677643
barroso,11,1289.96,285.56,11,1,-15.099488636363635,11,3.6363636363636362,3.0,9.090909090909092,27.27272727272727,0.22137120530869173
barueri,433,51328.35,7263.29,419,21,-10.150944461018298,433,4.140877598152425,63.0,5.011933174224343,14.549653579676674,0.14150639948488505
bastos,17,1399.6,274.34,17,0,-16.088268654684097,17,4.705882352941177,0.0,0.0,0.0,0.1960131466133181
bataguassu,5,613.0,119.92,5,0,-13.834423611111111,5,4.8,0.0,0.0,0.0,0.19562805872756933
bataipora,1,135.3,44.8,1,0,-16.293298611111112,1,5.0,0.0,0.0,0.0,0.33111603843311155
batalha,3,214.79000000000002,93.31,3,0,-17.899494598765433,3,4.666666666666667,0.0,0.0,0.0,0.43442432143023413
batatais,28,5574.8,583.41,27,1,-13.060155606995885,28,3.9642857142857144,6.0,3.7037037037037033,21.428571428571427,0.10465128793858075
bataypora,2,256.89,35.13,2,0,-17.092690972222222,2,4.5,0.0,0.0,0.0,0.13675113861964266
baturite,3,447.97,103.12,3,0,-13.733827160493826,3,5.0,0.0,0.0,0.0,0.23019398620443332
bauru,273,39462.26,5501.08,263,9,-12.486554138501619,273,4.146520146520147,38.0,3.4220532319391634,13.91941391941392,0.1394010378523683
bayeux,7,808.05,331.36,7,0,-24.232599206349203,7,3.857142857142857,2.0,0.0,28.57142857142857,0.41007363405729846
bebedouro,51,4992.89,1147.62,51,3,-11.748105482933914,51,4.333333333333333,6.0,5.88235294117647,11.76470588235294,0.2298508479057219
beberibe,3,1736.7,87.21,3,1,-2.102337962962963,3,3.0,1.0,33.33333333333333,33.33333333333333,0.0502159267576438
bela cruz,4,899.9,124.57000000000001,4,0,-21.205772569444445,4,4.75,0.0,0.0,0.0,0.13842649183242584
bela vista,3,466.38,56.5,3,0,-11.101844135802468,3,4.333333333333333,0.0,0.0,0.0,0.12114584673442258
bela vista de goias,7,608.66,144.69,7,0,-15.861167328042328,7,4.142857142857143,1.0,0.0,14.285714285714285,0.23771892353695004
bela vista de minas,1,119.9,14.61,1,0,-8.636319444444444,1,4.0,0.0,0.0,0.0,0.12185154295246037
bela vista do maranhao,1,49.0,34.15,1,1,10.008229166666666,1,2.0,1.0,100.0,100.0,0.696938775510204
bela vista do paraiso,3,515.49,143.0,3,0,-16.713198302469134,3,2.0,2.0,0.0,66.66666666666666,0.2774059632582591
belem,447,80977.48,15684.14,431,42,-13.650560389275586,443,3.851015801354402,85.0,9.744779582366588,19.187358916478555,0.19368520729467006
belem do sao francisco,2,654.5,116.52,2,0,-18.109114583333334,2,5.0,0.0,0.0,0.0,0.17802902979373567
belford roxo,111,13932.95,2619.37,104,9,-13.122543068910257,109,3.6513761467889907,27.0,8.653846153846153,24.770642201834864,0.18799823440118565
belmonte,2,187.69,74.86,2,0,-11.462893518518518,2,1.5,2.0,0.0,100.0,0.3988491661782727
belo campo,3,174.47,83.17,3,0,-17.900667438271604,3,5.0,0.0,0.0,0.0,0.47670086547830576
belo horizonte,2773,355611.13,61122.26,2697,166,-11.901479451619771,2754,4.108750907770515,375.0,6.154987022617724,13.616557734204793,0.17187949094844135
belo jardim,12,1698.13,459.56,11,1,-17.50554292929293,12,4.333333333333333,1.0,9.090909090909092,8.333333333333332,0.27062710157643993
belo oriente,5,620.39,212.63000000000002,5,0,-18.481247685185185,5,4.8,0.0,0.0,0.0,0.3427360208900853
belo vale,3,313.8,60.68,3,0,-23.574016203703703,3,4.666666666666667,0.0,0.0,0.0,0.19337157425111534
bemposta,1,32.0,16.11,1,0,-14.188263888888889,1,5.0,0.0,0.0,0.0,0.5034375
benedito leite,1,95.9,38.22,1,0,-1.1364583333333333,1,4.0,0.0,0.0,0.0,0.39854014598540144
benedito novo,6,945.74,148.03,6,0,-15.223198302469136,6,3.1666666666666665,2.0,0.0,33.33333333333333,0.15652293442172266
benevides,2,228.89000000000001,114.14,2,1,-1.7480324074074076,1,5.0,0.0,50.0,0.0,0.4986674821966883
bento de abreu,2,327.98,43.5,2,0,-17.88478587962963,2,5.0,0.0,0.0,0.0,0.13263003841697663
bento goncalves,56,6828.56,1530.79,53,1,-14.366338443396227,55,4.163636363636364,7.0,1.8867924528301887,12.727272727272727,0.22417464297011375
bequimao,1,349.9,36.25,1,0,-14.286678240740741,1,4.0,0.0,0.0,0.0,0.10360102886539012
berilo,1,55.9,22.32,1,0,-8.980081018518518,1,4.0,0.0,0.0,0.0,0.39928443649373885
berizal,1,189.9,32.08,1,0,-7.401087962962963,1,5.0,0.0,0.0,0.0,0.16893101632438123
bernardino de campos,4,256.09000000000003,72.78,4,1,-11.292719907407408,4,4.75,0.0,25.0,0.0,0.2841969620055449
bertioga,49,9520.550000000001,1070.07,47,5,-10.73804866036249,49,3.8979591836734695,10.0,10.638297872340425,20.408163265306122,0.11239581746852859
bertolinia,1,411.0,72.87,1,0,-12.273032407407408,1,5.0,0.0,0.0,0.0,0.1772992700729927
bertopolis,1,65.9,16.22,1,1,10.779363425925926,1,4.0,0.0,100.0,0.0,0.2461305007587253
betim,203,29992.31,4357.61,196,11,-11.453188716458804,198,4.141414141414141,27.0,5.612244897959184,13.636363636363635,0.14529090956981972
bezerros,11,1337.29,402.65999999999997,10,0,-16.916552083333336,11,4.454545454545454,0.0,0.0,0.0,0.30110148135408177
bias fortes,2,80.9,27.58,2,0,-13.81681712962963,2,4.5,0.0,0.0,0.0,0.3409147095179233
bicas,7,727.65,140.9,7,0,-14.6397123015873,7,5.0,0.0,0.0,0.0,0.19363705077990795
biguacu,25,4301.2,568.92,22,5,-7.695486111111111,24,3.75,5.0,22.727272727272727,20.833333333333336,0.1322700641681391
bilac,9,710.52,171.39,7,0,-16.691863425925927,9,3.5555555555555554,2.0,0.0,22.22222222222222,0.2412176997128863
birigui,79,14611.34,2015.49,78,4,-12.241935689696106,79,4.3544303797468356,8.0,5.128205128205128,10.126582278481013,0.1379401204817628
biritiba-mirim,10,1381.72,198.05,10,0,-17.001425925925925,10,4.9,0.0,0.0,0.0,0.1433358422835307
biritinga,1,120.0,27.57,1,0,-13.100474537037037,1,2.0,1.0,0.0,100.0,0.22975
bituruna,5,433.38,164.85,5,0,-11.141175925925925,5,4.6,0.0,0.0,0.0,0.38038211269555583
blumenau,188,24755.36,4487.56,181,13,-12.477408750255782,188,4.154255319148936,22.0,7.18232044198895,11.702127659574469,0.18127629733520337
boa esperanca,20,4166.39,622.84,20,1,-12.489129050925927,20,4.45,0.0,5.0,0.0,0.14949152623734216
boa esperanca do iguacu,1,35.9,15.1,1,0,-9.245810185185185,1,4.0,0.0,0.0,0.0,0.42061281337047357
boa esperanca do sul,11,836.9,175.72,11,1,-11.982633627946127,10,4.3,0.0,9.090909090909092,0.0,0.20996534830923647
boa ventura,1,14.9,16.79,1,0,-20.174328703703704,1,3.0,0.0,0.0,0.0,1.1268456375838924
boa viagem,3,450.99,95.77,3,1,-7.281655092592593,3,3.3333333333333335,1.0,33.33333333333333,33.33333333333333,0.2123550411317324
boa vista,45,7739.53,2153.4,40,5,-16.028688078703702,45,3.6,11.0,12.5,24.444444444444443,0.27823394960675907
boa vista da aparecida,4,202.47,62.16,4,0,-16.935633680555554,4,3.75,0.0,0.0,0.0,0.3070084456956586
boa vista das missoes,1,349.9,17.66,1,0,-38.490324074074074,1,4.0,0.0,0.0,0.0,0.05047156330380109
boa vista do burica,1,229.99,22.1,1,0,-13.364155092592593,1,5.0,0.0,0.0,0.0,0.0960911343971477
boa vista do cadeado,1,429.98,35.0,1,0,-6.377523148148148,1,3.0,0.0,0.0,0.0,0.08139913484348109
boa vista do gurupi,2,93.89,60.86,2,1,13.257262731481482,2,2.0,1.0,50.0,50.0,0.6482053466822878
boa vista do sul,1,27.99,18.23,1,0,-18.53300925925926,1,4.0,0.0,0.0,0.0,0.6513040371561273
boca da mata,2,219.73000000000002,78.30000000000001,2,0,-34.38627893518519,2,4.0,0.0,0.0,0.0,0.3563464251581487
bocaina,7,1506.8,212.44,7,0,-13.672797619047618,7,4.857142857142857,0.0,0.0,0.0,0.14098752322803293
bocaiuva,13,1618.27,324.95,13,0,-16.366339921652422,13,4.230769230769231,1.0,0.0,7.6923076923076925,0.20080085523429342
bocaiuva do sul,2,49.89,22.81,2,0,-14.152436342592592,2,5.0,0.0,0.0,0.0,0.45720585287632787
bodo,1,48.9,35.67,1,0,-10.108645833333334,1,5.0,0.0,0.0,0.0,0.7294478527607362
bodoco,2,202.8,66.22999999999999,2,0,-17.18107638888889,2,4.5,0.0,0.0,0.0,0.3265779092702169
bodoquena,2,428.0,67.53,2,0,-9.253674768518518,2,5.0,0.0,0.0,0.0,0.1577803738317757
bofete,6,2157.59,284.0,5,1,-6.7724375,6,3.3333333333333335,2.0,20.0,33.33333333333333,0.13162834458817477
boituva,50,7412.05,1144.83,47,1,-12.759301861702129,50,4.04,9.0,2.127659574468085,18.0,0.1544552451750865
bom conselho,7,1624.93,223.39,7,0,-16.396772486772488,7,4.0,0.0,0.0,0.0,0.1374766913036254
bom despacho,39,4680.53,874.0699999999999,38,0,-13.896622807017545,39,4.0256410256410255,4.0,0.0,10.256410256410255,0.18674594543780298
bom jardim,17,2693.0499999999997,387.03000000000003,16,2,-8.474155092592593,17,4.0588235294117645,3.0,12.5,17.647058823529413,0.14371437589350367
bom jardim de goias,1,10.0,15.1,1,0,-4.074351851851852,1,1.0,1.0,0.0,100.0,1.51
bom jardim de minas,8,866.87,201.51,8,0,-12.180813078703704,8,3.75,2.0,0.0,25.0,0.23245700047296594
bom jesus,14,2673.26,574.57,13,0,-12.664800569800569,14,4.142857142857143,3.0,0.0,21.428571428571427,0.21493232981453356
bom jesus da lapa,9,2829.63,324.06,9,0,-13.685479681069959,9,4.555555555555555,1.0,0.0,11.11111111111111,0.1145238069995017
bom jesus da penha,2,85.89,34.95,2,0,-18.076313657407407,2,5.0,0.0,0.0,0.0,0.40691582256374437
bom jesus da serra,2,279.89,42.400000000000006,2,0,-13.289056712962964,2,4.0,0.0,0.0,0.0,0.15148808460466615
bom jesus das selvas,2,175.9,125.52,2,0,-14.688252314814815,2,3.5,0.0,0.0,0.0,0.7135872654917567
bom jesus do amparo,1,199.89,18.65,1,0,-21.151006944444443,1,5.0,0.0,0.0,0.0,0.09330131572364801
bom jesus do araguaia,1,1199.9,47.39,1,0,-4.452893518518518,1,5.0,0.0,0.0,0.0,0.03949495791315943
bom jesus do galho,4,4795.289999999999,128.51999999999998,4,0,-14.521461226851851,4,5.0,0.0,0.0,0.0,0.026801298774422402
bom jesus do itabapoana,21,3405.91,605.36,20,3,-9.395371527777778,21,3.5714285714285716,6.0,15.0,28.57142857142857,0.17773810817079724
bom jesus do norte,4,699.89,81.96000000000001,4,0,-10.089076967592593,4,4.25,0.0,0.0,0.0,0.11710411636114249
bom jesus do querendo,1,149.0,39.55,1,0,-7.421076388888889,1,5.0,0.0,0.0,0.0,0.26543624161073825
bom jesus do sul,1,199.9,45.2,1,0,-13.449398148148148,1,5.0,0.0,0.0,0.0,0.22611305652826413
bom jesus do tocantins,3,407.9,98.56,3,0,-15.197334104938271,3,3.6666666666666665,0.0,0.0,0.0,0.2416278499632263
bom jesus dos perdoes,18,1608.73,312.04,17,1,-10.554714052287583,18,3.611111111111111,5.0,5.88235294117647,27.77777777777778,0.19396666936030285
bom principio,6,1003.11,137.64,6,1,-11.045588348765433,6,4.166666666666667,1.0,16.666666666666664,16.666666666666664,0.1372132667404372
bom repouso,4,402.29,85.66,4,1,-7.312471064814814,4,4.0,1.0,25.0,25.0,0.21293097019563
bom retiro,1,70.0,18.37,1,0,-34.26233796296296,1,5.0,0.0,0.0,0.0,0.26242857142857146
bom retiro do sul,3,1379.0,105.21,2,0,-12.194380787037037,2,3.0,1.0,0.0,50.0,0.07629441624365482
bom sucesso,5,946.5899999999999,155.89,5,0,-14.39024074074074,5,4.6,0.0,0.0,0.0,0.1646858724474165
bombinhas,15,1935.4099999999999,369.89,15,1,-11.376858796296297,15,4.133333333333334,2.0,6.666666666666667,13.333333333333334,0.19111712763703814
bonfim,5,319.74,160.5,5,0,-24.005564814814814,5,4.0,1.0,0.0,20.0,0.5019703509101144
bonfim paulista,18,2457.37,392.8,18,1,-10.571463477366256,18,4.388888888888889,2.0,5.555555555555555,11.11111111111111,0.15984568868342985
bonfinopolis,2,441.87,70.73,2,0,-12.830335648148148,2,2.0,1.0,0.0,50.0,0.16006970375902416
bonfinopolis de minas,2,1387.2,46.55,2,0,-15.623559027777777,2,3.0,1.0,0.0,50.0,0.03355680507497116
boninal,2,717.6999999999999,192.10000000000002,2,0,-25.416822916666668,2,4.0,0.0,0.0,0.0,0.26766058241605134
bonito,17,2910.96,431.7,17,3,-11.249957107843137,17,4.0588235294117645,2.0,17.647058823529413,11.76470588235294,0.14830159122763623
bonito de minas,1,99.99,15.45,1,0,-1.1559953703703705,1,4.0,0.0,0.0,0.0,0.1545154515451545
bonito de santa fe,1,119.6,43.25,1,0,-15.274212962962963,1,5.0,0.0,0.0,0.0,0.3616220735785953
boqueirao do leao,2,227.9,72.24,2,0,-8.170734953703704,2,4.0,0.0,0.0,0.0,0.3169811320754717
boquim,1,163.9,57.92,0,0,,1,1.0,1.0,,100.0,0.3533862111043319
boquira,1,69.9,25.77,1,0,-8.34851851851852,1,4.0,0.0,0.0,0.0,0.3686695278969957
bora,1,119.9,19.81,1,0,-12.211226851851851,1,5.0,0.0,0.0,0.0,0.16522101751459548
boraceia,1,29.0,10.96,1,0,-10.464201388888888,1,5.0,0.0,0.0,0.0,0.37793103448275867
borborema,9,842.9499999999999,132.6,8,0,-13.266031539351852,9,4.555555555555555,0.0,0.0,0.0,0.1573047037190818
borda da mata,6,897.53,164.72,6,0,-13.38527199074074,6,4.5,0.0,0.0,0.0,0.18352589885574855
borrazopolis,2,259.59000000000003,52.64,2,0,-6.315451388888889,2,5.0,0.0,0.0,0.0,0.2027813089872491
bossoroca,1,155.99,57.35,1,0,-16.204212962962963,1,5.0,0.0,0.0,0.0,0.3676517725495224
botelho,1,189.98,75.06,1,0,-16.07949074074074,1,4.0,0.0,0.0,0.0,0.39509422044425735
botelhos,8,1240.01,216.46,8,0,-11.870694444444444,8,4.375,1.0,0.0,12.5,0.17456310836202935
botucatu,101,17179.5,1873.58,100,4,-12.23043472222222,101,4.138613861386139,15.0,4.0,14.85148514851485,0.10905905294100526
botupora,1,325.0,21.51,1,0,-0.5474421296296297,1,5.0,0.0,0.0,0.0,0.06618461538461538
botuvera,2,181.9,33.269999999999996,2,0,-11.415648148148147,2,3.5,0.0,0.0,0.0,0.18290269378779547
braco do norte,20,2962.4700000000003,460.95,20,0,-12.99762037037037,20,3.9,5.0,0.0,25.0,0.1555965123697455
braco do rio,2,101.49,37.44,2,1,-0.6597106481481482,2,3.5,0.0,50.0,0.0,0.3689033402305646
braganca,9,1083.96,353.31,9,0,-20.775895061728395,9,4.0,1.0,0.0,11.11111111111111,0.3259437617624267
braganca paulista,146,20127.62,2555.61,144,3,-11.219242541152262,144,4.256944444444445,15.0,2.083333333333333,10.416666666666668,0.1269703024997491
bras pires,2,76.8,31.22,2,0,-12.214791666666667,2,4.5,0.0,0.0,0.0,0.40651041666666665
brasil novo,3,304.9,91.2,3,0,-15.55073688271605,3,4.0,0.0,0.0,0.0,0.2991144637586094
brasilandia,1,59.9,15.17,1,0,-7.080486111111111,1,5.0,0.0,0.0,0.0,0.25325542570951587
brasilandia de minas,2,76.25,22.24,1,1,2.075601851851852,2,1.0,2.0,100.0,100.0,0.291672131147541
brasileia,1,59.699999999999996,79.83,1,0,-10.410960648148148,1,5.0,0.0,0.0,0.0,1.3371859296482413
brasilia,2131,301920.25,50384.89,2071,147,-11.333708537877568,2119,4.067248702218027,314.0,7.098020280057943,14.818310523831995,0.16688145296647044
brasilia de minas,9,671.74,251.18,9,0,-17.848984053497944,9,4.777777777777778,0.0,0.0,0.0,0.37392443504927503
brasopolis,1,99.99,15.91,1,0,-7.466076388888889,1,5.0,0.0,0.0,0.0,0.15911591159115912
brauna,5,400.79,81.56,5,1,-8.087305555555556,5,4.8,0.0,20.0,0.0,0.20349809126974225
braunas,1,89.9,15.38,1,0,-15.51537037037037,1,3.0,0.0,0.0,0.0,0.1710789766407119
brazabrantes,2,53.5,29.2,2,0,-8.272644675925926,2,4.5,0.0,0.0,0.0,0.5457943925233645
brazopolis,6,856.13,159.37,6,0,-14.727623456790122,6,4.833333333333333,0.0,0.0,0.0,0.18615163584969574
brejetuba,1,128.89,15.65,1,0,-4.071273148148149,1,5.0,0.0,0.0,0.0,0.12142136705718055
brejo,1,99.99,38.25,1,0,-6.229849537037037,1,5.0,0.0,0.0,0.0,0.38253825382538253
brejo bonito,1,139.9,14.0,1,0,-7.578344907407407,1,5.0,0.0,0.0,0.0,0.10007147962830593
brejo da madre de deus,4,410.8,101.93,4,0,-14.697025462962964,4,4.25,0.0,0.0,0.0,0.24812560856864654
brejo do cruz,1,1160.0,57.78,1,0,-18.370231481481483,1,5.0,0.0,0.0,0.0,0.04981034482758621
brejo dos santos,1,89.99,35.95,1,0,-26.623171296296295,1,5.0,0.0,0.0,0.0,0.3994888320924548
brejo grande,1,249.0,19.84,1,0,-13.317835648148149,1,5.0,0.0,0.0,0.0,0.07967871485943775
brejo santo,10,1529.8600000000001,419.49,10,2,-4.4107314814814815,10,3.5,3.0,20.0,30.0,0.27420156092714365
brejoes,1,124.9,18.44,1,0,-12.184895833333334,1,5.0,0.0,0.0,0.0,0.1476381104883907
brejolandia,1,13.98,20.8,1,1,0.4096412037037037,1,4.0,0.0,100.0,0.0,1.4878397711015736
breu branco,3,481.74,93.96000000000001,3,1,-5.247635030864198,3,3.0,1.0,33.33333333333333,33.33333333333333,0.19504296923651765
breves,1,609.0,101.19,1,0,-23.26184027777778,1,5.0,0.0,0.0,0.0,0.1661576354679803
britania,1,89.99,15.38,1,0,-20.481620370370372,1,4.0,0.0,0.0,0.0,0.17090787865318371
brodowski,10,1020.54,204.05,9,0,-11.619846965020576,10,3.3,4.0,0.0,40.0,0.19994316734277934
brotas,12,1073.08,196.79999999999998,12,0,-14.204731867283952,12,4.416666666666667,0.0,0.0,0.0,0.18339732359190367
brotas de macaubas,1,168.0,17.62,1,0,-12.488125,1,5.0,0.0,0.0,0.0,0.10488095238095238
brumadinho,26,2258.23,537.01,26,1,-14.404693732193731,26,4.576923076923077,2.0,3.8461538461538463,7.6923076923076925,0.2378012868485495
brumado,22,2748.75,725.4399999999999,21,2,-12.756483134920634,22,4.318181818181818,1.0,9.523809523809524,4.545454545454546,0.2639163256025466
brusque,60,8421.55,1293.27,60,4,-10.628066936728395,59,4.389830508474576,5.0,6.666666666666667,8.47457627118644,0.1535667424642732
bueno brandao,4,172.02,66.31,4,1,-10.628359375,4,4.0,0.0,25.0,0.0,0.385478432740379
buenopolis,5,1450.38,247.70999999999998,4,0,-11.661744791666667,5,3.2,2.0,0.0,40.0,0.17078972407231205
buenos aires,2,247.9,63.93,2,0,-17.81757523148148,2,4.5,0.0,0.0,0.0,0.25788624445340863
buerarema,4,1420.8,89.52,3,2,3.2384104938271605,4,2.5,2.0,66.66666666666666,50.0,0.06300675675675675
bugre,1,187.9,21.4,1,0,-21.279224537037038,1,4.0,0.0,0.0,0.0,0.11389036721660456
buique,1,235.0,18.09,1,0,-14.273599537037038,1,5.0,0.0,0.0,0.0,0.07697872340425532
buri,10,938.3199999999999,165.07,10,1,-12.239908564814815,10,4.4,0.0,10.0,0.0,0.17592079461164636
buritama,9,1024.24,210.18,9,2,-10.50857896090535,9,3.5555555555555554,2.0,22.22222222222222,22.22222222222222,0.20520581113801453
buriti,1,151.79,78.12,1,0,-19.633715277777778,1,1.0,1.0,0.0,100.0,0.5146584096449042
buriti alegre,1,29.99,18.23,1,0,-17.07726851851852,1,5.0,0.0,0.0,0.0,0.6078692897632545
buriti do tocantins,1,59.9,26.89,1,0,-6.725081018518519,1,5.0,0.0,0.0,0.0,0.4489148580968281
buriti dos lopes,2,268.9,87.91999999999999,2,0,-18.552175925925926,2,3.5,0.0,0.0,0.0,0.3269616957976943
buriticupu,5,640.77,278.26,4,0,-23.048289930555555,5,4.4,0.0,0.0,0.0,0.4342587824024221
buritirama,2,251.9,34.21,2,2,7.209172453703704,2,2.5,1.0,100.0,50.0,0.13580786026200872
buritis,16,1997.2,414.0,15,0,-12.429837191358024,16,4.1875,2.0,0.0,12.5,0.20729020628880432
buritizal,2,66.99,35.89,2,0,-3.2360706018518517,2,5.0,0.0,0.0,0.0,0.535751604717122
buritizeiro,9,2987.99,327.52,8,0,-14.112594039351851,9,3.888888888888889,2.0,0.0,22.22222222222222,0.10961214729634303
butia,6,1112.69,165.23,6,0,-13.479261188271606,6,5.0,0.0,0.0,0.0,0.14849598720218568
caarapo,4,1310.49,137.44,4,0,-13.943651620370371,4,3.25,1.0,0.0,25.0,0.1048768018069577
cabaceiras do paraguacu,1,31.9,16.79,1,0,-15.581018518518519,1,3.0,0.0,0.0,0.0,0.5263322884012539
cabeceira grande,3,265.89,82.86,3,1,-12.116963734567902,3,4.0,0.0,33.33333333333333,0.0,0.3116326300349769
cabeceiras,1,14.9,18.23,1,0,-5.378761574074074,1,5.0,0.0,0.0,0.0,1.2234899328859061
cabedelo,7,1213.95,463.62,6,0,-14.84646412037037,7,4.0,1.0,0.0,14.285714285714285,0.3819102928456691
cabixi,1,149.9,84.6,1,0,-22.514791666666667,1,4.0,0.0,0.0,0.0,0.5643762508338892
cabo de santo agostinho,21,2877.95,740.3,21,2,-14.670804122574955,21,3.8095238095238093,4.0,9.523809523809524,19.047619047619047,0.257231710071405
cabo frio,117,17182.670000000002,2895.55,113,27,-5.74231112749918,114,3.675438596491228,30.0,23.893805309734514,26.31578947368421,0.1685157196174983
cabo verde,3,458.78999999999996,60.379999999999995,3,0,-19.356724537037035,3,5.0,0.0,0.0,0.0,0.1316070533359489
cabralia paulista,4,207.29,56.019999999999996,4,0,-14.190379050925927,4,4.0,1.0,0.0,25.0,0.2702494090404747
cabreuva,6,720.6,113.52,6,1,-11.592706404320987,5,3.6,1.0,16.666666666666664,20.0,0.1575353871773522
cabrobo,6,921.79,225.12,6,0,-18.95435185185185,6,4.166666666666667,0.0,0.0,0.0,0.24422048405819113
cacador,40,4569.38,900.24,40,2,-12.888308738425925,40,4.35,3.0,5.0,7.5,0.197015787699863
cacapava,74,10160.07,1592.58,72,2,-13.380402199074075,73,4.2465753424657535,7.0,2.7777777777777777,9.58904109589041,0.15674892003696825
cacapava do sul,5,859.99,184.84,5,0,-17.2778125,5,3.0,1.0,0.0,20.0,0.21493273177595087
cacaulandia,1,72.9,35.83,1,0,-35.20118055555555,1,5.0,0.0,0.0,0.0,0.49149519890260623
cacequi,4,676.99,124.38000000000001,3,0,-14.872561728395063,4,2.25,3.0,0.0,75.0,0.183725018094802
caceres,25,4750.1900000000005,918.37,25,3,-13.274015277777778,25,4.28,2.0,12.0,8.0,0.19333331929880698
cachoeira,4,479.79,93.92,4,0,-20.723110532407407,4,4.75,0.0,0.0,0.0,0.19575230830154858
cachoeira alta,6,451.76,153.72,6,0,-17.380154320987653,6,4.5,1.0,0.0,16.666666666666664,0.34026916947051533
cachoeira da prata,2,169.8,44.629999999999995,2,0,-15.723072916666666,1,5.0,0.0,0.0,0.0,0.2628386336866902
cachoeira de minas,7,497.40000000000003,119.52000000000001,6,0,-15.040123456790122,7,3.857142857142857,2.0,0.0,28.57142857142857,0.24028950542822677
cachoeira de pajeu,3,428.8,75.23,3,0,-12.11079861111111,3,4.0,0.0,0.0,0.0,0.1754430970149254
cachoeira do brumado,1,195.9,15.27,1,1,3.881712962962963,1,5.0,0.0,100.0,0.0,0.07794793261868299
cachoeira do campo,2,828.99,80.85,2,0,-17.282170138888887,2,5.0,0.0,0.0,0.0,0.09752831759128577
cachoeira do sul,32,6288.32,935.09,30,1,-16.620612268518517,32,4.0,5.0,3.3333333333333335,15.625,0.1487026741641647
cachoeira dourada,3,268.8,58.89,3,0,-19.764193672839507,3,4.666666666666667,0.0,0.0,0.0,0.2190848214285714
cachoeira paulista,25,3292.0,476.01,25,0,-15.936127777777779,25,4.4,0.0,0.0,0.0,0.14459599027946538
cachoeiras de macacu,21,1958.25,401.16,20,2,-11.402590856481481,21,3.8095238095238093,5.0,10.0,23.809523809523807,0.20485637686710073
cachoeirinha,72,9297.25,1678.09,72,3,-15.430982510288068,71,4.190140845070423,10.0,4.166666666666666,14.084507042253522,0.18049315657855816
cachoeiro de itapemirim,122,15871.630000000001,3299.79,121,13,-10.901376453933272,122,3.8852459016393444,24.0,10.743801652892563,19.672131147540984,0.20790492217875542
cacimbinhas,1,32.5,20.8,0,0,,1,1.0,1.0,,100.0,0.64
cacoal,13,1801.47,613.3299999999999,12,0,-23.482740162037036,13,3.4615384615384617,4.0,0.0,30.76923076923077,0.34046084586476594
caconde,10,1628.19,201.38,10,0,-11.979415509259258,10,4.2,1.0,0.0,10.0,0.12368335390832765
cacu,8,982.6800000000001,180.85,8,0,-9.497787905092592,8,3.75,1.0,0.0,12.5,0.18403753001994544
cacule,3,529.78,85.27000000000001,3,2,9.864791666666665,3,3.6666666666666665,1.0,66.66666666666666,33.33333333333333,0.16095360338253617
caem,1,57.9,22.12,1,0,-7.278888888888889,1,5.0,0.0,0.0,0.0,0.3820379965457686
caetanopolis,8,664.5699999999999,141.04999999999998,8,0,-18.42713686342593,8,4.375,1.0,0.0,12.5,0.21224250267089997
caetanos,1,0.0,0.0,0,0,,1,1.0,1.0,,100.0,
caete,27,2482.9700000000003,670.08,27,2,-12.226202846364883,27,4.407407407407407,3.0,7.4074074074074066,11.11111111111111,0.2698703568710053
caetes,1,122.9,43.14,1,0,-26.398113425925924,1,3.0,0.0,0.0,0.0,0.35101708706265256
caetite,10,1892.3,408.15,10,0,-12.157256944444445,10,3.2,3.0,0.0,30.0,0.21568990117846007
cafeara,3,233.0,76.82,2,0,-19.941099537037037,3,1.0,3.0,0.0,100.0,0.3296995708154506
cafelandia,21,2484.31,417.71,19,0,-14.413057383040936,20,4.4,1.0,0.0,5.0,0.16813924188205176
caiana,3,235.9,49.71,3,0,-10.65002700617284,3,4.333333333333333,0.0,0.0,0.0,0.21072488342518017
caiaponia,4,352.78,76.19,4,0,-11.232465277777777,4,4.5,0.0,0.0,0.0,0.2159702931005159
caibate,2,357.88,52.44,1,0,-23.396631944444444,2,3.0,1.0,0.0,50.0,0.14652956298200515
caibi,3,132.05,48.36,3,0,-11.274498456790122,3,4.333333333333333,0.0,0.0,0.0,0.3662249148049981
caicara do norte,1,1099.0,58.41,1,0,-14.144027777777778,1,5.0,0.0,0.0,0.0,0.05314831665150136
caico,10,2723.2,492.11,10,1,-13.641775462962963,10,4.6,0.0,10.0,0.0,0.18071019388954174
caieiras,102,13624.52,1579.6,97,4,-11.668391800305459,102,4.049019607843137,15.0,4.123711340206185,14.705882352941178,0.11593802937644775
cairu,1,58.99,19.65,1,0,-8.318425925925926,1,5.0,0.0,0.0,0.0,0.3331073063231056
caiua,2,146.0,24.990000000000002,2,0,-14.860474537037037,2,4.5,0.0,0.0,0.0,0.17116438356164385
cajamar,101,9873.27,1724.95,97,5,-9.807921200840015,101,4.014851485148514,14.0,5.154639175257731,13.861386138613863,0.17470908827571818
cajapio,1,89.99,59.17,1,0,-5.26,1,5.0,0.0,0.0,0.0,0.6575175019446605
cajari,1,289.0,27.3,1,0,-21.14415509259259,1,5.0,0.0,0.0,0.0,0.09446366782006921
cajati,16,1821.3200000000002,279.37,16,0,-12.98898365162037,16,4.125,2.0,0.0,12.5,0.1533887510157468
cajazeiras,12,1818.16,592.51,11,0,-17.863232323232324,12,3.75,4.0,0.0,33.33333333333333,0.32588441061292733
cajobi,8,1018.4300000000001,144.46,8,0,-15.3193359375,8,5.0,0.0,0.0,0.0,0.14184578223343774
cajueiro,1,99.9,38.25,1,0,-4.4392708333333335,1,4.0,0.0,0.0,0.0,0.38288288288288286
cajuri,1,53.9,17.63,1,0,-10.336944444444445,1,5.0,0.0,0.0,0.0,0.32708719851576995
cajuru,9,643.76,142.98,9,1,-10.591439043209878,9,3.5555555555555554,2.0,11.11111111111111,22.22222222222222,0.22210140425003105
calcado,1,199.0,24.54,1,0,-6.0808333333333335,1,5.0,0.0,0.0,0.0,0.12331658291457286
caldas,5,489.7,132.24,5,0,-10.781939814814814,5,4.6,0.0,0.0,0.0,0.2700428833979988
caldas brandao,1,139.0,53.32,1,0,-10.230902777777779,1,4.0,0.0,0.0,0.0,0.38359712230215826
caldas do jorro,1,370.0,24.52,1,0,-8.551689814814814,1,4.0,0.0,0.0,0.0,0.06627027027027027
caldas novas,36,5301.63,902.9399999999999,36,5,-11.493177404835391,36,3.7222222222222223,8.0,13.88888888888889,22.22222222222222,0.17031365825227335
caldeirao grande,3,354.8,62.45,2,0,-13.32440972222222,3,5.0,0.0,0.0,0.0,0.17601465614430664
caldeirao grande do piaui,1,110.0,70.76,1,0,-12.09900462962963,1,4.0,0.0,0.0,0.0,0.6432727272727273
california,2,103.8,30.150000000000002,2,0,-16.338703703703704,2,2.5,1.0,0.0,50.0,0.2904624277456648
california da barra,6,871.97,142.53,6,1,-14.831554783950617,6,3.6666666666666665,1.0,16.666666666666664,16.666666666666664,0.16345745839879813
calmon,1,49.9,17.6,1,0,-1.4391782407407407,1,5.0,0.0,0.0,0.0,0.3527054108216433
camacan,6,1134.67,134.73000000000002,6,1,-7.442773919753087,6,4.666666666666667,0.0,16.666666666666664,0.0,0.1187393691557898
camacari,61,7294.22,1505.65,60,13,-7.305299575617283,60,3.316666666666667,17.0,21.666666666666668,28.333333333333332,0.2064168615698457
camacho,1,59.99,20.91,1,0,-17.339050925925925,1,3.0,0.0,0.0,0.0,0.34855809301550256
camamu,9,1506.82,390.69000000000005,8,0,-16.897486979166665,9,4.0,1.0,0.0,11.11111111111111,0.2592811351057194
camanducaia,9,2180.67,201.09,9,0,-11.597190072016462,9,4.111111111111111,1.0,0.0,11.11111111111111,0.09221477802693667
camapua,6,621.29,113.05000000000001,6,0,-16.204380787037035,6,4.166666666666667,1.0,0.0,16.666666666666664,0.18196011524408895
camaqua,13,1716.75,320.47,12,0,-18.637336033950618,13,3.8461538461538463,3.0,0.0,23.076923076923077,0.18667249162662009
camaragibe,35,3642.88,1120.02,33,4,-10.518671436588104,35,3.942857142857143,6.0,12.121212121212121,17.142857142857142,0.3074545414617006
cambara,10,863.1700000000001,232.89000000000001,9,0,-13.655194187242799,10,4.7,0.0,0.0,0.0,0.2698078014759549
cambara do sul,1,372.0,28.64,1,0,-16.172361111111112,1,5.0,0.0,0.0,0.0,0.07698924731182796
cambe,27,3930.67,628.39,27,2,-12.057403120713307,27,4.296296296296297,3.0,7.4074074074074066,11.11111111111111,0.15986841937888452
cambiasca,1,22.99,15.1,1,0,-12.442893518518519,1,3.0,0.0,0.0,0.0,0.6568073075250109
cambira,2,432.0,87.35,2,0,-13.135318287037038,2,3.5,0.0,0.0,0.0,0.20219907407407406
camboriu,28,3118.18,670.9,27,1,-11.338567815500687,28,4.25,3.0,3.7037037037037033,10.714285714285714,0.2151575598586355
cambuci,8,2042.79,237.13,8,2,-1.810584490740741,7,4.285714285714286,1.0,25.0,14.285714285714285,0.11608143764165675
cambui,22,3133.7400000000002,527.07,22,4,-11.136593013468014,22,3.909090909090909,3.0,18.181818181818183,13.636363636363635,0.16819200061268644
cambuquira,5,340.76,103.48,5,0,-10.989208333333334,5,4.2,1.0,0.0,20.0,0.3036741401572955
cameta,4,392.8,129.05,4,0,-14.751131365740742,4,3.5,1.0,0.0,25.0,0.32853869653767825
camocim,8,1686.29,391.98,8,1,-14.290049189814814,8,4.375,1.0,12.5,12.5,0.23245112050714883
camocim de sao felix,2,362.9,56.120000000000005,2,0,-20.840017361111112,2,4.5,0.0,0.0,0.0,0.15464315238357676
campanario,2,278.7,34.589999999999996,2,0,-12.762528935185184,2,4.5,0.0,0.0,0.0,0.12411194833153928
campanha,7,598.79,187.48,7,2,-9.754669312169312,7,3.0,4.0,28.57142857142857,57.14285714285714,0.3130980811302794
campestre,3,321.70000000000005,62.620000000000005,3,0,-9.754961419753087,3,4.333333333333333,0.0,0.0,0.0,0.1946534037923531
campestre da serra,2,1348.99,41.07,2,0,-21.999658564814816,2,5.0,0.0,0.0,0.0,0.030444999592287563
campestre do maranhao,2,249.89,91.06,2,1,-0.03929976851851835,2,3.5,1.0,50.0,50.0,0.3644003361479051
campina da lagoa,3,519.7,74.12,2,1,25.807366898148146,3,3.3333333333333335,1.0,50.0,33.33333333333333,0.14262074273619396
campina das missoes,2,155.8,55.2,2,0,-10.251927083333333,2,3.5,1.0,0.0,50.0,0.35430038510911427
campina do monte alegre,2,237.9,54.09,2,0,-15.411278935185184,2,4.5,0.0,0.0,0.0,0.2273644388398487
campina grande,68,17500.53,5282.76,67,7,-13.794496268656717,67,4.149253731343284,9.0,10.44776119402985,13.432835820895523,0.3018628578677332
campina grande do sul,10,1152.47,230.02,9,0,-14.855329218106995,10,3.9,2.0,0.0,20.0,0.19958870946749158
campina verde,10,659.48,209.37,10,0,-14.199502314814817,10,4.9,0.0,0.0,0.0,0.3174774064414387
campinacu,1,179.9,16.01,1,0,-12.448009259259258,1,5.0,0.0,0.0,0.0,0.08899388549193997
campinapolis,3,324.86,62.230000000000004,3,1,-1.6966820987654323,3,3.6666666666666665,1.0,33.33333333333333,33.33333333333333,0.1915594409899649
campinas,1444,187844.53,24697.17,1406,143,-8.821431884186818,1427,4.09250175192712,198.0,10.170697012802275,13.875262789067975,0.13147665252749174
campinas do sul,6,1398.89,132.35,6,0,-23.20482638888889,6,4.5,0.0,0.0,0.0,0.09461072707646775
campinorte,7,1244.69,155.92000000000002,7,0,-15.144991732804232,7,3.7142857142857144,2.0,0.0,28.57142857142857,0.12526813905470438
campo alegre,4,1098.0,130.35,4,1,-6.064577546296296,4,4.0,1.0,25.0,25.0,0.11871584699453551
campo alegre de goias,2,175.89000000000001,64.38,2,1,4.444068287037037,2,3.0,1.0,50.0,50.0,0.3660242196827562
campo alegre de lourdes,1,99.99,24.9,1,0,-13.604479166666666,1,5.0,0.0,0.0,0.0,0.24902490249024903
campo alegre de minas,1,119.0,18.93,1,0,-4.3493865740740745,1,1.0,1.0,0.0,100.0,0.15907563025210084
campo alegre do fidalgo,1,194.98,68.96,1,0,-6.497256944444445,1,1.0,1.0,0.0,100.0,0.35367730023592164
campo azul,1,79.9,16.32,1,0,-23.1165625,1,5.0,0.0,0.0,0.0,0.20425531914893616
campo belo,21,1836.34,381.97,21,0,-14.680903328924163,21,4.428571428571429,1.0,0.0,4.761904761904762,0.2080061426533213
campo bom,36,4394.71,888.64,35,1,-15.997928240740741,36,4.027777777777778,5.0,2.857142857142857,13.88888888888889,0.2022067440172389
campo bonito,1,79.9,25.4,0,0,,1,3.0,0.0,,0.0,0.3178973717146433
campo do brito,1,76.8,38.09,1,0,-15.128715277777777,1,5.0,0.0,0.0,0.0,0.49596354166666673
campo do meio,4,251.69,57.39,4,0,-8.70835648148148,4,4.75,0.0,0.0,0.0,0.228018594302515
campo do tenente,1,55.9,15.14,1,1,8.656412037037038,1,1.0,1.0,100.0,100.0,0.27084078711985693
campo ere,7,560.6,137.39,7,1,-10.273998015873016,7,4.428571428571429,1.0,14.285714285714285,14.285714285714285,0.24507670353193003
campo florido,1,59.8,32.22,1,0,-17.13917824074074,1,4.0,0.0,0.0,0.0,0.5387959866220736
campo formoso,10,3419.13,635.21,10,1,-13.186260416666666,10,3.7,2.0,10.0,20.0,0.1857811782529474
campo grande,320,57121.67,8363.58,312,38,-9.857909247388415,319,4.1426332288401255,44.0,12.179487179487179,13.793103448275861,0.1464169377400906
campo grande do piaui,1,155.99,34.89,1,0,-14.946030092592592,1,5.0,0.0,0.0,0.0,0.2236681838579396
campo largo,37,3894.89,830.32,36,0,-14.37164737654321,37,4.1891891891891895,6.0,0.0,16.216216216216218,0.2131818870366044
campo limpo paulista,48,5013.34,827.9,47,5,-10.302466509062254,47,4.404255319148936,4.0,10.638297872340425,8.51063829787234,0.16513940805929778
campo magro,1,39.8,24.96,1,0,-2.2473726851851854,1,5.0,0.0,0.0,0.0,0.6271356783919598
campo maior,7,993.6600000000001,321.05,7,1,-17.72077380952381,7,3.857142857142857,2.0,14.285714285714285,28.57142857142857,0.3230984441358211
campo mourao,56,7259.52,1320.17,56,4,-11.914729869378307,56,4.089285714285714,8.0,7.142857142857142,14.285714285714285,0.18185362117605572
campo novo,2,539.79,53.22,2,0,-13.073738425925926,2,4.0,0.0,0.0,0.0,0.09859389762685489
campo novo do parecis,16,4970.79,944.99,15,0,-16.214252314814814,16,3.8125,3.0,0.0,18.75,0.19010861452606126
campo verde,10,781.38,248.31,10,2,-12.13579513888889,10,3.9,1.0,20.0,10.0,0.31778392075558626
campos altos,5,373.68,124.93,5,0,-15.43976388888889,5,4.2,1.0,0.0,20.0,0.334323485335046
campos belos,7,788.0699999999999,139.46,7,1,-10.527281746031747,7,4.285714285714286,1.0,14.285714285714285,14.285714285714285,0.17696397528138366
campos borges,3,825.89,51.15,3,0,-13.529467592592594,3,4.666666666666667,0.0,0.0,0.0,0.06193318722832338
campos de julio,6,934.8,175.55,6,0,-17.11382137345679,6,4.0,1.0,0.0,16.666666666666664,0.1877941805733847
campos do jordao,26,3273.0,724.02,25,2,-13.862166666666667,26,4.0,5.0,8.0,19.230769230769234,0.22120989917506872
campos dos goytacazes,238,34660.36,5528.79,232,34,-10.173814106401661,236,3.961864406779661,41.0,14.655172413793101,17.372881355932204,0.15951334608180642
campos gerais,5,544.0600000000001,135.11,4,1,-7.544800347222222,5,4.2,1.0,25.0,20.0,0.24833658052420687
campos novos,14,1929.69,508.69,14,0,-11.230675429894179,14,4.214285714285714,2.0,0.0,14.285714285714285,0.26361229005695214
campos sales,4,1543.9,309.88,4,1,-9.511958912037036,4,4.75,0.0,25.0,0.0,0.2007124813783276
campos verdes,1,385.6,27.44,1,0,-13.5846875,1,5.0,0.0,0.0,0.0,0.07116182572614108
camutanga,3,295.8,89.53999999999999,3,0,-22.453707561728393,3,2.6666666666666665,2.0,0.0,66.66666666666666,0.3027045300878972
canaa,1,54.99,14.55,1,0,-16.297581018518517,1,4.0,0.0,0.0,0.0,0.2645935624659029
canaa dos carajas,9,1565.93,425.42999999999995,9,2,-4.950803755144033,9,3.6666666666666665,3.0,22.22222222222222,33.33333333333333,0.27167881067480665
cananeia,8,727.66,111.22999999999999,8,1,-5.60222511574074,8,4.25,0.0,12.5,0.0,0.15285985212874142
canapi,1,230.0,147.32,1,0,-6.653819444444444,1,5.0,0.0,0.0,0.0,0.6405217391304348
canapolis,6,539.45,95.66999999999999,6,0,-16.71057484567901,6,5.0,0.0,0.0,0.0,0.17734729817406614
canarana,11,1211.63,275.27,11,2,-7.043906776094276,11,3.727272727272727,1.0,18.181818181818183,9.090909090909092,0.2271898186740176
canavieiras,6,799.8,217.49,6,0,-7.229035493827159,6,4.5,0.0,0.0,0.0,0.27193048262065517
candeal,1,144.99,31.66,1,0,-9.454895833333333,1,1.0,1.0,0.0,100.0,0.21835988688875094
candeias,23,2102.46,553.37,21,1,-12.488449074074074,22,3.8181818181818183,6.0,4.761904761904762,27.27272727272727,0.2632012024009969
candeias do jamari,1,279.0,59.74,1,0,-27.136944444444445,1,5.0,0.0,0.0,0.0,0.21412186379928316
candelaria,4,573.39,99.71000000000001,4,0,-23.68642650462963,4,4.0,0.0,0.0,0.0,0.1738956033415302
candido de abreu,4,360.8,79.12,4,0,-9.062074652777778,4,4.75,0.0,0.0,0.0,0.21929046563192905
candido godoi,1,900.0,105.84,1,0,-19.25778935185185,1,1.0,1.0,0.0,100.0,0.11760000000000001
candido mendes,1,239.8,76.78,1,1,9.471990740740742,1,1.0,1.0,100.0,100.0,0.3201834862385321
candido mota,16,1573.29,250.81,16,1,-15.269056712962964,16,4.4375,2.0,6.25,12.5,0.15941752633017436
candido rodrigues,4,81.78999999999999,52.51,4,0,-14.310347222222223,4,5.0,0.0,0.0,0.0,0.6420100256755105
candido sales,3,396.78999999999996,75.73,3,0,-9.966531635802468,3,3.6666666666666665,1.0,0.0,33.33333333333333,0.19085662441089749
candiota,4,802.7,96.9,4,0,-16.147005208333333,4,5.0,0.0,0.0,0.0,0.12071757817366388
candoi,1,43.0,36.5,1,0,-20.314849537037038,1,5.0,0.0,0.0,0.0,0.8488372093023255
canela,18,2418.63,379.63,17,0,-17.093455201525057,18,4.277777777777778,3.0,0.0,16.666666666666664,0.15696075877666282
canelinha,4,933.94,78.78,4,0,-18.88267650462963,4,4.5,0.0,0.0,0.0,0.08435231385313831
cangucu,15,1584.98,275.49,12,0,-15.383911072530864,15,3.6,4.0,0.0,26.666666666666668,0.17381291877500032
canhotinho,2,367.0,63.489999999999995,2,0,-7.618483796296296,2,3.0,1.0,0.0,50.0,0.17299727520435965
caninde,6,645.38,168.82,6,0,-13.334020061728395,6,4.166666666666667,1.0,0.0,16.666666666666664,0.2615823235923022
caninde de sao francisco,2,250.8,109.03,2,0,-17.234890046296297,2,2.0,1.0,0.0,50.0,0.43472886762360446
canitar,2,287.25,30.67,2,0,-11.186701388888888,2,3.0,1.0,0.0,50.0,0.10677110530896432
canoas,210,26785.25,5197.58,205,21,-11.890940379403792,210,3.947619047619048,37.0,10.24390243902439,17.61904761904762,0.1940463501367357
canoinhas,27,4583.01,708.01,27,1,-14.290426526063099,27,4.111111111111111,2.0,3.7037037037037033,7.4074074074074066,0.15448580736241027
cansancao,7,766.96,231.41000000000003,7,0,-19.655545634920635,7,4.857142857142857,0.0,0.0,0.0,0.3017236883279441
cantagalo,21,2329.42,428.67,21,2,-12.95911044973545,21,4.142857142857143,2.0,9.523809523809524,9.523809523809524,0.18402434940886572
cantanhede,1,689.0,46.85,1,0,-20.125706018518517,1,5.0,0.0,0.0,0.0,0.06799709724238026
canto do buriti,1,599.5,75.33,1,0,-10.184259259259258,1,5.0,0.0,0.0,0.0,0.12565471226021685
canudos,1,174.9,57.99,1,0,-24.49167824074074,1,5.0,0.0,0.0,0.0,0.33156089193825045
capanema,14,1100.47,451.77,12,0,-10.917220293209878,13,4.0,2.0,0.0,15.384615384615385,0.41052459403709324
capao bonito,28,3078.97,543.2,28,1,-12.563299851190477,28,4.392857142857143,2.0,3.571428571428571,7.142857142857142,0.17642263484217127
capao da canoa,38,4692.09,936.99,38,0,-16.203220333820664,38,4.2631578947368425,4.0,0.0,10.526315789473683,0.19969565801167496
capao da porteira,2,157.0,58.129999999999995,2,0,-9.636099537037037,2,3.5,1.0,0.0,50.0,0.37025477707006366
capao do cipo,3,260.0,140.99,3,0,-19.606793981481484,3,4.333333333333333,0.0,0.0,0.0,0.5422692307692308
capao do leao,4,1072.25,182.41,4,2,-7.5167476851851855,4,4.75,0.0,50.0,0.0,0.17011890883655864
caparao,1,49.9,14.52,1,0,-9.466053240740742,1,5.0,0.0,0.0,0.0,0.2909819639278557
capela,3,580.9399999999999,308.23,3,1,-4.122862654320987,3,3.6666666666666665,1.0,33.33333333333333,33.33333333333333,0.5305711433194479
capela de santana,2,352.0,65.53,2,0,-20.85255787037037,2,4.5,0.0,0.0,0.0,0.18616477272727272
capela do alto,3,833.99,170.26,3,1,-4.615532407407407,3,5.0,0.0,33.33333333333333,0.0,0.2041511289104186
capela do alto alegre,1,39.99,16.79,1,0,-7.333831018518518,1,1.0,1.0,0.0,100.0,0.41985496374093517
capela nova,1,89.77,31.5,1,0,-10.149479166666667,1,2.0,1.0,0.0,100.0,0.3508967361033753
capelinha,20,2562.96,405.16,19,1,-15.046373659844054,20,4.4,2.0,5.263157894736842,10.0,0.1580828417142679
capetinga,2,198.9,40.47,2,0,-13.750885416666666,2,5.0,0.0,0.0,0.0,0.20346907993966817
capim branco,2,152.78,34.39,2,0,-20.737430555555555,2,5.0,0.0,0.0,0.0,0.2250949077104333
capim grosso,5,547.89,112.89,5,0,-14.062537037037037,5,3.8,1.0,0.0,20.0,0.20604500903466025
capinopolis,11,1042.18,235.77,11,0,-17.924925294612795,11,4.181818181818182,1.0,0.0,9.090909090909092,0.22622771498205685
capinzal,10,1220.55,248.68,10,1,-10.279909722222223,10,3.7,3.0,10.0,30.0,0.2037442136741633
capinzal do norte,2,395.0,65.6,2,2,78.78734953703703,2,3.0,1.0,100.0,50.0,0.16607594936708858
capistrano,1,35.0,37.16,1,0,-12.136469907407408,1,4.0,0.0,0.0,0.0,1.0617142857142856
capitao,1,107.8,38.7,1,0,-13.562604166666667,1,4.0,0.0,0.0,0.0,0.35899814471243047
capitao andrade,1,199.0,0.0,1,0,-16.15792824074074,1,5.0,0.0,0.0,0.0,0.0
capitao eneas,1,65.6,33.239999999999995,1,0,-27.384699074074074,1,5.0,0.0,0.0,0.0,0.5067073170731707
capitao leonidas marques,5,407.78,104.31,5,1,-13.885025462962963,5,3.8,1.0,20.0,20.0,0.2557996959144637
capitao poco,3,405.38,135.51,3,0,-16.248028549382717,3,3.6666666666666665,0.0,0.0,0.0,0.3342789481474172
capitolio,5,386.89,203.23000000000002,5,0,-9.80688425925926,5,4.0,1.0,0.0,20.0,0.5252914265036575
capivari,35,4753.16,610.21,32,0,-14.924470486111112,35,4.2,6.0,0.0,17.142857142857142,0.12837985676897054
capivari de baixo,5,876.89,151.84,5,0,-9.997023148148148,5,4.8,0.0,0.0,0.0,0.1731574085689197
capivari do sul,1,159.0,38.95,1,0,-0.34563657407407405,1,2.0,1.0,0.0,100.0,0.24496855345911953
capoeiras,1,143.0,47.53,1,0,-24.139050925925925,1,1.0,1.0,0.0,100.0,0.33237762237762236
caputira,2,454.28,136.38,2,0,-20.142609953703705,2,4.5,0.0,0.0,0.0,0.3002113234128731
caracol,1,94.0,17.1,1,0,-16.209976851851852,1,5.0,0.0,0.0,0.0,0.1819148936170213
caraguatatuba,89,13536.86,1962.43,83,7,-10.065859967648372,89,3.966292134831461,17.0,8.433734939759036,19.101123595505616,0.14496936512603364
carai,6,481.87,144.82,6,1,-12.89875,6,5.0,0.0,16.666666666666664,0.0,0.3005374893643514
caraiba,2,416.89,70.26,2,0,-12.685758101851851,2,2.5,1.0,0.0,50.0,0.16853366595504812
caraibas,1,235.9,13.9,1,0,-3.102326388888889,1,5.0,0.0,0.0,0.0,0.05892327257312421
carajas,4,483.22,163.34,4,0,-20.359285300925926,4,5.0,0.0,0.0,0.0,0.33802408840693676
carambei,3,390.8,65.45,3,0,-9.395196759259258,3,4.333333333333333,0.0,0.0,0.0,0.16747697031729786
carandai,11,1143.5,242.94,11,0,-14.818846801346801,10,4.1,1.0,0.0,10.0,0.2124529951902055
carangola,27,4592.0,606.49,25,1,-12.551275925925927,27,3.5555555555555554,7.0,4.0,25.925925925925924,0.13207534843205576
carapebus,5,696.97,89.55,5,1,-8.419458333333333,5,4.0,1.0,20.0,20.0,0.12848472674577097
carapicuiba,328,32235.88,5031.1,316,20,-10.298285608591186,326,4.138036809815951,43.0,6.329113924050633,13.190184049079754,0.15607143344620963
caratinga,62,9690.26,1521.19,62,3,-15.08400966995221,62,4.080645161290323,10.0,4.838709677419355,16.129032258064516,0.15698134002596423
caraubas,3,1059.29,187.47,3,0,-14.859776234567901,3,4.0,0.0,0.0,0.0,0.1769770317854412
caravelas,3,356.4,110.38,3,0,-13.751072530864198,3,4.666666666666667,0.0,0.0,0.0,0.30970819304152636
carazinho,24,2030.93,435.81,23,0,-15.893952797906604,24,4.166666666666667,4.0,0.0,16.666666666666664,0.21458642099924666
carbonita,4,755.87,85.25,4,0,-16.996255787037036,4,4.5,0.0,0.0,0.0,0.1127839443290513
cardoso,6,944.8100000000001,150.51000000000002,6,0,-19.176788194444445,6,3.8333333333333335,1.0,0.0,16.666666666666664,0.15930187021729236
cardoso moreira,6,500.02,116.86,6,1,-12.759731867283952,6,4.166666666666667,1.0,16.666666666666664,16.666666666666664,0.23371065157393706
careacu,2,116.13,53.46,2,0,-12.876018518518519,2,3.0,1.0,0.0,50.0,0.4603461637819685
cariacica,139,17574.58,3019.17,135,14,-10.252463563100138,136,4.0661764705882355,19.0,10.37037037037037,13.970588235294118,0.17179187212439784
caridade,1,99.9,0.0,1,0,-13.459108796296297,1,5.0,0.0,0.0,0.0,0.0
carinhanha,2,348.9,102.6,2,1,-5.0622337962962956,2,4.0,0.0,50.0,0.0,0.294067067927773
carire,3,144.79,91.49,3,0,-17.418298611111112,3,5.0,0.0,0.0,0.0,0.6318806547413496
cariri do tocantins,2,270.89,83.37,2,0,-6.1279108796296295,2,5.0,0.0,0.0,0.0,0.30776329875595265
caririacu,2,454.0,65.14,2,0,-15.808993055555554,2,4.5,0.0,0.0,0.0,0.14348017621145376
carius,3,477.88,140.81,3,1,1.8222029320987654,3,3.6666666666666665,1.0,33.33333333333333,33.33333333333333,0.2946555620657906
carlinda,2,204.9,40.769999999999996,2,0,-25.29146412037037,2,5.0,0.0,0.0,0.0,0.19897510980966324
carlopolis,6,755.4,145.78,6,0,-12.434128086419753,6,4.166666666666667,1.0,0.0,16.666666666666664,0.19298384961609744
carlos barbosa,20,2554.79,460.63,19,0,-14.456090399610138,20,4.0,3.0,0.0,15.0,0.1803005335076464
carlos chagas,3,150.79000000000002,47.67,2,0,-11.756325231481481,3,3.3333333333333335,1.0,0.0,33.33333333333333,0.31613502221632733
carmesia,1,241.1,39.53,1,0,-1.3516203703703704,1,5.0,0.0,0.0,0.0,0.16395686437163004
carmo,13,1493.19,346.32,12,3,-5.378948688271605,13,3.6153846153846154,3.0,25.0,23.076923076923077,0.23193297570972213
carmo da cachoeira,4,319.44,51.2,4,0,-14.550344328703705,4,3.75,1.0,0.0,25.0,0.16028049085900326
carmo da mata,6,459.7,118.91,6,0,-19.22148726851852,6,3.8333333333333335,2.0,0.0,33.33333333333333,0.25866869697628886
carmo de minas,3,643.96,55.57,3,0,-13.234301697530865,3,3.6666666666666665,0.0,0.0,0.0,0.08629417976271818
carmo do cajuru,10,1638.44,293.98,10,0,-17.83345486111111,10,4.1,2.0,0.0,20.0,0.17942677180732894
carmo do paranaiba,16,4008.64,644.31,16,0,-13.978972077546295,16,4.375,0.0,0.0,0.0,0.16073032250339267
carmo do rio claro,9,1642.42,327.11,9,0,-14.134480452674898,9,4.555555555555555,1.0,0.0,11.11111111111111,0.19916342957343433
carmo do rio verde,2,169.89,36.43,2,0,-16.095671296296295,2,5.0,0.0,0.0,0.0,0.21443286832656427
carmolandia,1,129.0,38.45,1,0,-13.079872685185185,1,4.0,0.0,0.0,0.0,0.298062015503876
carmopolis,2,87.31,76.14,2,1,0.33167245370370413,2,3.0,1.0,50.0,50.0,0.8720650555491926
carmopolis de minas,5,1629.78,126.94,5,0,-17.398805555555555,5,4.8,0.0,0.0,0.0,0.07788781307906589
carnaiba do sertao,1,54.98,44.12,1,0,-10.435347222222223,1,5.0,0.0,0.0,0.0,0.8024736267733721
carnauba dos dantas,1,129.99,38.46,1,0,-20.225844907407406,1,4.0,0.0,0.0,0.0,0.29586891299330714
carnaubais,2,339.0,90.65,2,0,-19.275856481481483,2,4.5,0.0,0.0,0.0,0.26740412979351036
carnaubal,2,214.89000000000001,50.99,2,0,-6.9003703703703705,2,4.5,0.0,0.0,0.0,0.2372841919121411
carneirinho,3,294.5,50.53,3,0,-16.834818672839504,3,2.6666666666666665,2.0,0.0,66.66666666666666,0.17157894736842105
carolina,2,429.79999999999995,70.89,2,0,-4.673541666666667,2,4.0,0.0,0.0,0.0,0.1649371800837599
carpina,10,2194.76,405.47,10,2,-11.354943287037036,10,4.1,1.0,20.0,10.0,0.18474457343855363
carrancas,3,134.79,45.83,3,0,-17.264020061728395,3,4.666666666666667,0.0,0.0,0.0,0.34001038652719046
caruaru,64,9535.69,3043.54,63,6,-12.736652153145208,62,4.354838709677419,7.0,9.523809523809524,11.29032258064516,0.31917354695884614
carutapera,2,174.9,76.33,2,0,-11.378466435185185,2,2.0,1.0,0.0,50.0,0.43642081189251
carvalhopolis,3,240.32999999999998,68.50999999999999,3,1,-6.794984567901235,3,3.6666666666666665,1.0,33.33333333333333,33.33333333333333,0.2850663670786002
casa branca,13,1261.58,231.3,13,1,-16.43710024928775,13,4.615384615384615,0.0,7.6923076923076925,0.0,0.18334152412054727
casa nova,7,1126.19,143.35,6,0,-15.991778549382715,7,4.0,1.0,0.0,14.285714285714285,0.1272875802484483
casca,7,1326.27,302.67,7,0,-16.268111772486773,7,4.285714285714286,0.0,0.0,0.0,0.2282114501572078
cascalho rico,1,69.0,16.92,1,0,-17.32513888888889,1,5.0,0.0,0.0,0.0,0.24521739130434786
cascavel,153,24731.28,4173.08,151,11,-11.875439891464312,151,4.119205298013245,20.0,7.28476821192053,13.245033112582782,0.16873691939923854
caseiros,1,109.9,42.76,1,0,-9.458657407407408,1,4.0,0.0,0.0,0.0,0.38908098271155594
casimiro de abreu,20,3458.33,504.98,20,2,-12.893109953703703,20,4.7,1.0,10.0,5.0,0.1460184539936906
cassia,6,278.29,86.12,6,0,-11.831454475308641,6,3.8333333333333335,1.0,0.0,16.666666666666664,0.30946135326458013
cassia dos coqueiros,1,74.9,15.27,1,0,-28.28462962962963,1,4.0,0.0,0.0,0.0,0.20387182910547394
cassilandia,5,1524.5,153.09,5,1,-13.108083333333335,5,4.8,0.0,20.0,0.0,0.1004198097736963
castanhal,22,3628.62,871.6,21,2,-16.82168099647266,22,3.8181818181818183,4.0,9.523809523809524,18.181818181818183,0.24020150911365754
castanheira,3,128.98000000000002,60.41,3,0,-15.300875771604938,3,5.0,0.0,0.0,0.0,0.468367188711428
castanheiras,1,42.9,37.9,1,0,-10.52517361111111,1,5.0,0.0,0.0,0.0,0.8834498834498834
castelandia,5,554.98,133.43,5,0,-16.53847916666667,5,4.8,0.0,0.0,0.0,0.24042307830912826
castelo,18,1600.8,390.14,18,3,-8.951867283950616,18,3.888888888888889,3.0,16.666666666666664,16.666666666666664,0.24371564217891054
castelo do piaui,2,422.6,155.07,2,0,-10.357413194444444,2,3.0,1.0,0.0,50.0,0.3669427354472314
castilho,11,2822.21,221.39,10,0,-12.846892361111111,11,4.181818181818182,1.0,0.0,9.090909090909092,0.07844561531565687
castro,22,2847.19,1500.46,22,1,-12.010547664141415,22,4.136363636363637,3.0,4.545454545454546,13.636363636363635,0.5269967933295635
castro alves,2,58.9,42.86,2,0,-18.94041087962963,2,3.0,1.0,0.0,50.0,0.7276740237691002
cataguases,33,4584.86,688.66,32,0,-12.507348813657407,33,4.181818181818182,5.0,0.0,15.151515151515152,0.15020305963540873
catalao,34,5454.03,986.87,33,3,-9.989321338383839,34,3.5294117647058822,8.0,9.090909090909092,23.52941176470588,0.18094326580528527
catanduva,75,10149.83,1280.46,72,2,-12.402553690843622,74,4.027027027027027,11.0,2.7777777777777777,14.864864864864865,0.12615580753569272
catanduvas,6,690.79,144.2,6,0,-17.127775848765435,6,4.666666666666667,0.0,0.0,0.0,0.20874650762170846
catarina,3,204.98,90.31,3,0,-21.64102237654321,3,4.666666666666667,0.0,0.0,0.0,0.44057956873841353
catas altas,5,1052.85,107.5,5,0,-13.82901388888889,5,4.8,0.0,0.0,0.0,0.10210381345870732
catende,7,1630.1799999999998,311.5,7,1,-14.742615740740742,7,4.714285714285714,0.0,14.285714285714285,0.0,0.1910831932670012
catigua,6,668.57,119.95,6,0,-14.095640432098767,6,3.1666666666666665,2.0,0.0,33.33333333333333,0.17941277652302676
catole do rocha,6,3742.59,324.1,6,0,-18.28420138888889,6,3.8333333333333335,1.0,0.0,16.666666666666664,0.08659778388762862
catu,10,1486.97,276.27,10,4,-5.344744212962963,10,3.1,3.0,40.0,30.0,0.18579392993806196
catu de abrantes,2,1135.99,159.87,2,1,0.1704282407407407,2,3.5,1.0,50.0,50.0,0.14073187263972395
catuipe,4,539.8,115.92,4,1,-13.511015625,4,4.0,1.0,25.0,25.0,0.2147462022971471
caturama,2,84.99,37.69,1,0,-14.505358796296296,2,5.0,0.0,0.0,0.0,0.4434639369337569
caucaia,35,5856.66,1236.06,35,5,-8.854624007936508,35,3.857142857142857,5.0,14.285714285714285,14.285714285714285,0.21105203307004333
cavalcante,2,158.99,69.08,2,0,-14.285885416666666,2,4.5,0.0,0.0,0.0,0.434492735392163
caxambu,17,1770.63,475.33,16,1,-10.476923466435185,17,4.294117647058823,1.0,6.25,5.88235294117647,0.2684524717191056
caxambu do sul,1,19.5,15.1,1,0,-13.495671296296296,1,5.0,0.0,0.0,0.0,0.7743589743589744
caxias,16,1790.55,813.6,16,2,-10.982377748842593,16,4.3125,1.0,12.5,6.25,0.4543855240010053
caxias do sul,224,38480.07,5841.29,220,18,-13.193421927609428,224,4.140625,23.0,8.181818181818182,10.267857142857142,0.15180039953149774
caxingo,1,29.0,24.84,1,0,-5.39394675925926,1,4.0,0.0,0.0,0.0,0.856551724137931
ceara-mirim,2,305.46000000000004,45.56,2,0,-23.093900462962964,2,5.0,0.0,0.0,0.0,0.149152098474432
cedral,9,1623.24,333.63,9,1,-6.953441358024691,9,4.111111111111111,0.0,11.11111111111111,0.0,0.20553337768906632
cedro,1,249.9,106.21,1,0,-17.13019675925926,1,5.0,0.0,0.0,0.0,0.4250100040016006
cedro de sao joao,3,1999.99,235.99,3,1,-11.719625771604939,3,3.6666666666666665,1.0,33.33333333333333,33.33333333333333,0.1179955899779499
cedro do abaete,1,42.99,15.1,1,0,-16.336122685185185,1,5.0,0.0,0.0,0.0,0.3512444754594091
ceilandia,1,49.9,18.94,1,0,-14.242106481481482,1,5.0,0.0,0.0,0.0,0.379559118236473
celina,2,174.9,33.33,2,0,-5.845127314814815,2,4.5,0.0,0.0,0.0,0.19056603773584904
celso ramos,2,1136.79,304.15000000000003,2,0,-4.699699074074074,2,4.5,0.0,0.0,0.0,0.2675516146341893
centenario,1,134.99,27.48,1,0,-8.129826388888889,1,5.0,0.0,0.0,0.0,0.2035706348618416
centenario do sul,4,369.13,96.22,4,0,-12.506846064814816,4,3.25,1.0,0.0,25.0,0.2606669736949042
central,1,119.5,23.39,1,1,12.40986111111111,1,5.0,0.0,100.0,0.0,0.19573221757322176
central de santa helena,1,139.9,18.86,1,0,-6.243923611111111,1,5.0,0.0,0.0,0.0,0.13481057898498927
centralina,1,29.99,15.1,1,0,-10.03712962962963,1,4.0,0.0,0.0,0.0,0.5035011670556853
centro novo do maranhao,1,299.99,52.82,1,0,-4.3418171296296295,1,1.0,1.0,0.0,100.0,0.1760725357511917
cerejeiras,1,117.99,43.24,1,0,-23.516805555555557,1,5.0,0.0,0.0,0.0,0.36647173489278756
ceres,7,1905.47,210.91,7,0,-12.035332341269841,7,4.285714285714286,1.0,0.0,14.285714285714285,0.11068660225561147
cerqueira cesar,18,3701.52,357.6,18,3,-9.389146733539095,17,3.7058823529411766,5.0,16.666666666666664,29.411764705882355,0.09660896064319524
cerquilho,30,3299.91,561.8,29,2,-10.990343231162196,30,4.666666666666667,0.0,6.896551724137931,0.0,0.1702470673442609
cerrito,1,59.9,17.67,1,0,-19.387627314814814,1,5.0,0.0,0.0,0.0,0.294991652754591
cerro azul,4,182.18,68.0,4,0,-14.763674768518518,4,4.75,0.0,0.0,0.0,0.3732572181359095
cerro grande,1,52.9,15.12,1,0,-21.36608796296296,1,5.0,0.0,0.0,0.0,0.2858223062381853
cerro grande do sul,2,184.0,38.36,2,0,-13.237332175925927,2,3.0,1.0,0.0,50.0,0.20847826086956522
cerro largo,7,712.87,194.94,7,1,-12.86460152116402,7,4.571428571428571,0.0,14.285714285714285,0.0,0.2734579937435998
cerro negro,1,118.0,35.32,1,0,-10.108090277777778,1,1.0,1.0,0.0,100.0,0.2993220338983051
cesario lange,13,1966.5,242.56,13,0,-17.314477386039886,13,4.153846153846154,2.0,0.0,15.384615384615385,0.12334604627510806
ceu azul,7,382.56,142.73,7,1,-9.802799272486771,7,3.857142857142857,2.0,14.285714285714285,28.57142857142857,0.37309180259305724
cezarina,1,13.49,18.23,1,0,-11.297430555555556,1,5.0,0.0,0.0,0.0,1.351371386212009
cha de alegria,1,79.99,28.96,1,0,-8.98454861111111,1,4.0,0.0,0.0,0.0,0.36204525565695717
cha grande,1,164.89,21.6,1,0,-26.31675925925926,1,5.0,0.0,0.0,0.0,0.1309964218569956
chacara,2,175.7,50.58,2,0,-10.797789351851852,2,5.0,0.0,0.0,0.0,0.287877063175868
chale,2,116.4,39.82,2,0,-6.127395833333333,2,5.0,0.0,0.0,0.0,0.3420962199312715
chapada,4,1463.19,82.14,4,1,-6.17650462962963,4,3.75,1.0,25.0,25.0,0.056137617124228566
chapada do norte,2,373.9,37.97,2,1,11.86269675925926,2,4.0,0.0,50.0,0.0,0.10155121690291521
chapada dos guimaraes,4,754.8,99.97999999999999,4,1,-8.76011863425926,4,3.0,2.0,25.0,50.0,0.13245892951775304
chapada gaucha,4,391.69,136.32,4,1,-6.084071180555555,4,3.75,1.0,25.0,25.0,0.34803033010799356
chapadao do ceu,8,1108.57,234.68,8,0,-14.173266782407406,8,4.0,1.0,0.0,12.5,0.21169614909297566
chapadao do lageado,1,272.70000000000005,49.199999999999996,1,0,-8.633657407407407,1,1.0,1.0,0.0,100.0,0.18041804180418036
chapadao do sul,14,1569.79,343.62,14,4,-7.483836805555556,14,3.5,4.0,28.57142857142857,28.57142857142857,0.21889552105695667
chapadinha,3,113.88,173.17999999999998,3,0,-18.592399691358025,3,3.6666666666666665,0.0,0.0,0.0,1.5207235686687741
chapeco,103,15322.25,2428.5,101,15,-8.41469322973964,103,3.9029126213592233,18.0,14.85148514851485,17.475728155339805,0.15849499910261222
charqueada,10,1122.67,168.21,10,2,-7.391111111111111,10,4.1,1.0,20.0,10.0,0.1498303152306555
charqueadas,17,1721.41,403.61,17,0,-13.851377314814815,17,4.235294117647059,1.0,0.0,5.88235294117647,0.2344647701593461
charrua,2,125.0,16.63,1,0,-16.38170138888889,2,3.0,1.0,0.0,50.0,0.13304
chaval,1,150.0,29.45,1,0,-8.119548611111112,1,5.0,0.0,0.0,0.0,0.19633333333333333
chavantes,12,926.52,227.62,12,0,-13.741265432098766,12,4.583333333333333,0.0,0.0,0.0,0.24567197685964687
chaveslandia,2,233.79000000000002,43.72,2,1,5.689305555555556,2,3.0,1.0,50.0,50.0,0.1870054322255015
chiapetta,1,129.99,18.16,1,0,-14.305891203703704,1,5.0,0.0,0.0,0.0,0.13970305408108316
chopinzinho,4,142.38,68.76,4,0,-18.026817129629627,4,4.5,0.0,0.0,0.0,0.48293299620733254
chorozinho,1,359.0,39.42,1,0,-18.080162037037038,1,4.0,0.0,0.0,0.0,0.1098050139275766
chorrocho,1,49.9,23.28,1,0,-25.176805555555557,1,4.0,0.0,0.0,0.0,0.4665330661322646
chui,5,818.6999999999999,89.46000000000001,5,0,-18.40979861111111,5,4.8,0.0,0.0,0.0,0.10927079516306341
cianorte,39,4863.67,827.88,39,1,-13.401380579297246,38,4.394736842105263,2.0,2.564102564102564,5.263157894736842,0.17021714055435505
cicero dantas,10,3010.05,1146.33,9,2,-8.907416409465021,9,3.5555555555555554,2.0,22.22222222222222,22.22222222222222,0.3808342054118702
cidade gaucha,5,798.39,151.71,5,1,-15.490939814814814,5,4.6,0.0,20.0,0.0,0.19001991507909669
cidade ocidental,8,705.38,171.19,8,1,-9.892758969907408,8,4.125,1.0,12.5,12.5,0.24269188238963396
cidelandia,1,375.96,152.84,1,0,-8.085474537037037,1,3.0,0.0,0.0,0.0,0.406532609852112
cidreira,5,656.12,112.9,5,0,-16.58121296296296,5,4.0,1.0,0.0,20.0,0.17207218191794185
cipo,1,179.0,51.12,1,0,-6.226238425925926,1,4.0,0.0,0.0,0.0,0.2855865921787709
cipo-guacu,1,69.99,8.72,1,0,-0.34858796296296296,1,4.0,0.0,0.0,0.0,0.12458922703243322
ciriaco,1,229.0,23.74,1,0,-7.2411921296296295,1,5.0,0.0,0.0,0.0,0.10366812227074235
claraval,1,171.0,26.04,1,0,-18.252349537037038,1,5.0,0.0,0.0,0.0,0.15228070175438596
claro dos pocoes,1,99.99,23.69,1,0,-1.9291435185185186,1,4.0,0.0,0.0,0.0,0.23692369236923694
claudia,4,302.68,115.7,4,0,-10.846322337962963,4,4.25,0.0,0.0,0.0,0.3822518831769526
claudio,22,3092.9700000000003,571.1,20,1,-10.49790625,22,3.772727272727273,6.0,5.0,27.27272727272727,0.1846445326013508
clementina,4,397.54,75.44,4,0,-8.944545717592593,4,5.0,0.0,0.0,0.0,0.18976706746490918
clevelandia,3,138.5,79.69,3,0,-22.846091820987652,3,5.0,0.0,0.0,0.0,0.5753790613718411
coaraci,4,1201.8799999999999,266.24,4,1,-1.9496006944444444,4,4.75,0.0,25.0,0.0,0.22151961926315442
coari,1,1190.65,68.39,1,0,-32.026620370370374,1,5.0,0.0,0.0,0.0,0.05743921387477428
cocais,1,259.0,22.3,1,0,-13.180439814814815,1,5.0,0.0,0.0,0.0,0.0861003861003861
cocal,8,1106.77,307.11,7,1,-16.28504464285714,8,3.5,2.0,14.285714285714285,25.0,0.2774831265755306
cocal do sul,4,2015.29,166.95,4,0,-18.06736111111111,3,4.666666666666667,0.0,0.0,0.0,0.08284167539163098
cocalinho,4,418.87,157.69,4,0,-15.955882523148148,4,3.75,0.0,0.0,0.0,0.37646525174875256
cocalzinho de goias,1,149.9,53.18,1,0,-19.16059027777778,1,5.0,0.0,0.0,0.0,0.3547698465643762
cocos,1,49.99,23.28,1,0,-4.3201273148148145,1,5.0,0.0,0.0,0.0,0.46569313862772554
codo,8,2419.82,744.16,7,0,-12.845428240740741,8,3.625,2.0,0.0,25.0,0.3075270061409526
coelho neto,4,314.9,103.7,3,0,-9.64596836419753,4,4.0,1.0,0.0,25.0,0.3293108923467768
coimbra,1,38.9,16.11,1,0,-20.493564814814814,1,2.0,1.0,0.0,100.0,0.4141388174807198
coite do noia,1,89.9,21.11,1,0,-26.61976851851852,1,4.0,0.0,0.0,0.0,0.23481646273637372
colatina,65,6925.51,1627.21,63,6,-12.022264293062904,64,3.96875,10.0,9.523809523809524,15.625,0.2349588694551015
colider,8,2161.73,782.22,8,1,-16.830752314814816,8,3.625,2.0,12.5,25.0,0.36184907458378246
colina,9,608.68,153.57,9,0,-12.533077417695473,9,4.888888888888889,0.0,0.0,0.0,0.25230005914437803
colinas,4,1161.86,149.63,4,1,-6.783188657407408,3,2.3333333333333335,2.0,25.0,66.66666666666666,0.12878487941748576
colinas do tocantins,3,510.5,132.58,3,0,-7.447388117283951,3,4.333333333333333,0.0,0.0,0.0,0.25970617042115574
colmeia,2,105.0,75.69,2,0,-8.617112268518518,2,5.0,0.0,0.0,0.0,0.7208571428571429
colniza,3,718.97,156.51999999999998,3,0,-12.389618055555557,3,5.0,0.0,0.0,0.0,0.21770032129296074
colombia,5,377.72,79.52,5,0,-13.154178240740743,5,4.6,0.0,0.0,0.0,0.21052631578947364
colombo,62,7531.900000000001,1642.74,60,3,-13.82784124228395,62,4.129032258064516,9.0,5.0,14.516129032258066,0.2181043295848325
colonia castrolanda,3,824.03,217.68,3,0,-11.942538580246913,3,4.0,0.0,0.0,0.0,0.2641651396187032
colonia jordaozinho,2,843.4,227.63,2,0,-13.428148148148148,2,3.0,1.0,0.0,50.0,0.269895660422101
colonia leopoldina,2,477.98,53.870000000000005,2,0,-18.969241898148148,2,4.5,0.0,0.0,0.0,0.11270346039583247
colonia vitoria,5,294.90999999999997,111.53,5,1,-5.718990740740741,5,3.2,1.0,20.0,20.0,0.3781831745278221
colorado,9,1225.48,180.17,9,0,-15.041553497942386,9,4.333333333333333,0.0,0.0,0.0,0.14701994320592746
colorado do oeste,3,199.88,134.76,3,0,-29.34866898148148,3,5.0,0.0,0.0,0.0,0.6742045227136282
coluna,3,297.88,46.68,3,0,-15.247854938271606,3,4.666666666666667,0.0,0.0,0.0,0.15670739895259836
combinado,1,29.0,25.63,1,0,-18.253541666666667,1,5.0,0.0,0.0,0.0,0.8837931034482758
comendador levy gasparian,7,603.6899999999999,142.87,7,0,-17.428771494708993,7,3.7142857142857144,2.0,0.0,28.57142857142857,0.23666120028491447
comercinho,1,129.0,15.65,1,0,-9.552962962962964,1,5.0,0.0,0.0,0.0,0.12131782945736434
comodoro,7,2245.02,259.26,7,0,-8.6825,7,4.857142857142857,0.0,0.0,0.0,0.11548226741855307
conceicao,2,114.49,60.75,2,0,-16.173524305555556,2,4.0,0.0,0.0,0.0,0.5306140274259761
conceicao da aparecida,6,866.08,197.57,5,0,-13.43213888888889,6,4.333333333333333,0.0,0.0,0.0,0.22811980417513392
conceicao da barra,3,306.87,91.72,3,1,-9.39233024691358,3,1.6666666666666667,2.0,33.33333333333333,66.66666666666666,0.2988887802652589
conceicao da feira,2,603.99,198.96,2,1,24.956556712962964,2,2.5,1.0,50.0,50.0,0.32940942730839917
conceicao da ibitipoca,1,39.99,15.1,1,1,17.71105324074074,1,5.0,0.0,100.0,0.0,0.3775943985996499
conceicao das alagoas,3,1542.4,99.0,3,0,-16.640922067901233,3,2.3333333333333335,2.0,0.0,66.66666666666666,0.0641856846473029
conceicao das pedras,4,313.59000000000003,98.46000000000001,4,0,-11.364114583333333,4,3.75,1.0,0.0,25.0,0.31397684875155457
conceicao de macabu,13,1668.47,366.7,12,1,-9.007967785493827,13,4.230769230769231,2.0,8.333333333333332,15.384615384615385,0.21978219566429122
conceicao do almeida,1,99.0,21.14,1,0,-15.397326388888889,1,4.0,0.0,0.0,0.0,0.21353535353535355
conceicao do araguaia,7,1143.8899999999999,350.71000000000004,7,1,-17.105863095238096,7,4.428571428571429,0.0,14.285714285714285,0.0,0.30659416552290875
conceicao do caninde,1,155.44,26.37,1,0,-13.04605324074074,1,5.0,0.0,0.0,0.0,0.1696474523932064
conceicao do castelo,5,507.83000000000004,150.17000000000002,5,0,-17.81305092592593,5,4.4,0.0,0.0,0.0,0.29570919402162144
conceicao do coite,9,997.89,309.15,9,1,-12.525065586419752,8,4.5,0.0,11.11111111111111,0.0,0.3098036857769894
conceicao do formoso,1,195.99,19.25,1,0,-10.342650462962963,1,5.0,0.0,0.0,0.0,0.09821929690290321
conceicao do jacuipe,3,177.89,69.19,3,2,-2.215324074074074,3,2.3333333333333335,2.0,66.66666666666666,66.66666666666666,0.3889482264320648
conceicao do mato dentro,12,1317.91,288.43,12,0,-13.03509162808642,12,4.166666666666667,2.0,0.0,16.666666666666664,0.21885409474091552
conceicao do para,3,694.99,54.56,3,0,-19.234953703703706,3,4.333333333333333,0.0,0.0,0.0,0.07850472668671492
conceicao do rio verde,5,825.89,144.26,5,0,-16.060300925925926,5,4.8,0.0,0.0,0.0,0.17467217183886474
conceicao do tocantins,3,367.97,66.0,3,1,-13.708229166666667,3,4.666666666666667,0.0,33.33333333333333,0.0,0.17936244802565426
conceicao dos ouros,4,632.78,82.14,4,0,-19.243776041666667,4,4.75,0.0,0.0,0.0,0.12980814817156042
conchal,19,2075.2400000000002,389.64,19,1,-15.368117690058478,19,4.315789473684211,2.0,5.263157894736842,10.526315789473683,0.18775659682735488
conchas,10,1213.02,195.54,8,1,-14.261472800925926,10,3.9,1.0,12.5,10.0,0.16120096948112975
concordia,50,5963.39,1276.79,47,9,-8.515638544129235,50,3.94,10.0,19.148936170212767,20.0,0.21410472902157998
concordia do para,3,929.78,191.12,3,1,-9.689008487654322,3,3.3333333333333335,1.0,33.33333333333333,33.33333333333333,0.2055540020219837
condado,4,944.8,126.31,4,0,-20.133550347222222,4,4.5,0.0,0.0,0.0,0.1336896697713802
conde,2,819.0,62.52,2,2,7.381458333333334,2,3.5,1.0,100.0,50.0,0.07633699633699634
condeuba,1,56.99,16.84,1,0,-12.251493055555555,1,5.0,0.0,0.0,0.0,0.29549043691875765
condor,4,216.8,84.67,4,0,-24.232896412037036,4,4.0,0.0,0.0,0.0,0.3905442804428044
confins,1,389.0,55.25,1,0,-1.2887731481481481,1,5.0,0.0,0.0,0.0,0.14203084832904883
confresa,7,1065.6499999999999,305.97,7,0,-15.165902777777777,7,5.0,0.0,0.0,0.0,0.287120536761601
congonhal,4,455.84000000000003,112.35000000000001,4,0,-9.544163773148147,4,5.0,0.0,0.0,0.0,0.24646805896805896
congonhas,30,2938.61,680.22,30,2,-13.97875887345679,30,4.2,3.0,6.666666666666667,10.0,0.23147678664402557
congonhinhas,2,285.70000000000005,53.16,2,0,-12.504583333333333,2,4.0,0.0,0.0,0.0,0.18606930346517322
conquista,6,453.88,148.54000000000002,6,0,-13.380025077160495,6,4.666666666666667,0.0,0.0,0.0,0.32726711906230727
conquista d'oeste,1,89.99,64.05,1,0,-8.216539351851852,1,5.0,0.0,0.0,0.0,0.7117457495277253
conrado,1,104.9,21.22,1,0,-16.26528935185185,1,5.0,0.0,0.0,0.0,0.20228789323164917
conselheiro lafaiete,84,9434.37,1758.01,82,8,-11.016650434733513,84,4.0,14.0,9.75609756097561,16.666666666666664,0.1863410063417059
conselheiro mairinck,1,67.0,14.55,1,0,-20.314131944444444,1,5.0,0.0,0.0,0.0,0.21716417910447763
conselheiro pena,15,2000.56,392.62,15,0,-14.194895833333334,14,4.571428571428571,1.0,0.0,7.142857142857142,0.1962550485863958
conservatoria,4,864.09,133.07999999999998,4,1,-5.401186342592593,4,4.0,1.0,25.0,25.0,0.15401173488872685
constantina,1,330.0,18.77,1,0,-21.285740740740742,1,5.0,0.0,0.0,0.0,0.056878787878787876
contagem,426,49542.22,8851.62,416,27,-11.777431195468305,426,3.9577464788732395,75.0,6.490384615384616,17.6056338028169,0.17866821470656746
contenda,1,89.9,14.71,1,0,-9.126018518518519,1,4.0,0.0,0.0,0.0,0.16362625139043382
coqueiro baixo,2,86.99,34.77,2,0,-14.86810763888889,2,4.5,0.0,0.0,0.0,0.39970111507069783
coqueiros do sul,1,25.73,23.33,1,0,-13.278530092592593,1,5.0,0.0,0.0,0.0,0.9067236688690244
coracao de jesus,3,123.9,49.480000000000004,3,0,-12.449513888888887,3,4.666666666666667,0.0,0.0,0.0,0.39935431799838583
coracao de maria,1,279.9,26.16,1,0,-19.583217592592593,1,5.0,0.0,0.0,0.0,0.0934619506966774
corbelia,3,733.8,51.42,3,0,-13.023109567901235,3,4.333333333333333,0.0,0.0,0.0,0.07007358953393296
cordeiro,24,2604.86,493.57,24,1,-12.291487750771603,23,4.565217391304348,1.0,4.166666666666666,4.3478260869565215,0.18948043272959006
cordeiropolis,16,1338.05,367.23999999999995,15,0,-13.93640200617284,16,3.9375,3.0,0.0,18.75,0.2744591009304585
cordeiros,1,322.75,40.89,1,0,-14.601087962962962,1,2.0,1.0,0.0,100.0,0.1266924864446166
coreau,1,29.99,24.82,1,0,-6.29693287037037,1,5.0,0.0,0.0,0.0,0.8276092030676893
coremas,3,284.69000000000005,82.9,3,1,-15.957083333333335,3,5.0,0.0,33.33333333333333,0.0,0.29119393023991
corguinho,2,225.41,37.260000000000005,2,0,-17.498825231481483,2,5.0,0.0,0.0,0.0,0.1652987888736081
coribe,8,654.97,161.81,8,0,-14.458628472222223,8,4.625,0.0,0.0,0.0,0.24704948318243583
corinto,11,1362.8600000000001,182.77,11,0,-13.669277146464646,11,4.454545454545454,1.0,0.0,9.090909090909092,0.13410768530883582
cornelio procopio,24,2234.17,471.41,24,0,-16.36801311728395,23,4.478260869565218,1.0,0.0,4.3478260869565215,0.21100005818715675
coroaci,2,338.9,36.09,2,0,-8.217233796296295,2,4.5,0.0,0.0,0.0,0.10649159043965774
coroados,2,209.9,29.44,2,0,-8.16839699074074,2,4.5,0.0,0.0,0.0,0.14025726536445926
coroata,9,873.48,454.99,9,1,-12.240288065843622,9,5.0,0.0,11.11111111111111,0.0,0.5208934377432798
coromandel,25,2403.93,544.48,25,3,-10.584463425925925,25,3.72,6.0,12.0,24.0,0.22649577982719965
coronel domingos soares,1,89.0,17.87,1,0,-6.088657407407408,1,5.0,0.0,0.0,0.0,0.2007865168539326
coronel fabriciano,41,4201.7,774.78,40,0,-14.763492476851852,41,4.073170731707317,6.0,0.0,14.634146341463413,0.18439679177475785
coronel freitas,1,79.99,18.66,1,0,-17.235023148148148,1,3.0,0.0,0.0,0.0,0.2332791598949869
coronel joao pessoa,1,89.9,34.43,1,0,-37.88759259259259,1,5.0,0.0,0.0,0.0,0.3829810901001112
coronel joao sa,3,587.99,101.72,3,0,-7.0441010802469135,3,5.0,0.0,0.0,0.0,0.17299613939012567
coronel macedo,2,92.9,25.35,2,0,-21.69398148148148,2,5.0,0.0,0.0,0.0,0.2728740581270183
coronel martins,2,121.30000000000001,30.84,2,0,-6.732256944444444,2,4.0,0.0,0.0,0.0,0.2542456718878813
coronel murta,1,219.8,36.04,1,0,-5.3829976851851855,1,5.0,0.0,0.0,0.0,0.16396724294813467
coronel pacheco,1,99.9,0.0,1,0,-11.296504629629629,1,5.0,0.0,0.0,0.0,0.0
coronel sapucaia,1,89.9,16.33,1,0,-14.594641203703704,1,5.0,0.0,0.0,0.0,0.18164627363737484
coronel vivida,11,856.87,201.72,11,1,-16.320117845117846,11,4.2727272727272725,1.0,9.090909090909092,9.090909090909092,0.23541494042270122
corrego danta,1,25.4,32.22,1,0,-22.391770833333332,1,1.0,1.0,0.0,100.0,1.2685039370078741
corrego do ouro,1,28.9,16.11,1,0,-2.1475694444444446,1,5.0,0.0,0.0,0.0,0.557439446366782
corrego fundo,1,129.0,15.65,1,1,1.8144907407407407,1,3.0,0.0,100.0,0.0,0.12131782945736434
correia pinto,11,1454.23,225.95,11,1,-9.441067971380471,11,4.090909090909091,0.0,9.090909090909092,0.0,0.1553743218060417
corrente,4,1489.9,341.24,4,2,-5.1507378472222225,4,2.5,2.0,50.0,50.0,0.22903550573864018
correntes,1,169.9,51.69,1,0,-34.448738425925924,1,5.0,0.0,0.0,0.0,0.30423778693349024
correntina,2,130.99,57.12,2,0,-14.98609375,2,3.0,1.0,0.0,50.0,0.43606382166577595
cortes,2,249.89000000000001,55.43,2,0,-12.941475694444446,2,5.0,0.0,0.0,0.0,0.2218175997438873
corumba,28,4700.17,926.91,27,6,-6.578144718792867,28,3.7857142857142856,6.0,22.22222222222222,21.428571428571427,0.19720776057036235
corumba de goias,2,126.99,36.29,2,0,-16.60817708333333,2,5.0,0.0,0.0,0.0,0.28577053311284356
corumbaiba,4,176.8,79.67,4,0,-13.743061342592593,4,3.75,1.0,0.0,25.0,0.4506221719457013
corumbatai,2,49.59,24.54,2,0,-12.87622685185185,2,5.0,0.0,0.0,0.0,0.4948578342407743
corumbatai do sul,1,27.49,18.29,1,0,-15.477881944444444,1,5.0,0.0,0.0,0.0,0.6653328483084758
corupa,4,434.65,133.78,4,0,-15.312314814814814,4,4.5,0.0,0.0,0.0,0.3077878753019671
coruripe,3,1222.3,136.79,3,0,-15.120104166666666,3,3.3333333333333335,1.0,0.0,33.33333333333333,0.1119119692383212
cosmopolis,52,6747.8,1004.15,50,1,-10.113382175925926,52,4.134615384615385,7.0,2.0,13.461538461538462,0.1488114644773111
cosmorama,6,973.98,117.57,6,0,-12.15645640432099,6,4.666666666666667,0.0,0.0,0.0,0.12071089755436455
costa marques,2,1534.9,123.38000000000001,2,0,-15.105642361111112,2,3.0,1.0,0.0,50.0,0.0803830868460486
costa rica,12,1043.66,230.24,12,3,-9.221822916666666,12,3.9166666666666665,2.0,25.0,16.666666666666664,0.22060824406415883
cotegipe,1,84.99,18.16,1,0,-5.24457175925926,1,2.0,1.0,0.0,100.0,0.21367219672902696
cotia,250,31082.38,4184.8,242,7,-10.67170143671564,248,4.181451612903226,33.0,2.8925619834710745,13.306451612903224,0.13463576470012914
cotipora,1,112.0,15.53,1,0,-11.030104166666666,1,5.0,0.0,0.0,0.0,0.13866071428571428
cotriguacu,2,167.66,52.81999999999999,2,0,-12.761267361111111,2,3.0,0.0,0.0,0.0,0.3150423476082548
couto de magalhaes,2,194.89,47.74,2,1,-6.354537037037037,2,4.0,0.0,50.0,0.0,0.24495869464826314
coxilha,2,115.9,75.6,2,1,-5.911626157407408,2,3.5,1.0,50.0,50.0,0.6522864538395168
coxim,11,1598.75,255.87,11,3,-7.343683712121211,11,3.272727272727273,5.0,27.27272727272727,45.45454545454545,0.16004378420641127
crateus,9,2407.76,371.64,9,0,-17.543910751028804,9,4.222222222222222,1.0,0.0,11.11111111111111,0.1543509319865767
crato,19,3128.56,767.27,18,0,-17.873211162551442,19,4.473684210526316,1.0,0.0,5.263157894736842,0.24524701460096657
cravinhos,24,2363.95,474.37,24,1,-13.692635030864198,24,4.708333333333333,1.0,4.166666666666666,4.166666666666666,0.20066837285052563
cravolandia,1,139.9,47.93,1,0,-10.155706018518519,1,5.0,0.0,0.0,0.0,0.3426018584703359
criciuma,93,15422.08,2390.15,91,11,-10.833164936914937,93,3.89247311827957,17.0,12.087912087912088,18.27956989247312,0.15498233701290617
crisolita,2,103.9,30.34,2,0,-14.355162037037037,2,3.5,0.0,0.0,0.0,0.29201154956689124
crisopolis,4,214.60000000000002,78.97,3,0,-15.244594907407409,4,2.75,2.0,0.0,50.0,0.367986952469711
crissiumal,2,1589.0,82.3,2,0,-10.662939814814816,2,4.5,0.0,0.0,0.0,0.05179358086847073
cristais,3,208.7,40.91,3,0,-16.889097222222222,3,5.0,0.0,0.0,0.0,0.19602299952084332
cristais paulista,4,543.78,56.86,4,0,-14.437112268518518,4,4.5,0.0,0.0,0.0,0.1045643458751701
cristal,3,533.0,98.04,3,0,-14.852723765432097,3,3.6666666666666665,1.0,0.0,33.33333333333333,0.18393996247654784
cristalandia,3,948.69,119.24,3,0,-11.451994598765431,3,2.3333333333333335,2.0,0.0,66.66666666666666,0.1256891081385911
cristalia,3,418.7,98.61,3,0,-13.051693672839505,3,4.0,0.0,0.0,0.0,0.23551468832099356
cristalina,8,2112.65,162.84,8,1,-7.199680266203703,8,3.875,1.0,12.5,12.5,0.07707855063545783
cristiano otoni,2,210.2,69.18,2,0,-13.095850694444444,2,2.5,1.0,0.0,50.0,0.32911512844909613
cristina,8,1079.32,177.06,7,2,-6.9613872354497355,8,3.5,2.0,28.57142857142857,25.0,0.16404773375829226
cristinapolis,1,77.9,67.47,1,0,-16.384085648148147,1,5.0,0.0,0.0,0.0,0.8661103979460847
cristopolis,2,63.41,50.54,2,0,-11.466238425925926,2,3.5,0.0,0.0,0.0,0.7970351679545813
crixas,8,893.68,235.76,8,1,-17.210108506944447,8,3.875,2.0,12.5,25.0,0.2638080744785606
croata,1,58.99,28.81,1,0,-13.090451388888889,1,5.0,0.0,0.0,0.0,0.4883878623495507
crominia,1,45.9,15.1,1,0,-18.171261574074073,1,4.0,0.0,0.0,0.0,0.3289760348583878
crucilandia,1,17.0,13.47,1,0,-12.296793981481482,1,5.0,0.0,0.0,0.0,0.7923529411764706
cruz,7,1480.58,291.97,7,1,-11.42893187830688,7,3.5714285714285716,2.0,14.285714285714285,28.57142857142857,0.1971997460454687
cruz alta,33,3152.1,684.83,30,0,-14.66107600308642,33,4.363636363636363,4.0,0.0,12.121212121212121,0.21726150820088197
cruz das almas,18,2007.24,479.33,18,1,-14.25467785493827,18,4.277777777777778,1.0,5.555555555555555,5.555555555555555,0.23880054203782308
cruz machado,3,441.77,81.46,3,0,-14.930679012345678,3,5.0,0.0,0.0,0.0,0.1843945944722367
cruzalia,3,292.4,55.85,3,0,-5.425559413580246,3,3.6666666666666665,1.0,0.0,33.33333333333333,0.19100547195622436
cruzeiro,56,6109.5,1349.27,56,3,-10.49231750165344,56,4.017857142857143,8.0,5.357142857142857,14.285714285714285,0.22084785989033473
cruzeiro da fortaleza,2,114.9,29.4,2,0,-22.329594907407408,2,4.0,0.0,0.0,0.0,0.2558746736292428
cruzeiro do iguacu,1,129.99,18.16,1,0,-10.508449074074074,1,3.0,0.0,0.0,0.0,0.13970305408108316
cruzeiro do oeste,7,825.39,157.11,7,0,-16.185049603174605,7,3.7142857142857144,1.0,0.0,14.285714285714285,0.19034638171046417
cruzeiro do sul,7,3205.6800000000003,331.75,6,0,-21.55880787037037,7,4.428571428571429,1.0,0.0,14.285714285714285,0.10348818347433304
cruzilia,4,377.9,69.36,4,0,-15.243003472222222,4,4.25,0.0,0.0,0.0,0.1835406192114316
cubatao,79,6996.03,1175.39,79,8,-8.321892287857478,78,4.3076923076923075,4.0,10.126582278481013,5.128205128205128,0.1680081417603984
cubati,2,135.89000000000001,51.7,2,1,-7.089346064814815,2,4.0,0.0,50.0,0.0,0.380454779601148
cuiaba,248,39171.17,7933.51,243,18,-11.955982843697607,245,3.9224489795918367,47.0,7.4074074074074066,19.183673469387756,0.20253441497917984
cuite,4,678.89,117.62,3,0,-24.53670138888889,4,2.5,2.0,0.0,50.0,0.17325339893060732
cuite velho,1,19.99,15.1,1,0,-7.602060185185185,1,5.0,0.0,0.0,0.0,0.7553776888444222
cujubim,1,89.9,43.04,1,0,-23.192013888888887,1,5.0,0.0,0.0,0.0,0.478754171301446
cumari,2,199.9,29.61,2,0,-13.295028935185186,2,5.0,0.0,0.0,0.0,0.1481240620310155
cumaru,2,330.99,68.99000000000001,2,1,0.2499652777777781,2,3.0,1.0,50.0,50.0,0.2084353001601257
cunha,15,2845.12,272.88,14,0,-12.537846395502646,15,4.2,2.0,0.0,13.333333333333334,0.09591159599595096
cunha pora,5,645.4200000000001,175.53,5,1,-7.224451388888889,5,5.0,0.0,20.0,0.0,0.2719624430603328
cupira,1,39.9,25.63,1,0,-4.094189814814815,1,2.0,1.0,0.0,100.0,0.6423558897243108
curaca,3,308.9,233.33999999999997,3,2,3.35409336419753,3,3.6666666666666665,1.0,66.66666666666666,33.33333333333333,0.755390093881515
curitiba,1521,211738.06,33001.81,1489,74,-12.732134666567172,1512,4.201719576719577,185.0,4.969778374748153,12.235449735449736,0.15586149226076784
curitibanos,21,2878.94,590.86,20,1,-14.024583912037036,21,3.9523809523809526,2.0,5.0,9.523809523809524,0.2052352601999347
curiuva,4,295.70000000000005,68.82,4,0,-8.164644097222222,4,5.0,0.0,0.0,0.0,0.23273588096043282
currais novos,8,1462.79,306.3,7,2,9.307509920634923,8,2.625,4.0,28.57142857142857,50.0,0.20939437649970263
curral de cima,1,199.0,0.0,1,0,-22.47304398148148,1,5.0,0.0,0.0,0.0,0.0
curralinho,1,188.76,166.53,1,0,-4.075243055555555,1,5.0,0.0,0.0,0.0,0.8822314049586777
curuca,3,524.7,79.75,3,0,-18.578541666666666,3,4.666666666666667,0.0,0.0,0.0,0.15199161425576518
cururupu,3,629.26,125.41,3,0,-5.777025462962963,3,3.0,1.0,0.0,33.33333333333333,0.19929758764262784
curvelandia,1,189.0,54.78,1,0,-11.56611111111111,1,5.0,0.0,0.0,0.0,0.28984126984126984
curvelo,44,5541.0,1193.3700000000001,42,3,-12.38986937830688,44,3.522727272727273,14.0,7.142857142857142,31.818181818181817,0.2153708716838116
custodia,5,584.88,167.29,5,0,-18.540104166666666,5,3.2,2.0,0.0,40.0,0.2860244836547668
damianopolis,2,33.64,30.2,2,0,-17.203541666666666,2,4.5,0.0,0.0,0.0,0.8977407847800237
dario meira,2,138.99,86.27000000000001,2,0,-19.212662037037035,2,5.0,0.0,0.0,0.0,0.6206921361249012
datas,1,780.0,140.94,1,0,-15.080219907407407,1,5.0,0.0,0.0,0.0,0.18069230769230768
david canabarro,2,167.88,54.89,2,0,-21.738871527777775,2,3.5,1.0,0.0,50.0,0.326959733142721
delfim moreira,1,24.9,14.47,1,0,-34.14534722222222,1,5.0,0.0,0.0,0.0,0.581124497991968
delfinopolis,3,233.58999999999997,84.43,3,0,-17.89292052469136,3,3.6666666666666665,1.0,0.0,33.33333333333333,0.3614452673487736
delmiro gouveia,4,1125.8,227.91,4,0,-11.205413773148148,4,4.25,0.0,0.0,0.0,0.2024427074080654
demerval lobao,1,15.0,25.38,1,0,-17.15795138888889,1,5.0,0.0,0.0,0.0,1.692
denise,2,507.0,59.63,2,0,-12.251672453703703,2,4.5,0.0,0.0,0.0,0.11761341222879684
deodapolis,2,76.8,34.41,2,1,-1.6569328703703707,2,4.0,0.0,50.0,0.0,0.44804687499999996
deputado irapuan pinheiro,3,169.98000000000002,69.02,2,0,-11.252824074074073,3,3.6666666666666665,1.0,0.0,33.33333333333333,0.40604777032592065
descalvado,13,1231.74,207.83,13,0,-12.577985220797721,13,4.6923076923076925,0.0,0.0,0.0,0.168728790166756
descoberto,3,206.98000000000002,57.04,3,0,-15.29358410493827,3,4.666666666666667,0.0,0.0,0.0,0.2755821818533191
desembargador otoni,1,169.99,26.03,1,1,5.803333333333334,1,3.0,0.0,100.0,0.0,0.15312665450908877
desterro,1,559.0,80.98,1,0,-13.132893518518518,1,2.0,1.0,0.0,100.0,0.14486583184257604
desterro de entre rios,1,39.9,18.38,1,0,-8.304363425925926,1,4.0,0.0,0.0,0.0,0.4606516290726817
desterro do melo,1,24.9,10.96,1,0,-8.64224537037037,1,5.0,0.0,0.0,0.0,0.4401606425702812
dezesseis de novembro,1,79.9,22.85,1,0,-14.872083333333334,1,4.0,0.0,0.0,0.0,0.285982478097622
diadema,286,29393.24,4600.12,276,23,-8.91344471282877,285,3.975438596491228,43.0,8.333333333333332,15.087719298245613,0.15650265163010268
diamante d'oeste,1,289.9,17.79,1,0,-11.4965625,1,5.0,0.0,0.0,0.0,0.06136598827181787
diamante do norte,5,391.25,124.02000000000001,5,0,-13.89511574074074,5,4.8,0.0,0.0,0.0,0.31698402555910543
diamantina,27,2424.28,483.65,27,0,-13.441062671467764,27,4.407407407407407,2.0,0.0,7.4074074074074066,0.19950253271074295
diamantino,7,386.49,140.93,7,0,-20.855558862433863,7,4.071428571428571,0.0,0.0,0.0,0.3646407410282284
dianopolis,7,822.9499999999999,342.46000000000004,7,1,-7.807519841269841,7,4.142857142857143,1.0,14.285714285714285,14.285714285714285,0.4161370678656055
dias d avila,1,45.0,16.79,1,0,-12.463194444444444,1,5.0,0.0,0.0,0.0,0.3731111111111111
dias d'avila,24,2493.44,592.32,23,0,-15.728686594202898,24,4.125,3.0,0.0,12.5,0.23755133470225875
diogo de vasconcelos,2,191.62,53.09,2,1,-3.7599826388888893,2,5.0,0.0,50.0,0.0,0.27705876213338904
dionisio,2,118.80000000000001,35.620000000000005,2,0,-19.30383101851852,2,5.0,0.0,0.0,0.0,0.29983164983164984
dionisio cerqueira,3,428.0,72.53999999999999,3,0,-10.021670524691357,3,4.666666666666667,0.0,0.0,0.0,0.1694859813084112
diorama,2,196.87,70.05,2,0,-13.84410300925926,2,3.5,0.0,0.0,0.0,0.35581856047137705
divinesia,1,249.9,83.61,1,0,-21.29681712962963,1,5.0,0.0,0.0,0.0,0.3345738295318127
divino,14,1338.49,273.23,13,0,-12.968189992877493,14,4.285714285714286,1.0,0.0,7.142857142857142,0.20413301556231278
divino das laranjeiras,1,35.9,15.2,1,0,-12.382650462962962,1,3.0,0.0,0.0,0.0,0.4233983286908078
divino de sao lourenco,1,103.97,45.19,1,0,-9.552939814814815,1,5.0,0.0,0.0,0.0,0.4346446090218332
divinolandia,7,1370.68,112.22,7,1,-10.29317294973545,7,4.0,1.0,14.285714285714285,14.285714285714285,0.08187177167537281
divinolandia de minas,5,219.59,93.23,5,0,-10.970703703703704,5,4.4,0.0,0.0,0.0,0.42456396010747305
divinopolis,137,35301.770000000004,3490.4700000000003,132,2,-14.171880611672277,137,4.124087591240876,17.0,1.5151515151515151,12.408759124087592,0.09887521220607351
divinopolis de goias,1,79.0,15.3,1,0,-10.40582175925926,1,5.0,0.0,0.0,0.0,0.19367088607594937
divinopolis do tocantins,1,120.99,18.28,1,0,-11.523773148148148,1,4.0,0.0,0.0,0.0,0.15108686668319699
divisa alegre,2,190.99,41.36,2,0,-17.791221064814817,2,4.5,0.0,0.0,0.0,0.21655584061992772
divisa nova,1,689.9,98.81,1,0,-5.419502314814815,1,1.0,1.0,0.0,100.0,0.14322365560226122
dobrada,2,437.5,71.4,2,0,-6.886603009259259,2,5.0,0.0,0.0,0.0,0.1632
doce grande,1,49.49,18.23,1,1,5.760046296296296,1,4.0,0.0,100.0,0.0,0.36835724388765406
dois corregos,11,1233.69,168.9,11,0,-11.299825336700337,11,4.545454545454546,1.0,0.0,9.090909090909092,0.13690635410840649
dois irmaos,18,3398.76,448.66,17,2,-13.174921023965142,18,4.0,2.0,11.76470588235294,11.11111111111111,0.13200696724687827
dois irmaos do buriti,3,826.9,63.25,3,0,-12.015733024691357,3,4.0,0.0,0.0,0.0,0.07649050671181522
dois riachos,1,104.99,47.26,1,0,-4.095509259259259,1,5.0,0.0,0.0,0.0,0.4501381083912754
dois vizinhos,28,2409.52,591.38,27,2,-12.077878086419753,28,4.428571428571429,3.0,7.4074074074074066,10.714285714285714,0.24543477539094924
dom aquino,3,449.79999999999995,70.56,3,0,-13.892727623456787,3,4.333333333333333,0.0,0.0,0.0,0.15686971987550025
dom basilio,3,100.28,72.42999999999999,3,1,-13.702125771604939,3,5.0,0.0,33.33333333333333,0.0,0.7222776226565616
dom cavati,1,74.99,18.09,1,0,-15.42525462962963,1,2.0,1.0,0.0,100.0,0.24123216428857183
dom eliseu,5,343.87,171.21,5,0,-19.853342592592593,5,4.8,0.0,0.0,0.0,0.49789164509843836
dom feliciano,5,452.05,183.89999999999998,5,0,-15.01156712962963,5,4.6,0.0,0.0,0.0,0.40681340559672596
dom joaquim,2,149.0,14.38,1,0,-13.262638888888889,2,3.0,1.0,0.0,50.0,0.09651006711409396
dom macedo costa,1,55.9,26.93,1,1,7.84712962962963,1,5.0,0.0,100.0,0.0,0.4817531305903399
dom pedrito,10,1461.93,246.16,10,1,-18.337619212962963,10,4.1,1.0,10.0,10.0,0.16838015500058143
dom pedro,3,333.77,104.91,3,1,-7.4877777777777785,3,4.666666666666667,0.0,33.33333333333333,0.0,0.314318243101537
dom silverio,4,392.24,91.88,4,0,-23.52980034722222,4,4.75,0.0,0.0,0.0,0.2342443401998776
dom vicoso,2,272.3,41.5,2,0,-16.76870949074074,2,4.0,0.0,0.0,0.0,0.1524054351817848
domiciano ribeiro,2,114.89,34.489999999999995,2,0,-5.13370949074074,2,4.5,0.0,0.0,0.0,0.30020019148750976
domingos martins,9,1188.3,165.32999999999998,9,1,-9.58471579218107,9,4.0,2.0,11.11111111111111,22.22222222222222,0.1391315324413027
dona emma,1,30.21,17.6,1,0,-3.3830671296296297,1,5.0,0.0,0.0,0.0,0.5825885468387951
dona euzebia,2,316.89,38.05,2,0,-15.015752314814815,2,4.5,0.0,0.0,0.0,0.12007321152450377
dona francisca,2,258.7,81.44999999999999,2,0,-18.684675925925927,2,5.0,0.0,0.0,0.0,0.3148434480092771
dores de campos,8,1308.1399999999999,156.05,8,0,-14.310672743055555,8,4.25,1.0,0.0,12.5,0.11929151314079535
dores de guanhaes,1,57.9,14.58,0,0,,1,1.0,1.0,,100.0,0.2518134715025907
dores do indaia,7,744.57,184.29,7,0,-12.66148974867725,7,4.142857142857143,0.0,0.0,0.0,0.24751198678431843
dores do rio preto,4,411.76,114.57,4,1,-3.034652777777778,4,3.75,0.0,25.0,0.0,0.27824460850981153
dormentes,2,946.8,120.93,2,0,-26.416950231481483,2,3.0,1.0,0.0,50.0,0.12772496831432195
douradina,1,99.9,18.75,1,0,-11.799560185185186,1,4.0,0.0,0.0,0.0,0.18768768768768768
dourado,9,1120.33,196.6,9,1,-11.172222222222222,9,4.333333333333333,1.0,11.11111111111111,11.11111111111111,0.17548400917586784
dourados,64,8907.7,1688.94,63,8,-10.013532480893591,64,4.109375,10.0,12.698412698412698,15.625,0.18960449947797972
doutor camargo,1,211.05,19.58,1,0,-8.062789351851851,1,5.0,0.0,0.0,0.0,0.09277422411750769
doutor mauricio cardoso,1,0.0,0.0,0,0,,1,1.0,1.0,,100.0,
doutor ulysses,1,122.0,36.61,1,0,-19.292974537037036,1,2.0,1.0,0.0,100.0,0.30008196721311475
doverlandia,2,277.91999999999996,33.95,2,0,-14.592210648148148,2,4.5,0.0,0.0,0.0,0.12215745538284402
dracena,28,4538.05,648.34,27,3,-10.690044581618656,28,4.25,4.0,11.11111111111111,14.285714285714285,0.1428675312083384
duartina,10,1252.67,200.63,10,0,-12.799614583333334,10,4.5,1.0,0.0,10.0,0.1601618941940016
duas barras,1,14.89,22.06,1,1,21.824282407407406,1,1.0,1.0,100.0,100.0,1.48153122901276
duere,1,115.9,42.87,1,0,-25.369097222222223,1,4.0,0.0,0.0,0.0,0.3698878343399482
dumont,4,714.7,64.94,3,1,-14.291099537037036,4,3.75,1.0,33.33333333333333,25.0,0.09086329928641387
duque de caxias,266,34029.68,5878.37,250,32,-9.441846759259258,262,3.7977099236641223,60.0,12.8,22.900763358778626,0.17274244130417918
durande,2,117.49000000000001,28.7,2,0,-12.387876157407408,2,4.5,0.0,0.0,0.0,0.24427610860498764
echapora,2,787.47,59.779999999999994,2,0,-15.198055555555555,2,3.0,1.0,0.0,50.0,0.07591400307313294
ecoporanga,8,881.9200000000001,263.91,8,0,-17.708508391203704,8,4.5,0.0,0.0,0.0,0.29924482946298986
edeia,4,472.9,88.01,4,1,-9.318819444444443,4,4.25,0.0,25.0,0.0,0.18610699936561642
eldorado,7,550.66,147.53,6,0,-12.160063657407406,7,4.142857142857143,1.0,0.0,14.285714285714285,0.26791486579740675
eldorado do sul,15,1853.48,273.56,15,0,-14.928106481481482,15,4.0,2.0,0.0,13.333333333333334,0.14759263655394178
elias fausto,5,396.4,85.08,5,1,-7.031377314814814,5,4.0,1.0,20.0,20.0,0.2146316851664985
eliseu martins,4,408.98,134.07999999999998,3,0,-16.014251543209877,4,3.5,1.0,0.0,25.0,0.32783999217565646
elisiario,1,49.0,15.1,1,0,-16.323645833333334,1,5.0,0.0,0.0,0.0,0.3081632653061224
elisio medrado,2,79.82,38.93,2,0,-29.439265046296295,2,4.5,0.0,0.0,0.0,0.4877223753445252
eloi mendes,10,1795.3899999999999,282.56,10,1,-12.147472222222223,10,4.3,1.0,10.0,10.0,0.15738084761528137
embauba,1,399.0,15.81,1,0,-13.29298611111111,1,4.0,0.0,0.0,0.0,0.039624060150375943
embu,11,1517.88,201.78,11,0,-17.170026304713804,11,4.545454545454546,0.0,0.0,0.0,0.13293540991382718
embu das artes,165,20727.72,2518.92,157,12,-9.081253243689549,164,4.085365853658536,27.0,7.643312101910828,16.463414634146343,0.12152421974052138
embu-guacu,46,6244.68,818.14,46,0,-11.380563858695652,46,4.130434782608695,5.0,0.0,10.869565217391305,0.13101391904789356
emilianopolis,2,169.85000000000002,28.64,2,0,-3.2689062499999997,2,5.0,0.0,0.0,0.0,0.1686193700323815
encantado,11,2807.17,389.28,11,0,-16.4497601010101,11,4.636363636363637,0.0,0.0,0.0,0.1386734682972531
encruzilhada do sul,8,903.99,238.60000000000002,8,0,-21.40156105324074,8,4.5,0.0,0.0,0.0,0.2639409727983717
eneas marques,4,151.68,85.47,4,0,-9.54605613425926,4,4.25,0.0,0.0,0.0,0.5634889240506329
engenheiro balduino,1,179.6,25.94,1,0,-7.258298611111111,1,5.0,0.0,0.0,0.0,0.14443207126948776
engenheiro beltrao,2,76.8,26.560000000000002,0,0,,2,1.0,2.0,,100.0,0.3458333333333334
engenheiro coelho,13,1089.47,144.77,12,1,-9.487023533950618,13,4.153846153846154,2.0,8.333333333333332,15.384615384615385,0.1328811256849661
engenheiro navarro,1,1997.0,109.55,1,0,-16.35925925925926,1,5.0,0.0,0.0,0.0,0.054857285928893336
engenheiro passos,2,250.89000000000001,40.35,2,0,-21.09740740740741,2,5.0,0.0,0.0,0.0,0.16082745426282435
engenheiro paulo de frontin,6,449.12,141.77,6,2,-5.229618055555555,6,3.5,2.0,33.33333333333333,33.33333333333333,0.3156617385108657
entre folhas,1,84.99,21.08,1,0,-14.48017361111111,1,5.0,0.0,0.0,0.0,0.24802917990351805
entre rios,6,1103.4,138.12,6,0,-18.102459490740742,6,4.333333333333333,0.0,0.0,0.0,0.12517672648178357
entre rios de minas,7,1503.86,205.76,7,0,-14.617891865079367,7,3.5714285714285716,2.0,0.0,28.57142857142857,0.13682124665859854
entre rios do oeste,3,93.89,54.69,3,0,-14.684652777777778,3,4.666666666666667,0.0,0.0,0.0,0.5824901480455852
entre-ijuis,3,454.5,98.02,3,0,-16.674158950617283,3,5.0,0.0,0.0,0.0,0.21566556655665567
epitaciolandia,1,92.34,47.18,1,0,-30.982534722222223,1,1.0,1.0,0.0,100.0,0.5109378384232185
erebango,1,119.99,19.43,1,0,-7.364918981481481,1,4.0,0.0,0.0,0.0,0.16193016084673723
erechim,58,6478.28,1405.5,56,3,-12.511797495039684,58,3.896551724137931,8.0,5.357142857142857,13.793103448275861,0.216955735164272
erere,1,188.0,38.23,1,0,-25.89402777777778,1,5.0,0.0,0.0,0.0,0.2033510638297872
erico cardoso,1,8.09,16.79,1,0,-16.19408564814815,1,5.0,0.0,0.0,0.0,2.0754017305315204
erval grande,2,395.9,36.839999999999996,2,0,-10.80568287037037,2,3.5,1.0,0.0,50.0,0.09305380146501642
ervalia,7,1076.83,153.62,7,0,-17.32578373015873,7,4.714285714285714,0.0,0.0,0.0,0.1426594727115701
escada,10,2658.43,898.27,10,2,-8.894702546296298,10,4.1,1.0,20.0,10.0,0.33789492294324097
esmeralda,1,145.0,15.76,1,0,-16.194675925925925,1,4.0,0.0,0.0,0.0,0.10868965517241379
esmeraldas,14,1780.97,262.27,14,0,-13.636531911375661,14,4.0,2.0,0.0,14.285714285714285,0.14726244686884113
espera feliz,19,3315.75,435.67,19,0,-12.989031432748538,19,4.315789473684211,2.0,0.0,10.526315789473683,0.13139410389806228
esperanca,6,1720.38,387.71000000000004,6,1,-11.474677854938271,6,4.166666666666667,0.0,16.666666666666664,0.0,0.22536300119740987
esperantina,5,499.1,192.94,5,0,-12.993208333333333,5,3.6,1.0,0.0,20.0,0.38657583650571026
esperantinopolis,3,640.61,130.8,3,0,-8.807264660493827,3,5.0,0.0,0.0,0.0,0.2041803905652425
espigao,2,74.89,25.63,2,0,-9.12478587962963,2,5.0,0.0,0.0,0.0,0.3422352784083322
espigao alto do iguacu,2,158.9,50.42,2,0,-14.270104166666666,2,3.5,0.0,0.0,0.0,0.3173064820641913
espigao do oeste,6,706.6800000000001,244.49,6,0,-22.317202932098766,6,4.333333333333333,1.0,0.0,16.666666666666664,0.34596988736061585
espinosa,6,2705.09,242.35000000000002,6,0,-15.46432484567901,6,4.333333333333333,1.0,0.0,16.666666666666664,0.089590364830745
espirito santo do pinhal,18,2160.02,304.26,18,0,-12.949848251028806,18,4.277777777777778,2.0,0.0,11.11111111111111,0.14085980685364025
espirito santo do turvo,2,229.70000000000002,39.14,2,0,-14.324930555555556,2,3.5,1.0,0.0,50.0,0.17039616891597736
esplanada,6,1660.9,147.44,5,0,-17.164662037037036,6,4.333333333333333,1.0,0.0,16.666666666666664,0.08877114817267746
espumoso,7,1210.71,269.75,7,2,-10.77312996031746,7,4.142857142857143,1.0,28.57142857142857,14.285714285714285,0.22280314856571762
estacao,5,704.1,111.12,5,0,-19.060465277777777,5,4.6,0.0,0.0,0.0,0.1578184916915211
estancia,9,2594.65,563.3000000000001,9,1,-13.380208333333334,8,4.25,1.0,11.11111111111111,12.5,0.21710057233152835
estancia velha,20,2782.1,781.75,20,0,-18.597567708333333,20,4.4,3.0,0.0,15.0,0.2809927752417239
esteio,41,6521.86,944.28,39,6,-9.818472815764482,41,3.731707317073171,8.0,15.384615384615385,19.51219512195122,0.14478691661581206
estevao de araujo,1,14.2,18.23,1,0,-9.94976851851852,1,5.0,0.0,0.0,0.0,1.2838028169014086
estiva,1,10.9,18.23,1,0,-6.961550925925926,1,5.0,0.0,0.0,0.0,1.6724770642201834
estiva gerbi,7,964.26,126.72,7,0,-14.069209656084656,7,4.714285714285714,0.0,0.0,0.0,0.13141683778234087
estreito,3,305.89,121.76,3,0,-14.168063271604936,3,3.6666666666666665,1.0,0.0,33.33333333333333,0.3980515871718592
estrela,16,2217.15,366.54,15,0,-15.068682098765432,16,4.375,1.0,0.0,6.25,0.16532034368445978
estrela d oeste,1,134.9,21.43,1,0,-8.436689814814814,1,5.0,0.0,0.0,0.0,0.15885841363973313
estrela d'oeste,1,227.07,30.38,1,0,-14.133541666666666,1,5.0,0.0,0.0,0.0,0.13379134187695424
estrela do indaia,2,112.80000000000001,34.7,2,0,-26.00834490740741,2,5.0,0.0,0.0,0.0,0.3076241134751773
estrela do norte,3,173.79,36.980000000000004,3,0,-17.667391975308643,3,4.666666666666667,0.0,0.0,0.0,0.21278554577363487
estrela do sul,1,89.9,15.38,1,0,-8.466469907407408,1,3.0,0.0,0.0,0.0,0.1710789766407119
estrela velha,1,14.9,15.1,1,0,-13.993229166666667,1,5.0,0.0,0.0,0.0,1.0134228187919463
euclides da cunha,5,524.1800000000001,101.44,5,0,-9.539905092592594,5,4.0,0.0,0.0,0.0,0.19352130947384483
euclides da cunha paulista,2,163.25,23.14,2,0,-12.919895833333333,2,4.0,0.0,0.0,0.0,0.1417457886676876
eugenio de castro,1,97.0,14.76,1,0,-0.32024305555555554,1,5.0,0.0,0.0,0.0,0.15216494845360826
eugenopolis,5,973.87,97.52,5,0,-9.668511574074074,5,4.4,0.0,0.0,0.0,0.10013656853584153
eunapolis,38,6944.8,971.98,36,2,-14.899848251028807,38,3.8421052631578947,5.0,5.555555555555555,13.157894736842104,0.13995795415274737
eusebio,13,2217.51,490.04999999999995,13,0,-14.166348824786326,13,3.923076923076923,2.0,0.0,15.384615384615385,0.22099111165225857
ewbank da camara,1,79.99,18.17,1,0,-8.163784722222223,1,5.0,0.0,0.0,0.0,0.22715339417427183
extrema,44,5477.83,958.68,42,1,-14.29219742063492,44,3.8181818181818183,10.0,2.380952380952381,22.727272727272727,0.17501090760392343
extremoz,2,111.78999999999999,48.349999999999994,2,1,-4.183408564814815,2,3.5,0.0,50.0,0.0,0.4325073799087575
fagundes,1,198.9,21.84,1,0,-16.459618055555556,1,5.0,0.0,0.0,0.0,0.10980392156862745
farol,1,126.99,25.73,1,0,-9.386377314814816,1,3.0,0.0,0.0,0.0,0.20261437908496732
farroupilha,28,3213.0299999999997,544.46,27,0,-15.48102752057613,28,4.285714285714286,3.0,0.0,10.714285714285714,0.16945375548936675
fartura,10,1771.4099999999999,335.0,10,2,-6.3876435185185185,9,3.888888888888889,1.0,20.0,11.11111111111111,0.18911488588186814
fatima,3,511.8,106.12,3,0,-34.5349575617284,3,4.333333333333333,0.0,0.0,0.0,0.20734661977334898
fatima do sul,4,1436.29,100.57,4,0,-15.531863425925927,4,5.0,0.0,0.0,0.0,0.07002067827527866
faxinal,9,848.05,147.68,9,1,-12.407946244855967,9,4.444444444444445,0.0,11.11111111111111,0.0,0.1741406756677083
faxinal dos guedes,11,1512.73,436.03999999999996,11,2,-9.474376052188552,11,3.727272727272727,3.0,18.181818181818183,27.27272727272727,0.28824707647762654
faxinalzinho,1,19.9,16.05,1,0,-31.41099537037037,1,1.0,1.0,0.0,100.0,0.806532663316583
fazenda nova,4,319.78999999999996,87.98,4,0,-15.677190393518519,4,4.0,0.0,0.0,0.0,0.2751180462178305
fazenda rio grande,29,4655.49,549.47,29,0,-13.189865102171137,29,4.482758620689655,1.0,0.0,3.4482758620689653,0.11802624428363073
fazenda vilanova,2,157.8,34.41,2,0,-8.404681712962962,2,4.0,0.0,0.0,0.0,0.2180608365019011
feira de santana,185,27652.19,4814.61,181,13,-11.874064674135461,184,4.059782608695652,24.0,7.18232044198895,13.043478260869565,0.1741131534247378
feira nova,5,480.78,168.99,5,0,-12.831523148148147,5,4.4,0.0,0.0,0.0,0.35149132659428434
felicio dos santos,1,169.9,21.68,1,1,27.720497685185187,1,1.0,1.0,100.0,100.0,0.1276044732195409
felipe guerra,1,122.99,34.66,1,0,-16.3240625,1,5.0,0.0,0.0,0.0,0.28181152939263354
felisburgo,1,99.9,23.57,1,0,-19.094560185185184,1,5.0,0.0,0.0,0.0,0.23593593593593593
felixlandia,1,75.0,15.28,1,0,-19.18818287037037,1,4.0,0.0,0.0,0.0,0.20373333333333332
feliz,14,2523.43,424.41999999999996,14,1,-12.130191798941798,13,4.461538461538462,0.0,7.142857142857142,0.0,0.16819170731900626
feliz deserto,2,309.89,113.86,2,0,-22.684780092592593,2,4.0,0.0,0.0,0.0,0.3674206976669141
feliz natal,1,259.99,19.39,1,0,-19.3871875,1,5.0,0.0,0.0,0.0,0.07457979153044347
fenix,1,44.99,22.93,1,0,-20.57462962962963,1,5.0,0.0,0.0,0.0,0.5096688152922871
fernando prestes,6,591.48,105.1,6,0,-13.423294753086418,5,4.2,1.0,0.0,20.0,0.17768986271725162
fernandopolis,53,7445.06,964.15,52,1,-12.470588497150997,53,4.377358490566038,4.0,1.9230769230769231,7.547169811320755,0.12950197849312162
fernao,1,29.0,11.85,1,0,-9.49449074074074,1,4.0,0.0,0.0,0.0,0.4086206896551724
ferraz de vasconcelos,111,15768.28,1867.5,109,8,-9.195246665817193,111,4.243243243243243,13.0,7.339449541284404,11.711711711711711,0.11843396997009185
ferreiros,1,95.0,38.94,1,0,-17.216087962962963,1,5.0,0.0,0.0,0.0,0.40989473684210526
ferros,2,119.6,27.759999999999998,2,0,-18.708501157407404,2,4.5,0.0,0.0,0.0,0.23210702341137124
fervedouro,8,965.76,162.85,8,0,-10.085740740740741,8,4.625,0.0,0.0,0.0,0.16862367461895295
figueira,4,928.78,84.09,4,0,-25.968090277777776,4,5.0,0.0,0.0,0.0,0.09053812528262883
figueiropolis d'oeste,2,77.98,36.44,2,0,-20.26019675925926,2,5.0,0.0,0.0,0.0,0.4672993075147473
filadelfia,1,79.9,19.26,1,0,-11.43912037037037,1,5.0,0.0,0.0,0.0,0.24105131414267836
firminopolis,7,613.49,219.01000000000002,7,0,-15.558227513227513,7,3.4285714285714284,1.0,0.0,14.285714285714285,0.3569903339907741
flor da serra do sul,2,197.10000000000002,34.96,2,0,-24.48923611111111,2,5.0,0.0,0.0,0.0,0.17737189244038556
flora rica,1,200.0,37.26,1,0,-31.098854166666666,1,5.0,0.0,0.0,0.0,0.1863
florai,2,387.39,35.56,2,0,-17.70074652777778,2,5.0,0.0,0.0,0.0,0.09179379953018922
florania,1,35.5,24.84,1,0,-19.663738425925924,1,3.0,0.0,0.0,0.0,0.699718309859155
floreal,2,192.89000000000001,32.11,2,0,-13.18140625,2,5.0,0.0,0.0,0.0,0.16646793509253976
flores,2,360.6,106.81,2,0,-21.20290509259259,2,2.5,1.0,0.0,50.0,0.29620077648363835
flores da cunha,12,1439.45,293.12,12,0,-18.285026041666665,12,4.5,0.0,0.0,0.0,0.20363333217548368
flores de goias,1,24.99,18.23,1,0,-23.434375,1,5.0,0.0,0.0,0.0,0.7294917967186876
floresta,11,1184.37,354.41,11,2,-13.831300505050505,11,3.272727272727273,4.0,18.181818181818183,36.36363636363637,0.2992392580021446
floresta do araguaia,1,129.99,56.8,1,0,-6.355543981481482,1,5.0,0.0,0.0,0.0,0.43695668897607504
florestal,3,299.5,82.97,3,0,-14.435115740740741,3,4.333333333333333,0.0,0.0,0.0,0.27702838063439067
florestopolis,3,492.70000000000005,83.07,3,0,-13.54824459876543,3,5.0,0.0,0.0,0.0,0.16860158311345644
floriano,18,2424.02,721.49,18,4,-10.2958487654321,18,3.7222222222222223,4.0,22.22222222222222,22.22222222222222,0.29764193364741215
florianopolis,570,85925.99,13999.38,557,71,-9.214715281933639,564,4.015070921985815,96.0,12.746858168761221,17.02127659574468,0.16292369747500143
florida,1,69.9,16.25,1,0,-13.459259259259259,1,5.0,0.0,0.0,0.0,0.23247496423462086
florida paulista,4,353.79,62.74,4,0,-11.959424189814815,4,4.25,0.0,0.0,0.0,0.17733683823737245
florinia,1,41.5,16.11,1,0,-19.076273148148147,1,5.0,0.0,0.0,0.0,0.38819277108433736
fonseca,1,89.65,17.88,1,0,-12.597615740740741,1,5.0,0.0,0.0,0.0,0.19944227551589513
fontoura xavier,1,199.0,15.16,1,0,-15.755300925925926,1,4.0,0.0,0.0,0.0,0.07618090452261307
formiga,32,4407.94,625.4,32,1,-14.112822265625,32,4.03125,6.0,3.125,18.75,0.14188033412433018
formigueiro,2,279.8,31.47,2,0,-17.279398148148147,2,3.0,0.0,0.0,0.0,0.11247319513938527
formosa,34,5282.15,841.97,34,2,-9.320870438453158,34,3.7941176470588234,8.0,5.88235294117647,23.52941176470588,0.15939910831763582
formosa da serra negra,1,99.0,56.5,1,1,6.931145833333333,1,4.0,0.0,100.0,0.0,0.5707070707070707
formosa do oeste,1,69.9,16.25,1,0,-13.286226851851852,1,1.0,1.0,0.0,100.0,0.23247496423462086
formosa do rio preto,3,1398.13,230.02999999999997,3,1,-4.8161304012345685,3,5.0,0.0,33.33333333333333,0.0,0.16452690379292337
formoso,3,867.99,61.04,3,0,-14.423121141975308,3,5.0,0.0,0.0,0.0,0.07032339082247491
formoso do araguaia,4,251.28000000000003,102.84,4,1,-6.522109374999999,4,2.5,2.0,25.0,50.0,0.4092645654250238
forquilha,4,348.47,128.98000000000002,4,0,-15.29673611111111,4,4.75,0.0,0.0,0.0,0.37013229259333663
forquilhinha,13,1143.85,324.33,13,3,-8.909088319088319,12,4.416666666666667,1.0,23.076923076923077,8.333333333333332,0.2835424225204354
fortaleza,654,97868.06,20778.01,618,111,-8.995780257401414,648,3.8117283950617282,142.0,17.96116504854369,21.91358024691358,0.21230634386744765
fortaleza dos valos,1,100.0,19.95,1,0,-28.06076388888889,1,1.0,1.0,0.0,100.0,0.19949999999999998
fortim,1,179.0,26.53,1,0,-0.09559027777777777,1,2.0,1.0,0.0,100.0,0.1482122905027933
fortuna,3,523.89,138.03,3,2,-3.839344135802469,3,4.333333333333333,0.0,66.66666666666666,0.0,0.26347133940330986
foz do iguacu,87,11586.380000000001,2316.29,86,6,-11.600005787037038,86,4.093023255813954,13.0,6.976744186046512,15.11627906976744,0.1999149000809571
foz do jordao,1,49.0,15.1,1,0,-3.4046180555555554,1,2.0,1.0,0.0,100.0,0.3081632653061224
fragosos,1,99.99,15.91,1,1,1.373877314814815,1,4.0,0.0,100.0,0.0,0.15911591159115912
fraiburgo,15,2715.57,337.15,13,1,-12.073004807692307,15,4.066666666666666,3.0,7.6923076923076925,20.0,0.1241544132539393
franca,161,22443.73,3361.59,154,8,-11.8714666005291,159,4.088050314465409,24.0,5.194805194805195,15.09433962264151,0.14977857958547888
francisco badaro,3,367.46,68.35,3,0,-16.333398919753087,3,3.6666666666666665,1.0,0.0,33.33333333333333,0.18600664017852284
francisco beltrao,52,7491.38,1147.71,50,1,-13.59873310185185,52,3.980769230769231,8.0,2.0,15.384615384615385,0.15320408255888768
francisco dantas,1,198.9,25.88,1,0,-18.591574074074074,1,5.0,0.0,0.0,0.0,0.13011563599798892
francisco dumont,2,108.89,32.98,2,0,-13.30982638888889,2,4.5,0.0,0.0,0.0,0.30287446046468913
francisco morato,100,9365.31,1416.0,94,4,-10.48488832249803,100,4.22,12.0,4.25531914893617,12.0,0.1511962764713608
francisco sa,3,532.8,66.95,3,0,-14.994386574074076,3,4.333333333333333,0.0,0.0,0.0,0.12565690690690692
francisco santos,1,20.9,20.8,1,0,-16.405358796296298,1,5.0,0.0,0.0,0.0,0.9952153110047848
franco da rocha,109,10122.2,1771.13,108,1,-11.158562242798356,107,4.158878504672897,11.0,0.9259259259259258,10.2803738317757,0.17497480784809627
frecheirinha,2,175.09,38.620000000000005,2,1,-0.7009548611111107,2,2.5,1.0,50.0,50.0,0.2205722771146268
frederico westphalen,14,1053.45,266.44,14,1,-14.586273974867725,14,4.214285714285714,2.0,7.142857142857142,14.285714285714285,0.25292135364753904
frei gaspar,1,74.9,14.29,1,0,-13.634733796296297,1,5.0,0.0,0.0,0.0,0.19078771695594124
frei inocencio,5,644.29,89.6,5,0,-15.224124999999997,5,4.2,0.0,0.0,0.0,0.139067811078862
frei lagonegro,1,206.74,53.6,1,0,-12.26491898148148,1,3.0,0.0,0.0,0.0,0.25926284221727774
frei martinho,2,268.9,124.31,2,0,-15.586840277777778,2,4.5,0.0,0.0,0.0,0.46229081442915587
frei rogerio,1,99.9,21.19,1,0,-16.361851851851853,1,5.0,0.0,0.0,0.0,0.21211211211211212
fronteira,6,949.6600000000001,129.87,6,1,-15.818834876543209,6,4.666666666666667,0.0,16.666666666666664,0.0,0.13675420676873828
fronteiras,3,1308.8000000000002,100.04,3,0,-17.269810956790124,3,4.666666666666667,0.0,0.0,0.0,0.0764364303178484
fruta de leite,2,178.9,33.26,2,0,-7.690219907407407,2,4.5,0.0,0.0,0.0,0.18591391839016208
frutal,26,3474.85,641.82,24,0,-15.328342978395062,26,4.269230769230769,3.0,0.0,11.538461538461538,0.18470437572844872
frutuoso gomes,1,79.99,35.88,1,0,-10.130185185185185,1,5.0,0.0,0.0,0.0,0.44855606950868865
fundao,5,1072.68,105.27,4,0,-20.37220196759259,5,4.0,1.0,0.0,20.0,0.098137375545363
gabriel monteiro,1,34.9,13.82,1,0,-6.966076388888889,1,3.0,0.0,0.0,0.0,0.39598853868194844
galia,1,199.0,18.64,1,0,-18.442175925925927,1,5.0,0.0,0.0,0.0,0.09366834170854271
galinhos,1,240.0,35.48,1,0,-0.6945949074074074,1,3.0,0.0,0.0,0.0,0.14783333333333332
galvao,1,59.5,18.52,1,0,-12.094525462962963,1,4.0,0.0,0.0,0.0,0.31126050420168067
gameleira,4,1657.98,169.14,4,1,-1.5157986111111112,4,3.5,1.0,25.0,25.0,0.10201570585893677
gameleiras,3,423.89,106.05,3,0,-13.238591820987656,3,5.0,0.0,0.0,0.0,0.2501828304512963
gandu,4,417.7,89.75,4,0,-12.783877314814815,4,3.5,1.0,0.0,25.0,0.2148671295187934
garanhuns,31,4107.48,1260.86,30,1,-16.802858024691357,31,4.387096774193548,2.0,3.3333333333333335,6.451612903225806,0.3069668020294682
garca,28,3013.41,563.97,27,0,-13.895041152263374,28,4.321428571428571,3.0,0.0,10.714285714285714,0.1871534241938535
garibaldi,10,1014.8,201.45000000000002,9,0,-21.546291152263375,10,4.2,1.0,0.0,10.0,0.19851202207331498
garopaba,23,2693.08,633.63,22,1,-9.621623526936027,23,4.391304347826087,2.0,4.545454545454546,8.695652173913043,0.23528079373802488
garrafao do norte,3,662.89,99.11,3,0,-8.024525462962963,3,3.3333333333333335,1.0,0.0,33.33333333333333,0.14951198539727556
garruchos,1,62.9,16.14,1,0,-24.37677083333333,1,2.0,1.0,0.0,100.0,0.2565977742448331
garuva,5,1467.38,180.28,5,0,-12.915349537037036,5,4.6,0.0,0.0,0.0,0.12285842794640787
gaspar,30,10643.039999999999,990.57,29,1,-10.305452187100894,30,4.133333333333334,4.0,3.4482758620689653,13.333333333333334,0.093072092184188
gastao vidigal,3,216.88,66.84,3,0,-13.177635030864197,3,4.0,0.0,0.0,0.0,0.3081888601991885
gaucha do norte,2,136.48000000000002,78.46000000000001,2,0,-19.100266203703704,2,4.5,0.0,0.0,0.0,0.5748827667057445
gaurama,3,277.88,78.73,3,0,-22.909552469135804,3,5.0,0.0,0.0,0.0,0.28332373686483375
gaviao peixoto,2,94.89,47.15,2,0,-16.794600694444444,2,4.5,0.0,0.0,0.0,0.49689113710612287
general camara,1,89.0,17.87,1,0,-15.057488425925927,1,4.0,0.0,0.0,0.0,0.2007865168539326
general carneiro,5,401.48,97.03999999999999,5,1,-10.169400462962964,5,4.0,1.0,20.0,20.0,0.2417056889508817
general maynard,1,197.5,20.35,1,0,-34.18136574074074,1,4.0,0.0,0.0,0.0,0.10303797468354431
general salgado,7,493.59,93.69,6,1,-11.335505401234569,7,3.0,3.0,16.666666666666664,42.857142857142854,0.18981340788913875
gentio do ouro,1,98.7,22.4,1,0,-5.001805555555555,1,5.0,0.0,0.0,0.0,0.22695035460992904
getulina,2,99.80000000000001,31.22,2,0,-11.307627314814816,2,3.5,1.0,0.0,50.0,0.31282565130260515
getulio vargas,8,746.61,173.33,8,1,-12.992553530092593,8,4.625,0.0,12.5,0.0,0.2321560118401843
gilbues,1,296.0,60.51,1,1,4.812488425925926,1,5.0,0.0,100.0,0.0,0.20442567567567566
girau do ponciano,1,39.9,34.15,1,0,-15.180914351851852,1,5.0,0.0,0.0,0.0,0.8558897243107769
girua,10,1335.28,225.69,10,1,-9.925313657407408,10,4.1,1.0,10.0,10.0,0.1690207297345875
glaura,1,69.9,19.46,1,1,37.47290509259259,1,3.0,0.0,100.0,0.0,0.27839771101573674
glicerio,4,739.98,107.15,4,3,0.2143171296296298,4,5.0,0.0,75.0,0.0,0.1448012108435363
gloria de dourados,1,45.8,30.2,1,0,-18.16347222222222,1,5.0,0.0,0.0,0.0,0.6593886462882096
gloria do goita,2,516.99,70.93,2,0,-19.341753472222223,2,5.0,0.0,0.0,0.0,0.13719801156695488
glorinha,2,249.8,33.5,2,0,-17.30978587962963,2,4.0,0.0,0.0,0.0,0.13410728582866294
godoy moreira,1,1049.0,52.83,1,0,-23.500960648148148,1,5.0,0.0,0.0,0.0,0.05036224976167779
goiabeira,2,259.98,42.29,2,0,-5.179224537037037,2,3.0,1.0,0.0,50.0,0.1626663589506885
goiana,13,695.63,295.58,12,0,-15.745384837962964,13,4.538461538461538,1.0,0.0,7.6923076923076925,0.4249097939996837
goianapolis,4,1086.98,137.06,4,0,-16.431438078703703,4,5.0,0.0,0.0,0.0,0.1260924764025097
goiandira,1,94.9,18.23,1,0,-14.127997685185186,1,5.0,0.0,0.0,0.0,0.19209694415173867
goianesia,18,2044.47,544.25,17,1,-11.653615876906319,17,3.8823529411764706,4.0,5.88235294117647,23.52941176470588,0.26620591155654033
goianesia do para,3,861.99,102.72,3,0,-19.27314814814815,3,3.3333333333333335,0.0,0.0,0.0,0.11916611561619044
goiania,692,106111.17,17949.36,660,76,-10.356116512345679,680,3.978676470588235,113.0,11.515151515151516,16.61764705882353,0.16915617837405808
goianinha,3,325.3,129.41,3,0,-22.698757716049382,3,4.666666666666667,0.0,0.0,0.0,0.3978173993237012
goianira,8,853.8100000000001,203.96,8,2,-5.859958043981481,8,4.625,0.0,25.0,0.0,0.23888218690340943
goianorte,2,184.99,44.51,2,0,-14.631383101851853,2,4.5,0.0,0.0,0.0,0.24060760041083298
goias,8,1084.21,152.52,8,0,-13.593048321759259,8,4.625,0.0,0.0,0.0,0.14067385469604599
goiatuba,10,2347.44,300.68,10,1,-8.66828935185185,10,3.6,3.0,10.0,30.0,0.1280884708448352
goioere,11,1935.28,255.73000000000002,11,0,-17.16001052188552,11,4.636363636363637,0.0,0.0,0.0,0.1321410855276756
goitacazes,11,1116.3400000000001,271.9,11,2,-10.762280092592592,11,4.2727272727272725,1.0,18.181818181818183,9.090909090909092,0.24356378880986074
goncalves,3,356.9,48.17,3,0,-8.316628086419753,3,5.0,0.0,0.0,0.0,0.1349677780891006
goncalves dias,1,65.0,34.25,1,1,17.930011574074076,1,5.0,0.0,100.0,0.0,0.5269230769230769
gongogi,1,29.99,22.14,1,0,-13.26898148148148,1,4.0,0.0,0.0,0.0,0.7382460820273425
gouveia,4,936.96,230.27,4,1,-9.282311921296296,3,2.6666666666666665,1.0,25.0,33.33333333333333,0.24576289275956284
governador celso ramos,3,389.97,73.39,3,0,-10.806369598765434,3,4.666666666666667,0.0,0.0,0.0,0.18819396363822857
governador dix-sept rosado,1,159.9,34.92,1,0,-13.417546296296296,1,5.0,0.0,0.0,0.0,0.21838649155722326
governador eugenio barros,1,346.32,71.13,1,0,-10.484849537037038,1,2.0,1.0,0.0,100.0,0.20538808038808037
governador lindenberg,2,101.97,34.31,2,0,-13.94666087962963,2,4.0,0.0,0.0,0.0,0.3364715112287928
governador mangabeira,1,98.0,18.26,1,0,-10.085706018518518,1,4.0,0.0,0.0,0.0,0.1863265306122449
governador portela,4,349.8,80.21,4,0,-14.249221643518519,4,4.5,0.0,0.0,0.0,0.22930245854774153
governador valadares,141,19659.05,3525.56,134,5,-12.779156042703152,139,4.237410071942446,16.0,3.731343283582089,11.510791366906476,0.1793352171137466
graccho cardoso,1,610.0,113.72,1,0,-11.095104166666667,1,5.0,0.0,0.0,0.0,0.1864262295081967
grajau,5,652.79,312.72,5,0,-10.491569444444446,5,5.0,0.0,0.0,0.0,0.4790514560578441
gramado,30,3176.24,646.71,29,0,-15.54202187100894,30,4.166666666666667,3.0,0.0,10.0,0.20360866937007283
gramado dos loureiros,1,209.99,27.55,1,0,-32.19280092592592,1,5.0,0.0,0.0,0.0,0.13119672365350732
gramado xavier,1,52.9,16.07,1,0,-23.419733796296295,1,4.0,0.0,0.0,0.0,0.30378071833648396
grandes rios,2,128.99,28.76,2,0,-14.333431712962962,2,5.0,0.0,0.0,0.0,0.22296302038917745
granja,5,460.68,239.62,5,1,-2.532537037037037,5,3.2,2.0,20.0,40.0,0.5201441347573152
grao mogol,3,899.8,99.5,3,1,-5.2906404320987654,3,5.0,0.0,33.33333333333333,0.0,0.11058012891753724
grao para,3,220.8,49.13,3,0,-9.34520061728395,3,4.0,0.0,0.0,0.0,0.2225090579710145
gravata,11,1970.99,523.03,10,1,-14.480131944444443,10,4.2,1.0,10.0,10.0,0.2653641063627923
gravatai,112,19110.02,2609.34,111,3,-14.36957259342676,112,4.169642857142857,17.0,2.7027027027027026,15.178571428571427,0.1365430282124247
gravatal,6,1260.27,158.01,6,0,-21.474265046296296,6,5.0,0.0,0.0,0.0,0.12537789521293055
groairas,1,152.15,26.35,1,0,-17.386168981481482,1,4.0,0.0,0.0,0.0,0.17318435754189945
grupiara,1,129.94,19.0,1,0,-22.225277777777777,1,4.0,0.0,0.0,0.0,0.1462213329228875
guabiju,1,33.6,18.23,1,0,-7.4139236111111115,1,5.0,0.0,0.0,0.0,0.5425595238095238
guabiruba,5,688.78,98.03,5,1,-7.81262037037037,5,3.8,1.0,20.0,20.0,0.14232410929469497
guacui,16,3797.29,514.46,16,0,-13.183020109953704,16,4.125,2.0,0.0,12.5,0.13548082974963727
guadalupe,4,1313.7,189.06,4,0,-24.266883680555555,4,3.75,1.0,0.0,25.0,0.14391413564740807
guaiba,31,5417.51,721.62,31,3,-13.75680443548387,31,4.064516129032258,5.0,9.67741935483871,16.129032258064516,0.1332014154104007
guaicara,8,767.23,150.33,8,0,-13.017657696759258,8,4.625,0.0,0.0,0.0,0.19593863639325887
guaira,43,4519.02,883.8100000000001,43,4,-11.768133882428941,43,4.255813953488372,5.0,9.30232558139535,11.627906976744185,0.19557558939770125
guairaca,1,63.8,36.64,1,0,-5.727268518518518,1,1.0,1.0,0.0,100.0,0.5742946708463951
guaiuba,2,695.0,67.05,2,0,-6.31509837962963,2,5.0,0.0,0.0,0.0,0.09647482014388489
guajara-mirim,3,118.89,83.96,3,0,-24.899552469135802,3,4.333333333333333,0.0,0.0,0.0,0.7061990074859112
guamare,2,156.8,85.84,2,0,-15.098668981481481,2,5.0,0.0,0.0,0.0,0.5474489795918367
guamiranga,1,214.0,70.89,1,0,-10.012731481481481,1,5.0,0.0,0.0,0.0,0.33126168224299063
guanambi,38,4589.57,1211.49,36,8,-8.620407343106997,38,3.736842105263158,9.0,22.22222222222222,23.684210526315788,0.26396590530267544
guanhaes,18,1931.45,382.3,18,1,-13.270352366255144,18,4.222222222222222,2.0,5.555555555555555,11.11111111111111,0.19793419451707267
guape,1,176.96,33.52,1,0,-16.909733796296297,1,1.0,1.0,0.0,100.0,0.18942133815551537
guapiacu,6,906.98,88.57,6,0,-10.753713348765432,6,4.166666666666667,1.0,0.0,16.666666666666664,0.09765375201217226
guapiara,3,210.29000000000002,41.66,3,0,-16.063341049382714,3,4.333333333333333,0.0,0.0,0.0,0.1981073755290313
guapimirim,23,3067.16,501.73,21,1,-17.131697530864198,23,4.673913043478261,1.0,4.761904761904762,4.3478260869565215,0.16358129344409814
guapirama,1,89.9,17.88,1,0,-20.58621527777778,1,5.0,0.0,0.0,0.0,0.19888765294771968
guapo,6,757.89,110.81,6,0,-16.30569637345679,6,4.333333333333333,1.0,0.0,16.666666666666664,0.14620855269234323
guapore,18,3153.15,833.91,18,1,-11.432305169753086,17,4.176470588235294,3.0,5.555555555555555,17.647058823529413,0.2644688644688645
guara,10,1182.49,276.7,9,0,-16.229197530864198,10,3.7,3.0,0.0,30.0,0.23399775050951804
guarabira,10,1239.68,403.18,10,2,-8.728260416666668,9,4.0,1.0,20.0,11.11111111111111,0.3252290913784202
guaracai,5,541.49,225.62,5,0,-13.78664351851852,5,4.8,0.0,0.0,0.0,0.41666512770318936
guaraci,4,1131.6999999999998,81.83,4,0,-12.056082175925926,4,3.75,1.0,0.0,25.0,0.07230714853759831
guaraciaba,3,254.7,65.61,3,0,-19.92599922839506,3,4.333333333333333,0.0,0.0,0.0,0.25759717314487635
guaraciaba do norte,4,605.15,133.0,4,0,-13.697855902777778,4,4.75,0.0,0.0,0.0,0.21978021978021978
guarai,4,1156.6,302.77,4,0,-13.914849537037037,4,4.75,0.0,0.0,0.0,0.2617758948642573
guaramirim,13,1377.08,359.18,13,0,-13.025290242165243,13,4.076923076923077,2.0,0.0,15.384615384615385,0.26082725767566156
guaranesia,9,805.5799999999999,167.25,9,0,-11.364682355967078,9,4.222222222222222,2.0,0.0,22.22222222222222,0.20761438963231463
guarani,7,2164.42,469.89000000000004,7,1,-17.54940806878307,7,4.285714285714286,0.0,14.285714285714285,0.0,0.21709742101810187
guarani das missoes,2,68.66,34.28,2,0,-23.79649305555556,2,3.5,1.0,0.0,50.0,0.4992717739586368
guaraniacu,5,385.96999999999997,77.65,5,0,-17.22103935185185,5,2.8,3.0,0.0,60.0,0.20118143897194085
guaranta,5,569.29,145.72,5,0,-9.607618055555555,5,4.8,0.0,0.0,0.0,0.2559679600906392
guaranta do norte,5,393.87,115.42,5,0,-24.511842592592593,5,4.6,0.0,0.0,0.0,0.29304085104222205
guarapari,67,10544.41,1476.73,66,8,-12.352370931537598,66,4.090909090909091,13.0,12.121212121212121,19.696969696969695,0.1400486134359343
guarapua,1,60.0,15.17,1,0,-27.341342592592593,1,5.0,0.0,0.0,0.0,0.25283333333333335
guarapuava,65,8625.45,1492.18,62,3,-12.0903985588411,65,4.246153846153846,7.0,4.838709677419355,10.76923076923077,0.17299735086285353
guaraquecaba,1,49.9,13.47,1,0,-10.079386574074075,1,5.0,0.0,0.0,0.0,0.26993987975951905
guarara,2,501.99,44.58,2,0,-10.705949074074073,2,4.5,0.0,0.0,0.0,0.08880654993127353
guararapes,19,3370.84,379.21,18,1,-12.520611496913581,19,4.368421052631579,1.0,5.555555555555555,5.263157894736842,0.1124971817113835
guararema,11,1189.56,180.85,11,0,-14.661684553872055,11,4.636363636363637,0.0,0.0,0.0,0.15203100305995496
guaratinga,2,42.99,33.58,2,0,-16.764033564814813,2,4.5,0.0,0.0,0.0,0.781111886485229
guaratingueta,98,14751.119999999999,1842.08,96,7,-11.523040485146604,97,4.164948453608248,12.0,7.291666666666667,12.371134020618557,0.124877297452668
guaratuba,9,1821.8799999999999,195.43,9,0,-15.81980195473251,9,4.111111111111111,0.0,0.0,0.0,0.10726831624475817
guarda-mor,2,83.9,39.21,2,0,-23.738599537037036,2,4.5,0.0,0.0,0.0,0.467342073897497
guarei,5,1098.29,89.15,5,0,-16.06778472222222,5,4.8,0.0,0.0,0.0,0.08117163954875307
guariba,14,1608.43,202.29,14,2,-7.007133763227514,14,4.785714285714286,0.0,14.285714285714285,0.0,0.12576860665369335
guariroba,2,289.99,30.57,2,0,-14.446597222222223,2,3.0,1.0,0.0,50.0,0.10541742818717886
guaruja,226,29773.76,3914.05,217,12,-10.72143678528759,224,4.100446428571429,29.0,5.529953917050691,12.946428571428573,0.13145971486302033
guaruja do sul,4,331.44,64.19,4,1,-6.381950231481482,4,3.5,1.0,25.0,25.0,0.19367004586048756
guarulhos,1189,144268.39,19307.43,1143,72,-9.944979778280029,1177,4.077740016992354,176.0,6.299212598425196,14.953271028037381,0.13382994015528973
guassusse,1,149.9,20.02,1,0,-13.390543981481482,1,5.0,0.0,0.0,0.0,0.133555703802535
guatapara,1,75.0,12.97,1,0,-18.420902777777776,1,5.0,0.0,0.0,0.0,0.17293333333333336
guaxupe,37,6081.17,885.83,37,5,-12.516093906406406,37,4.162162162162162,5.0,13.513513513513514,13.513513513513514,0.14566769223685574
guia lopes da laguna,1,29.99,18.23,1,0,-10.369918981481481,1,5.0,0.0,0.0,0.0,0.6078692897632545
guidoval,2,364.9,35.21,2,1,-2.129560185185185,2,5.0,0.0,50.0,0.0,0.09649218964099754
guimaraes,1,199.99,52.12,1,0,-6.064826388888889,1,5.0,0.0,0.0,0.0,0.2606130306515326
guimarania,4,523.9,85.43,4,0,-17.839887152777777,4,4.0,0.0,0.0,0.0,0.16306547050963927
guinda,1,25.0,22.11,1,1,1.0479166666666666,1,5.0,0.0,100.0,0.0,0.8844
guiricema,1,149.9,11.66,1,0,-7.3896296296296295,1,4.0,0.0,0.0,0.0,0.07778519012675117
gurupi,24,5229.29,962.89,24,0,-14.77990837191358,24,4.5,0.0,0.0,0.0,0.18413398377217557
guzolandia,1,101.62,41.69,1,0,-4.186122685185185,1,4.0,0.0,0.0,0.0,0.4102538870301121
heliopolis,1,149.0,20.28,1,0,-13.489444444444445,1,5.0,0.0,0.0,0.0,0.13610738255033558
herculandia,3,184.89000000000001,35.75,3,0,-14.878977623456791,3,4.333333333333333,0.0,0.0,0.0,0.19335821299150846
herval,2,199.89000000000001,37.76,1,0,-13.412673611111112,2,2.5,1.0,0.0,50.0,0.18890389714342887
herval d'oeste,9,1106.74,280.19,9,0,-16.351368312757202,9,4.444444444444445,0.0,0.0,0.0,0.25316695881598206
herveiras,1,109.0,16.52,1,0,-12.13949074074074,1,5.0,0.0,0.0,0.0,0.15155963302752293
hidreletrica tucurui,3,564.78,156.70000000000002,3,0,-18.73201774691358,3,4.666666666666667,0.0,0.0,0.0,0.2774531676050852
hidrolandia,8,1012.76,313.49,8,0,-14.992420428240742,8,4.25,1.0,0.0,12.5,0.3095402662032466
hidrolina,2,181.47,37.489999999999995,2,1,3.3188657407407405,2,1.5,2.0,50.0,100.0,0.2065906210392902
holambra,24,2719.2,382.85,23,0,-15.07334792673108,24,3.9166666666666665,4.0,0.0,16.666666666666664,0.14079508679023245
holambra ii,5,919.68,93.14,5,2,-2.7596273148148143,5,4.6,0.0,40.0,0.0,0.10127435629784273
horizonte,5,519.99,119.42,5,1,-2.757118055555556,5,4.0,1.0,20.0,20.0,0.22965826265889727
horizontina,7,576.54,159.01,7,0,-20.897756283068784,7,3.5714285714285716,1.0,0.0,14.285714285714285,0.2758004648419884
hortolandia,145,16523.21,2225.36,142,30,-6.201209246218049,143,3.825174825174825,24.0,21.12676056338028,16.783216783216783,0.13468085196520532
hulha negra,1,329.0,43.06,1,0,-1.1694675925925926,1,5.0,0.0,0.0,0.0,0.13088145896656536
humaita,4,285.85,161.86,4,0,-38.185523726851855,4,3.5,1.0,0.0,25.0,0.5662410355081336
humberto de campos,1,45.9,35.67,1,0,-14.693217592592593,1,5.0,0.0,0.0,0.0,0.777124183006536
humildes,1,249.99,110.82,1,1,42.384606481481484,1,5.0,0.0,100.0,0.0,0.44329773190927635
iacanga,6,329.39,98.56,6,0,-12.344756944444443,6,4.333333333333333,1.0,0.0,16.666666666666664,0.29921976987765264
iaciara,4,846.99,251.32,3,0,-9.272411265432098,4,3.0,2.0,0.0,50.0,0.2967213308303522
iacri,2,56.98,24.64,2,0,-6.239791666666666,2,4.0,0.0,0.0,0.0,0.43243243243243246
iacu,4,340.7,159.15,4,0,-18.123203125,4,4.5,0.0,0.0,0.0,0.46712650425594365
iapu,4,383.15000000000003,114.78,4,1,-9.739346064814816,4,3.75,1.0,25.0,25.0,0.2995693592587759
iaras,1,79.99,13.58,1,0,-10.21369212962963,1,5.0,0.0,0.0,0.0,0.16977122140267534
iati,3,628.99,178.25,3,0,-15.793572530864196,3,4.666666666666667,0.0,0.0,0.0,0.28339083292262196
ibaiti,11,1057.3600000000001,206.78,11,0,-16.659527567340067,11,4.090909090909091,2.0,0.0,18.181818181818183,0.1955625331013089
ibarama,1,149.0,18.92,1,0,-14.33954861111111,1,4.0,0.0,0.0,0.0,0.12697986577181208
ibate,13,1652.59,291.53000000000003,12,1,-11.447882908950618,13,4.3076923076923075,1.0,8.333333333333332,7.6923076923076925,0.1764079414736868
ibateguara,2,75.9,76.96000000000001,2,0,-28.737112268518516,2,3.0,1.0,0.0,50.0,1.013965744400527
ibatiba,9,1518.78,205.82,9,1,-6.369711934156379,9,3.5555555555555554,2.0,11.11111111111111,22.22222222222222,0.13551666469139703
ibema,1,134.9,38.99,1,0,-1.4746180555555555,1,5.0,0.0,0.0,0.0,0.28902891030392885
ibertioga,1,162.5,18.71,1,0,-11.167337962962963,1,5.0,0.0,0.0,0.0,0.11513846153846155
ibia,9,1367.29,368.89,8,1,-11.036537905092592,8,4.5,1.0,12.5,12.5,0.26979645868835433
ibiaca,2,278.89,41.980000000000004,2,0,-18.284189814814816,2,4.0,0.0,0.0,0.0,0.15052529671196532
ibiai,3,556.89,133.06,3,0,-13.62823302469136,3,3.3333333333333335,0.0,0.0,0.0,0.23893408033902566
ibiajara,1,45.0,20.8,1,0,-3.6619560185185187,1,1.0,1.0,0.0,100.0,0.46222222222222226
ibiam,4,382.99,77.35,4,1,-16.788385416666667,4,4.25,0.0,25.0,0.0,0.20196349774145536
ibiapina,3,197.89,91.45,3,0,-18.73358796296296,3,4.666666666666667,0.0,0.0,0.0,0.4621254232149174
ibiara,1,278.0,43.98,1,0,-16.20287037037037,1,5.0,0.0,0.0,0.0,0.15820143884892085
ibiassuce,2,164.5,53.92,2,0,-14.561024305555556,2,5.0,0.0,0.0,0.0,0.32778115501519756
ibicarai,5,424.88,134.72,5,0,-10.119479166666666,5,4.8,0.0,0.0,0.0,0.3170777631331199
ibicare,2,227.4,34.69,2,0,-6.397164351851852,2,5.0,0.0,0.0,0.0,0.15255057167985928
ibicoara,3,299.2,60.64,3,0,-13.201157407407408,3,4.666666666666667,0.0,0.0,0.0,0.20267379679144387
ibicuitinga,1,28.99,25.63,1,0,-7.202013888888889,1,4.0,0.0,0.0,0.0,0.8840979648154537
ibimirim,3,294.79,77.24000000000001,3,1,-20.19124614197531,3,3.3333333333333335,1.0,33.33333333333333,33.33333333333333,0.26201702907154245
ibipeba,1,61.7,24.69,1,0,-30.515462962962964,1,1.0,1.0,0.0,100.0,0.400162074554295
ibipitanga,2,349.98,46.739999999999995,2,0,-17.293310185185184,2,5.0,0.0,0.0,0.0,0.1335504885993485
ibipora,12,1303.38,287.46,12,0,-13.815798611111111,12,4.416666666666667,2.0,0.0,16.666666666666664,0.22054964783869627
ibira,7,808.73,102.3,6,0,-12.52137924382716,6,5.0,0.0,0.0,0.0,0.1264946273787296
ibiracatu,1,129.99,18.16,1,0,-12.41667824074074,1,5.0,0.0,0.0,0.0,0.13970305408108316
ibiraci,4,507.8,73.34,3,0,-16.860192901234566,4,5.0,0.0,0.0,0.0,0.14442693974005513
ibiracu,1,27.3,30.2,1,0,-9.118715277777778,1,5.0,0.0,0.0,0.0,1.106227106227106
ibiraiaras,2,232.98,34.73,2,0,-13.511440972222223,2,4.0,0.0,0.0,0.0,0.14906858957850458
ibiraja,2,277.95,52.19,2,1,4.4072511574074085,2,3.25,1.0,50.0,50.0,0.18776758409785932
ibirama,13,1026.5,402.7,13,0,-11.606206374643875,13,4.769230769230769,0.0,0.0,0.0,0.39230394544568925
ibirapua,1,122.99,18.43,1,0,-18.754247685185184,1,5.0,0.0,0.0,0.0,0.14984958126676967
ibirarema,5,426.88,71.31,5,0,-15.061226851851853,5,4.2,1.0,0.0,20.0,0.16704928785607198
ibirataia,2,52.8,38.92,2,0,-20.080572916666668,2,5.0,0.0,0.0,0.0,0.7371212121212122
ibirite,50,7410.68,1126.04,47,1,-14.720218183609141,50,4.02,6.0,2.127659574468085,12.0,0.15194826925464328
ibiruba,21,3252.8,553.63,20,0,-16.73488599537037,21,4.095238095238095,2.0,0.0,9.523809523809524,0.1702010575504181
ibitiara,1,118.9,38.38,1,0,-24.34059027777778,1,3.0,0.0,0.0,0.0,0.32279226240538267
ibitinga,22,2911.26,457.19,22,0,-15.28821917087542,22,4.545454545454546,0.0,0.0,0.0,0.15704196808254844
ibitioca,1,169.99,74.92,1,0,-6.329907407407408,1,5.0,0.0,0.0,0.0,0.44073180775339726
ibitira,1,399.0,22.03,1,0,-10.355833333333333,1,5.0,0.0,0.0,0.0,0.05521303258145364
ibitita,1,1450.0,84.58,1,0,-15.628692129629629,1,5.0,0.0,0.0,0.0,0.05833103448275862
ibitiuva,1,14.9,12.79,1,0,-10.980208333333334,1,4.0,0.0,0.0,0.0,0.8583892617449663
ibiuna,31,3439.52,570.41,31,2,-11.98018219832736,30,4.366666666666666,2.0,6.451612903225806,6.666666666666667,0.16584000093036236
ibotirama,7,3032.39,200.81,7,0,-14.629740410052909,7,3.142857142857143,1.0,0.0,14.285714285714285,0.0662216931199483
icapui,5,454.25,157.34,5,0,-12.922087962962962,5,4.4,0.0,0.0,0.0,0.3463731425426527
icara,21,2317.34,533.5600000000001,21,2,-12.545239197530865,21,4.619047619047619,1.0,9.523809523809524,4.761904761904762,0.23024674842707588
icarai de minas,2,254.9,58.129999999999995,2,0,-11.180300925925925,2,5.0,0.0,0.0,0.0,0.22805021577089052
icaraima,1,27.9,16.05,1,0,-16.594733796296296,1,5.0,0.0,0.0,0.0,0.5752688172043011
icatu,1,778.0,114.9,1,0,-7.630659722222222,1,5.0,0.0,0.0,0.0,0.14768637532133677
icem,9,885.97,157.67,9,0,-14.283226594650207,9,4.555555555555555,1.0,0.0,11.11111111111111,0.1779631364493154
ichu,2,160.98000000000002,36.94,2,0,-9.330040509259259,2,5.0,0.0,0.0,0.0,0.22946949931668525
ico,8,1990.88,364.47,8,3,-7.5067780671296305,8,3.75,1.0,37.5,12.5,0.18306979828015751
iconha,5,315.74,74.39,5,0,-14.120553240740742,5,4.4,0.0,0.0,0.0,0.23560524482168874
ielmo marinho,2,148.70000000000002,91.62,2,0,-3.7869502314814816,2,5.0,0.0,0.0,0.0,0.6161398789509078
iepe,5,289.58,78.93,5,0,-10.96837037037037,5,4.0,1.0,0.0,20.0,0.27256716624076255
igaci,2,319.89,75.11,2,2,9.263396990740741,1,3.0,0.0,100.0,0.0,0.23479946231517085
igapora,1,39.99,16.79,1,1,6.600856481481482,1,1.0,1.0,100.0,100.0,0.41985496374093517
igaracu do tiete,4,107.69,49.97,4,0,-13.743078703703704,4,4.75,0.0,0.0,0.0,0.46401708608041603
igarapava,7,791.09,105.93,7,1,-12.097374338624338,7,4.857142857142857,0.0,14.285714285714285,0.0,0.1339038541758839
igarape,11,1904.26,297.83,9,0,-12.417951388888888,11,3.272727272727273,4.0,0.0,36.36363636363637,0.15640196191696512
igarape-acu,1,69.0,25.76,1,0,-20.174027777777777,1,4.0,0.0,0.0,0.0,0.37333333333333335
igarape-miri,1,27.99,37.04,1,0,-5.364699074074074,1,1.0,1.0,0.0,100.0,1.3233297606287961
igarassu,13,1936.82,483.91,11,2,-11.471163720538721,13,3.5384615384615383,3.0,18.181818181818183,23.076923076923077,0.2498476884790533
igarata,5,764.0899999999999,79.78,5,0,-8.318932870370372,5,4.8,0.0,0.0,0.0,0.10441178395215224
igaratinga,1,253.52,82.86,1,0,-13.33017361111111,1,5.0,0.0,0.0,0.0,0.32683811928053014
igrapiuna,1,29.99,22.06,1,0,-3.1516550925925926,1,4.0,0.0,0.0,0.0,0.7355785261753918
igreja nova,2,208.0,107.91,2,1,-4.223055555555556,2,4.0,0.0,50.0,0.0,0.5187980769230769
igrejinha,17,1173.03,408.61,17,1,-14.561400462962963,17,4.0,3.0,5.88235294117647,17.647058823529413,0.3483372121770117
iguaba grande,19,2348.6,481.05,19,6,-7.172623050682262,19,2.5789473684210527,10.0,31.57894736842105,52.63157894736842,0.2048241505577791
iguai,2,535.99,51.15,2,0,-10.843530092592593,2,3.5,1.0,0.0,50.0,0.09543088490456911
iguape,14,1359.5700000000002,255.63,14,0,-10.6802769510582,14,4.857142857142857,0.0,0.0,0.0,0.18802268364262228
iguaracu,2,525.7,133.5,2,0,-9.64730324074074,2,5.0,0.0,0.0,0.0,0.25394711812820997
iguatama,4,358.9,86.66,3,0,-17.832110339506173,4,5.0,0.0,0.0,0.0,0.2414600167177487
iguatu,15,3676.19,679.35,15,2,-10.416136574074073,15,4.066666666666666,2.0,13.333333333333334,13.333333333333334,0.18479730373022069
ijui,52,5584.45,1285.71,52,0,-14.064439547720799,52,4.346153846153846,5.0,0.0,9.615384615384617,0.23023037183608056
ilha comprida,4,212.98000000000002,41.87,3,0,-29.167797067901233,4,3.5,1.0,0.0,25.0,0.19659122922340122
ilha de itamaraca,4,524.44,107.71000000000001,4,2,-5.050818865740741,4,4.0,1.0,50.0,25.0,0.20538097780489664
ilha dos valadares,1,67.99,25.6,1,1,11.169907407407408,1,5.0,0.0,100.0,0.0,0.37652595969995595
ilha grande,1,139.9,34.78,1,0,-19.213819444444443,1,5.0,0.0,0.0,0.0,0.24860614724803431
ilha solteira,24,2299.44,395.29,24,1,-8.64473186728395,24,4.125,3.0,4.166666666666666,12.5,0.171907073026476
ilhabela,46,3286.2799999999997,825.87,44,2,-11.793095801767675,46,4.239130434782608,4.0,4.545454545454546,8.695652173913043,0.25130847036771065
ilheus,72,8906.74,2111.32,69,12,-7.915727992485239,72,3.7083333333333335,15.0,17.391304347826086,20.833333333333336,0.23704744945962275
ilhota,4,749.1400000000001,128.07999999999998,4,0,-13.811160300925927,4,5.0,0.0,0.0,0.0,0.1709693782203593
ilicinea,1,89.9,15.38,1,0,-5.152905092592593,1,4.0,0.0,0.0,0.0,0.1710789766407119
ilopolis,3,181.8,49.78,3,0,-18.38724151234568,3,3.3333333333333335,1.0,0.0,33.33333333333333,0.2738173817381738
imaculada,3,340.89,131.02,3,2,4.972449845679012,3,2.6666666666666665,2.0,66.66666666666666,66.66666666666666,0.3843468567573118
imbau,2,124.2,30.67,2,0,-14.584849537037037,2,5.0,0.0,0.0,0.0,0.24694041867954913
imbe,13,2727.95,377.71999999999997,13,1,-14.616859864672364,13,4.384615384615385,1.0,7.6923076923076925,7.6923076923076925,0.138462948367822
imbe de minas,2,209.0,36.81,2,0,-10.469652777777778,2,4.0,0.0,0.0,0.0,0.1761244019138756
imbituba,34,3838.35,701.91,31,2,-12.021032706093191,33,4.303030303030303,3.0,6.451612903225806,9.090909090909092,0.1828676384383915
imbituva,8,740.6700000000001,172.99,8,0,-14.696964699074073,8,4.5,0.0,0.0,0.0,0.23355880486586467
imbuia,4,1501.88,257.93,4,0,-9.579516782407406,4,4.75,0.0,0.0,0.0,0.17173808826271073
imigrante,3,305.9,51.45,3,0,-14.250698302469134,3,5.0,0.0,0.0,0.0,0.16819221967963388
imperatriz,40,7171.38,1973.3999999999999,40,8,-8.472954282407407,40,3.8,6.0,20.0,15.0,0.2751771625544874
inacio martins,5,242.99,88.28999999999999,5,0,-10.34163888888889,5,4.6,0.0,0.0,0.0,0.36334828593769286
inaciolandia,3,842.99,109.92999999999999,3,2,-1.1235108024691358,3,2.0,2.0,66.66666666666666,66.66666666666666,0.13040486838515283
inaja,4,426.29999999999995,96.33,4,0,-14.27847800925926,4,4.25,0.0,0.0,0.0,0.22596762843068263
inconfidentes,2,99.99000000000001,108.97999999999999,2,0,-12.611435185185185,2,4.5,0.0,0.0,0.0,1.0899089908990898
indaial,26,3334.7400000000002,717.3199999999999,26,0,-11.309961271367522,26,4.346153846153846,2.0,0.0,7.6923076923076925,0.21510522559479897
indaiatuba,280,37334.1,4500.41,274,8,-10.474275395377129,279,4.250896057347671,28.0,2.9197080291970803,10.03584229390681,0.12054422096689085
independencia,1,110.0,26.05,1,0,-9.525127314814815,1,4.0,0.0,0.0,0.0,0.23681818181818182
indiana,3,343.89,45.44,3,0,-13.46460262345679,3,4.666666666666667,0.0,0.0,0.0,0.13213527581494083
indianopolis,6,291.78000000000003,85.08,5,1,-11.131002314814815,6,4.0,1.0,20.0,16.666666666666664,0.29158955377339085
indiapora,3,356.67,47.47,3,0,-11.925929783950616,3,4.666666666666667,0.0,0.0,0.0,0.13309221409145708
indiara,4,369.91,79.56,4,0,-6.561145833333333,4,3.75,1.0,0.0,25.0,0.21507934362412479
indiaroba,1,48.0,20.8,1,1,6.571516203703704,1,1.0,1.0,100.0,100.0,0.43333333333333335
inga,1,130.0,39.99,1,0,-30.369594907407407,1,5.0,0.0,0.0,0.0,0.3076153846153846
ingai,1,96.0,13.38,1,1,7.978113425925926,1,1.0,1.0,100.0,100.0,0.139375
inhambupe,7,1117.78,229.2,7,2,-2.1643766534391538,7,3.142857142857143,3.0,28.57142857142857,42.857142857142854,0.20504929413659218
inhapi,2,979.9,95.19999999999999,2,1,-8.723211805555556,2,3.0,1.0,50.0,50.0,0.09715277069088682
inhapim,7,436.35,129.0,7,0,-13.36207175925926,7,4.857142857142857,0.0,0.0,0.0,0.2956342385699553
inhauma,2,124.97999999999999,36.230000000000004,2,0,-10.238859953703704,2,5.0,0.0,0.0,0.0,0.28988638182109144
inhuma,1,78.0,34.35,1,1,2.934201388888889,1,3.0,0.0,100.0,0.0,0.44038461538461543
inhumas,16,2210.83,522.68,16,2,-10.090277054398149,16,4.0625,2.0,12.5,12.5,0.23641799686090742
inimutaba,2,266.7,109.69,2,0,-21.816788194444445,2,3.0,1.0,0.0,50.0,0.41128608923884513
inocencia,1,36.9,17.92,1,0,-14.180613425925927,1,5.0,0.0,0.0,0.0,0.48563685636856374
inubia paulista,3,304.98,39.72,3,0,-12.405979938271605,3,5.0,0.0,0.0,0.0,0.13023804839661615
iomere,1,49.0,14.79,1,0,-11.159050925925927,1,4.0,0.0,0.0,0.0,0.3018367346938775
ipaba,8,1403.5,181.76,8,1,-13.468489583333334,8,3.625,1.0,12.5,12.5,0.12950480940505876
ipameri,13,2320.55,321.44,12,0,-14.475416666666666,13,4.0,1.0,0.0,7.6923076923076925,0.1385188856090151
ipanema,7,3727.77,188.5,7,0,-6.6628240740740745,7,4.142857142857143,1.0,0.0,14.285714285714285,0.05056642443069181
ipaporanga,2,388.9,64.91,2,1,-0.36119212962962965,2,3.0,1.0,50.0,50.0,0.16690665980971972
ipatinga,171,21957.22,4219.56,169,8,-12.975020271751042,170,3.9823529411764707,28.0,4.733727810650888,16.470588235294116,0.19217186875205514
ipaumirim,1,269.9,37.21,1,0,-11.716678240740741,1,5.0,0.0,0.0,0.0,0.13786587625046315
ipaussu,7,1228.72,180.54,7,0,-14.256868386243386,7,3.857142857142857,1.0,0.0,14.285714285714285,0.14693339410117845
ipe,2,173.9,55.32,2,0,-20.889756944444443,2,4.5,0.0,0.0,0.0,0.31811385853939045
ipecaeta,1,23.4,16.79,1,1,0.5934953703703704,1,5.0,0.0,100.0,0.0,0.7175213675213675
ipero,18,2659.28,420.52,18,0,-12.46005787037037,18,4.222222222222222,0.0,0.0,0.0,0.15813302848891428
ipiabas,4,568.87,88.85,4,0,-15.877650462962961,4,3.25,1.0,0.0,25.0,0.15618682651572413
ipiacu,3,429.88,104.21000000000001,3,0,-11.939895833333333,3,4.666666666666667,0.0,0.0,0.0,0.24241648832232254
ipiau,8,787.21,300.82,7,0,-16.33739914021164,7,3.7142857142857144,2.0,0.0,28.57142857142857,0.3821343732930222
ipigua,2,247.24,40.42,2,0,-8.890619212962964,2,3.5,1.0,0.0,50.0,0.16348487299789677
ipira,10,3462.88,287.09000000000003,8,0,-15.976979166666666,10,3.9,2.0,0.0,20.0,0.08290498082520908
ipiranga,4,189.89,66.94,4,0,-14.726889467592592,4,3.25,1.0,0.0,25.0,0.35251987993048606
ipiranga de goias,1,119.9,20.08,1,0,-10.325925925925926,1,5.0,0.0,0.0,0.0,0.16747289407839863
ipiranga do norte,1,95.0,19.83,1,0,-16.274895833333332,1,5.0,0.0,0.0,0.0,0.20873684210526314
ipiranga do sul,1,109.9,23.35,1,0,-17.18150462962963,1,3.0,0.0,0.0,0.0,0.2124658780709736
ipixuna do para,2,188.0,54.989999999999995,2,0,-25.72587384259259,2,3.0,1.0,0.0,50.0,0.2925
ipojuca,17,1605.2,340.0,15,3,-9.997881944444446,16,3.6875,5.0,20.0,31.25,0.2118116122601545
ipora,17,2220.88,395.92,17,1,-14.791517565359477,17,4.294117647058823,2.0,5.88235294117647,11.76470588235294,0.17827167609235978
ipora do oeste,6,509.85,105.38,6,1,-9.172671682098764,6,4.0,2.0,16.666666666666664,33.33333333333333,0.20668824163969793
ipu,4,379.88,165.32,4,0,-19.434933449074073,4,4.0,0.0,0.0,0.0,0.43519006001895333
ipua,4,2031.49,64.67,4,1,-4.655486111111111,4,4.5,0.0,25.0,0.0,0.031833777178327236
ipubi,3,400.47,125.32,3,0,-11.869807098765433,3,3.6666666666666665,1.0,0.0,33.33333333333333,0.3129323045421629
ipueira,1,169.99,58.58,1,1,4.714421296296297,0,,0.0,100.0,,0.3446085063827284
ipueiras,3,1547.29,258.49,3,0,-17.765586419753088,3,3.3333333333333335,1.0,0.0,33.33333333333333,0.16705982718171772
ipuiuna,1,169.9,18.44,1,1,8.58070601851852,1,3.0,0.0,100.0,0.0,0.10853443201883461
ipumirim,5,281.41,96.11,5,0,-10.335291666666667,5,5.0,0.0,0.0,0.0,0.34153015173590134
ipupiara,1,495.0,30.85,1,0,-12.25548611111111,1,5.0,0.0,0.0,0.0,0.06232323232323233
iracema,2,229.9,78.87,2,1,9.746400462962962,2,2.5,1.0,50.0,50.0,0.3430622009569378
iracemapolis,18,1251.88,280.62,18,1,-12.993519804526748,18,4.444444444444445,1.0,5.555555555555555,5.555555555555555,0.2241588650669393
irai,2,557.89,40.370000000000005,2,0,-9.729288194444445,2,5.0,0.0,0.0,0.0,0.07236193514850599
irai de minas,2,414.89,122.05000000000001,2,0,-23.598263888888887,2,4.5,0.0,0.0,0.0,0.2941743594687749
iramaia,2,154.9,44.47,2,0,-10.034450231481483,2,5.0,0.0,0.0,0.0,0.28708844415752094
irani,4,294.39,77.93,4,0,-11.615778356481481,4,4.0,0.0,0.0,0.0,0.26471687217636475
irape,2,379.98,49.32,2,0,-6.919311342592592,2,3.5,1.0,0.0,50.0,0.12979630506868783
irapua,4,198.8,69.34,4,0,-13.596391782407407,4,4.5,0.0,0.0,0.0,0.3487927565392354
irapuru,6,889.48,95.81,6,0,-10.615449459876544,6,4.333333333333333,1.0,0.0,16.666666666666664,0.10771461977784773
iraquara,5,390.8,119.83,5,1,-12.025990740740742,5,3.4,1.0,20.0,20.0,0.3066274309109519
irara,2,171.89000000000001,50.93,2,0,-11.702916666666667,2,2.5,1.0,0.0,50.0,0.2962941416021874
irati,22,2455.22,538.94,22,0,-13.786641414141416,22,4.181818181818182,3.0,0.0,13.636363636363635,0.21950782414610506
iraucuba,2,189.89000000000001,54.239999999999995,2,0,-22.79900462962963,2,5.0,0.0,0.0,0.0,0.28563905418926744
irece,13,1729.52,931.39,13,1,-14.09417646011396,13,3.6153846153846154,3.0,7.6923076923076925,23.076923076923077,0.5385251399232157
iretama,1,117.3,22.29,1,0,-1.6404398148148147,1,4.0,0.0,0.0,0.0,0.19002557544757032
irineopolis,4,212.82,67.05,4,0,-12.984864004629628,4,4.5,0.0,0.0,0.0,0.31505497603608684
irupi,2,242.99,44.64,2,0,-12.344583333333333,2,3.0,1.0,0.0,50.0,0.18371126383801803
isaias coelho,1,170.0,39.46,1,0,-6.142013888888889,1,4.0,0.0,0.0,0.0,0.23211764705882354
ita,3,317.89,50.14,3,0,-16.903935185185187,3,4.666666666666667,0.0,0.0,0.0,0.15772751580735475
itaara,1,56.99,16.16,1,1,1.7428009259259258,1,5.0,0.0,100.0,0.0,0.28355851903842777
itabaiana,16,3185.67,743.99,15,2,-11.716182098765433,16,3.5,5.0,13.333333333333334,31.25,0.23354270844123842
itabaianinha,2,157.8,131.53,2,1,-2.29015625,2,3.0,1.0,50.0,50.0,0.8335234474017743
itabatan,2,154.98000000000002,41.42,2,0,-9.267789351851851,2,3.0,1.0,0.0,50.0,0.26726029165053555
itabela,4,423.89,106.08,4,1,-8.298041087962963,4,4.75,0.0,25.0,0.0,0.2502536035292175
itabera,7,1366.14,156.84,7,0,-8.94587466931217,7,4.714285714285714,0.0,0.0,0.0,0.11480521762044885
itaberaba,10,1089.16,197.03,9,1,-12.168078703703705,10,4.0,1.0,11.11111111111111,10.0,0.18090087774064414
itaberai,6,1012.08,139.0,6,0,-11.827548225308641,6,2.8333333333333335,3.0,0.0,50.0,0.13734092166627143
itabi,1,89.9,51.13,1,0,-20.214756944444446,1,3.0,0.0,0.0,0.0,0.5687430478309232
itabira,79,10544.49,2197.37,77,5,-11.940017285954786,78,3.871794871794872,15.0,6.493506493506493,19.230769230769234,0.2083903536349316
itabirinha,1,108.0,49.41,1,0,-12.42349537037037,1,5.0,0.0,0.0,0.0,0.45749999999999996
itabirito,32,5078.13,808.22,28,1,-14.374603174603175,32,3.96875,7.0,3.571428571428571,21.875,0.15915701252232614
itaborai,60,7134.27,1297.94,56,10,-9.756125165343915,57,3.912280701754386,13.0,17.857142857142858,22.807017543859647,0.18193031662664855
itabuna,62,8523.72,1625.6,60,9,-10.336191936728396,62,3.903225806451613,13.0,15.0,20.967741935483872,0.19071485220068232
itacarambi,3,339.79,59.79,3,0,-15.139228395061728,3,4.0,1.0,0.0,33.33333333333333,0.17596162335560198
itacare,8,841.39,191.4,7,1,0.3932192460317453,8,3.75,1.0,14.285714285714285,12.5,0.22748071643352072
itacoatiara,1,57.98,35.0,1,1,1.9559027777777778,1,1.0,1.0,100.0,100.0,0.6036564332528458
itacurussa,1,59.9,17.67,0,0,,1,1.0,1.0,,100.0,0.294991652754591
itagi,2,111.89000000000001,52.75,2,0,-10.989241898148148,2,3.0,1.0,0.0,50.0,0.4714451693627669
itagiba,2,126.89000000000001,17.97,2,1,-1.496232638888889,2,3.5,0.0,50.0,0.0,0.14161872487981714
itagimirim,1,129.9,63.16,1,0,-9.29775462962963,1,5.0,0.0,0.0,0.0,0.4862201693610469
itaguacu,9,1840.92,246.17000000000002,9,2,-11.236226851851852,9,3.888888888888889,1.0,22.22222222222222,11.11111111111111,0.13372118288681747
itaguacu da bahia,1,249.7,18.19,1,0,-7.338888888888889,1,1.0,1.0,0.0,100.0,0.07284741690028035
itaguai,48,6417.74,1119.26,46,5,-10.984485960144928,47,4.0,8.0,10.869565217391305,17.02127659574468,0.17440095734635558
itaguaje,2,138.8,30.16,2,0,-10.27265625,2,4.0,0.0,0.0,0.0,0.21729106628242073
itaguara,2,48.89,27.58,2,0,-10.86255787037037,2,5.0,0.0,0.0,0.0,0.564123542646758
itaguari,1,887.0,26.7,1,0,-11.334097222222223,1,5.0,0.0,0.0,0.0,0.030101465614430663
itaguaru,2,84.89,32.77,2,0,-13.164953703703704,2,5.0,0.0,0.0,0.0,0.38602897867828956
itai,10,1757.58,215.07999999999998,10,0,-14.18080439814815,10,3.7,2.0,0.0,20.0,0.1223728080656357
itaicaba,1,32.99,37.04,1,0,-12.331226851851852,1,3.0,0.0,0.0,0.0,1.1227644740830554
itaiopolis,8,1313.5900000000001,241.82999999999998,8,1,-9.686708622685185,8,4.5,0.0,12.5,0.0,0.1840985391179896
itaipava,4,406.84,113.18,4,0,-12.748269675925926,4,4.25,0.0,0.0,0.0,0.2781929013862944
itaipulandia,6,195.17,99.43,6,0,-10.947808641975309,6,4.666666666666667,0.0,0.0,0.0,0.5094532971255828
itaitinga,4,606.89,97.28,3,0,-18.188452932098766,3,5.0,0.0,0.0,0.0,0.16029263952281303
itaituba,3,243.88,148.75,3,1,-7.865065586419752,3,4.666666666666667,0.0,33.33333333333333,0.0,0.609931113662457
itaja,3,902.0,99.89999999999999,3,0,-14.67911651234568,3,4.666666666666667,0.0,0.0,0.0,0.11075388026607538
itajai,120,19348.57,2778.4,119,15,-9.851366129785248,116,4.051724137931035,16.0,12.605042016806722,13.793103448275861,0.14359717539849198
itajobi,10,1653.95,261.76,10,0,-5.902074074074074,10,4.2,1.0,0.0,10.0,0.15826355089331598
itaju,3,927.8,80.57,3,1,-7.941508487654321,3,5.0,0.0,33.33333333333333,0.0,0.0868398361715887
itaju do colonia,1,39.9,16.79,1,0,-7.067476851851852,1,4.0,0.0,0.0,0.0,0.42080200501253134
itajuba,94,14115.6,2389.6,92,2,-14.69059971316425,94,4.25531914893617,9.0,2.1739130434782608,9.574468085106384,0.16928788007594434
itajuipe,3,734.49,117.79,3,0,-14.616207561728395,3,4.666666666666667,0.0,0.0,0.0,0.16036978039183653
italva,14,1285.99,270.27,12,1,-12.00269000771605,13,3.769230769230769,3.0,8.333333333333332,23.076923076923077,0.21016493129806607
itamaraju,12,1474.13,409.19,11,2,-11.710127314814814,11,3.909090909090909,1.0,18.181818181818183,9.090909090909092,0.27758067470304515
itamarandiba,8,1706.99,329.28,8,0,-20.976725983796296,8,3.375,2.0,0.0,25.0,0.1929009543113902
itamari,3,268.98,56.01,3,0,-6.012716049382717,3,4.0,0.0,0.0,0.0,0.20823109524871736
itambacuri,6,601.77,126.12,6,0,-15.949990354938272,6,3.6666666666666665,2.0,0.0,33.33333333333333,0.20958173388503915
itambaraca,2,269.8,56.47,2,0,-15.461203703703704,2,5.0,0.0,0.0,0.0,0.2093031875463306
itambe,8,1033.28,263.26,7,2,-8.993207671957673,8,4.0,1.0,28.57142857142857,12.5,0.25478089191700215
itamira,2,55.9,44.3,2,0,-32.68843171296297,2,5.0,0.0,0.0,0.0,0.7924865831842576
itamogi,2,229.9,39.129999999999995,2,0,-13.957812500000001,2,5.0,0.0,0.0,0.0,0.17020443671161373
itamonte,10,883.15,221.91,10,0,-11.468629629629628,10,4.2,0.0,0.0,0.0,0.2512710185132763
itanhaem,80,10506.24,1831.8799999999999,74,3,-11.35862862862863,80,4.15,12.0,4.054054054054054,15.0,0.17436114156920077
itanhandu,14,1899.98,301.86,13,1,-13.0959926994302,13,4.076923076923077,2.0,7.6923076923076925,15.384615384615385,0.15887535658270088
itanhanga,1,69.99,18.06,1,0,-9.661261574074073,1,5.0,0.0,0.0,0.0,0.25803686240891555
itanhem,1,230.0,48.66,1,0,-7.3728240740740745,1,2.0,1.0,0.0,100.0,0.21156521739130432
itanhomi,4,308.55,66.98,4,0,-12.310928819444445,4,3.5,1.0,0.0,25.0,0.21707988980716253
itaobim,6,866.9100000000001,159.65,6,0,-12.96022762345679,6,4.666666666666667,0.0,0.0,0.0,0.18415983204715597
itaoca,3,460.70000000000005,114.51000000000002,3,2,1.9692554012345678,3,4.666666666666667,0.0,66.66666666666666,0.0,0.24855654438897332
itaocara,16,1720.65,321.85,16,2,-12.908557581018519,16,4.375,1.0,12.5,6.25,0.1870514049922994
itapaci,4,315.8,82.31,3,1,-11.145027006172839,4,2.75,1.0,33.33333333333333,25.0,0.26063964534515516
itapage,1,159.99,76.14,1,0,-20.199814814814815,1,3.0,0.0,0.0,0.0,0.4759047440465029
itapagipe,5,265.49,76.01,5,0,-14.341050925925924,5,4.4,0.0,0.0,0.0,0.28630080229010507
itapaje,6,3198.6800000000003,226.4,6,1,-12.071930941358024,6,4.0,1.0,16.666666666666664,16.666666666666664,0.07077919641852264
itaparica,1,168.49,19.87,1,0,-28.088877314814816,1,5.0,0.0,0.0,0.0,0.1179298474686925
itape,1,230.0,28.56,1,0,-11.162083333333333,1,5.0,0.0,0.0,0.0,0.12417391304347826
itapecerica,13,1363.28,240.4,13,0,-16.527372685185185,13,4.3076923076923075,2.0,0.0,15.384615384615385,0.17633941670089784
itapecerica da serra,98,8738.78,1507.07,93,10,-8.917326264436479,95,3.9894736842105263,16.0,10.75268817204301,16.842105263157894,0.1724577114883313
itapecuru mirim,4,552.97,149.98000000000002,4,0,-22.063799189814816,4,4.25,0.0,0.0,0.0,0.27122628714035124
itapejara d'oeste,6,1049.9,206.01999999999998,6,0,-12.348695987654322,6,4.833333333333333,0.0,0.0,0.0,0.1962282122106867
itapema,44,6109.87,1123.55,44,1,-14.672214067760944,44,4.25,6.0,2.272727272727273,13.636363636363635,0.1838909829505374
itapemirim,4,372.70000000000005,86.64,4,1,-7.620969328703703,4,3.5,1.0,25.0,25.0,0.23246579017976923
itaperucu,4,635.84,71.36,4,1,-11.724557291666667,4,4.75,0.0,25.0,0.0,0.11222949169602416
itaperuna,47,6963.57,1117.97,46,12,-7.576518468196457,47,3.8297872340425534,11.0,26.08695652173913,23.404255319148938,0.16054552478111084
itapetim,2,280.8,91.19,2,0,-11.142598379629629,2,3.0,1.0,0.0,50.0,0.3247507122507122
itapetinga,18,2727.12,442.38,18,0,-15.378007973251028,18,4.5,1.0,0.0,5.555555555555555,0.1622150840447065
itapetininga,78,12232.88,1815.5700000000002,77,6,-12.226401966089467,77,4.1558441558441555,10.0,7.792207792207792,12.987012987012985,0.1484172165508041
itapeva,58,6635.93,1050.3799999999999,57,1,-12.95039372157245,58,4.120689655172414,7.0,1.7543859649122806,12.068965517241379,0.15828678120474446
itapevi,170,18348.91,2802.5,170,11,-10.691518858932463,170,4.247058823529412,19.0,6.470588235294119,11.176470588235295,0.15273386811532674
itapicuru,2,137.32999999999998,44.21,2,1,-1.7845543981481478,2,3.0,1.0,50.0,50.0,0.3219252894487731
itapipoca,11,1341.08,420.17,10,1,-7.815443287037037,11,3.909090909090909,3.0,10.0,27.27272727272727,0.3133071852536762
itapira,55,7519.54,1085.48,52,2,-10.55637130519943,54,4.2592592592592595,7.0,3.8461538461538463,12.962962962962962,0.14435457488091027
itapiranga,12,2667.18,254.71,11,0,-12.277722011784512,12,3.9166666666666665,2.0,0.0,16.666666666666664,0.09549786666066783
itapirapua,2,459.79999999999995,35.54,2,0,-13.281087962962962,2,4.5,0.0,0.0,0.0,0.07729447585906916
itapirapua paulista,2,479.79999999999995,34.27,2,0,-13.125775462962963,2,5.0,0.0,0.0,0.0,0.07142559399749897
itapissuma,3,290.8,80.06,3,0,-11.82335262345679,3,5.0,0.0,0.0,0.0,0.2753094910591472
itapitanga,3,205.70000000000002,58.39,3,0,-13.551682098765433,3,4.666666666666667,0.0,0.0,0.0,0.28385999027710257
itapiuna,2,54.980000000000004,51.26,2,0,-20.751215277777778,2,5.0,0.0,0.0,0.0,0.9323390323754092
itapoa,9,849.67,238.08,9,3,-8.44525720164609,9,4.333333333333333,1.0,33.33333333333333,11.11111111111111,0.2802029023032472
itapolis,28,3363.99,653.51,28,2,-11.12601810515873,28,4.464285714285714,2.0,7.142857142857142,7.142857142857142,0.19426633253963302
itapora,3,197.88,50.56,3,0,-18.84264660493827,3,3.6666666666666665,1.0,0.0,33.33333333333333,0.2555083889225794
itaporanga,14,2501.08,469.97,14,1,-9.620926752645502,14,4.285714285714286,2.0,7.142857142857142,14.285714285714285,0.18790682425192318
itaporanga d'ajuda,1,159.99,103.25,1,1,20.99915509259259,1,4.0,0.0,100.0,0.0,0.6453528345521595
itapui,7,1307.09,123.8,7,1,-9.408439153439152,7,4.714285714285714,0.0,14.285714285714285,0.0,0.09471421248728092
itapura,6,351.87,74.73,6,0,-14.016863425925926,6,3.8333333333333335,1.0,0.0,16.666666666666664,0.21237957200102311
itapuranga,7,828.78,174.48000000000002,6,0,-16.85706790123457,7,4.142857142857143,1.0,0.0,14.285714285714285,0.2105263157894737
itaquaquecetuba,172,19365.24,2564.09,168,19,-8.323159653328924,168,3.9404761904761907,28.0,11.30952380952381,16.666666666666664,0.1324068279040177
itaqui,9,1154.38,367.94,9,1,-13.523770576131689,9,4.333333333333333,1.0,11.11111111111111,11.11111111111111,0.3187338657980907
itaquirai,2,272.9,115.82000000000001,2,1,2.714392361111111,2,3.5,1.0,50.0,50.0,0.4244045437889337
itaquitinga,2,64.89,62.9,2,0,-14.37620949074074,2,4.0,0.0,0.0,0.0,0.9693327169055324
itarana,3,789.37,220.65,3,0,-8.917391975308641,3,3.6666666666666665,0.0,0.0,0.0,0.27952671117473427
itarantim,3,478.97,95.75,3,0,-15.89417052469136,3,4.333333333333333,0.0,0.0,0.0,0.19990813620894834
itarare,29,3915.3,605.69,28,1,-13.188932291666665,29,4.0344827586206895,5.0,3.571428571428571,17.24137931034483,0.15469823512885347
itarema,1,72.9,27.05,1,0,-12.117314814814815,1,3.0,0.0,0.0,0.0,0.37105624142661175
itariri,6,1259.32,119.41,6,1,-7.572579089506173,6,3.5,2.0,16.666666666666664,33.33333333333333,0.09482101451577042
itatiaia,18,1526.46,355.83,18,3,-7.243494727366254,18,4.111111111111111,3.0,16.666666666666664,16.666666666666664,0.2331079753154357
itatiaiucu,2,129.9,37.25,2,1,2.293489583333333,2,3.0,1.0,50.0,50.0,0.2867590454195535
itatiba,97,12049.31,1584.7,97,1,-11.117324957044673,97,4.154639175257732,11.0,1.0309278350515463,11.34020618556701,0.13151790434473012
itatiba do sul,1,39.9,16.05,1,0,-12.702997685185185,1,4.0,0.0,0.0,0.0,0.40225563909774437
itatim,3,312.69,87.77,3,0,-16.123630401234568,3,5.0,0.0,0.0,0.0,0.28069333845022226
itatinga,4,1760.15,71.95,4,0,-15.084895833333333,4,5.0,0.0,0.0,0.0,0.04087719796608243
itau,2,666.8,94.57,2,0,-12.18296875,2,4.0,0.0,0.0,0.0,0.1418266346730654
itau de minas,5,364.45,95.58,5,0,-10.307462962962962,5,4.8,0.0,0.0,0.0,0.262258197283578
itauba,5,1420.98,240.99,5,1,-13.471643518518519,5,2.8,2.0,20.0,40.0,0.16959422370476715
itaueira,2,105.28,68.34,2,0,-18.47130787037037,2,3.0,0.0,0.0,0.0,0.6491261398176292
itauna,57,7942.95,1293.18,56,5,-10.808685929232805,57,4.333333333333333,5.0,8.928571428571429,8.771929824561402,0.16280852831756465
itinga,3,363.5,71.17,3,0,-12.639810956790123,3,4.666666666666667,0.0,0.0,0.0,0.19579092159559836
itiquira,1,133.0,27.66,1,0,-18.938680555555557,1,5.0,0.0,0.0,0.0,0.20796992481203008
itirapina,2,142.89999999999998,36.31,2,1,-10.295607638888889,2,4.5,0.0,50.0,0.0,0.2540937718684395
itirucu,3,653.28,192.09,3,0,-9.244637345679012,3,4.0,1.0,0.0,33.33333333333333,0.294039309331374
itiuba,4,272.89,114.61,4,0,-11.221195023148148,4,4.25,0.0,0.0,0.0,0.4199860749752648
itobi,7,472.68,118.74,7,0,-14.72353835978836,7,5.0,0.0,0.0,0.0,0.25120588981975117
itororo,2,619.2,90.17,2,1,-11.92962962962963,2,1.0,2.0,50.0,100.0,0.14562338501291988
itu,136,12707.03,2011.05,129,9,-10.310566232414585,136,4.213235294117647,18.0,6.976744186046512,13.23529411764706,0.1582627883935113
ituacu,3,398.5,79.57,3,0,-15.005775462962964,3,4.666666666666667,0.0,0.0,0.0,0.1996737766624843
itubera,3,100.73,80.49000000000001,3,0,-21.149436728395063,3,4.666666666666667,0.0,0.0,0.0,0.799066812270426
itueta,2,448.89,60.05,2,0,-12.565532407407407,2,3.0,1.0,0.0,50.0,0.1337744213504422
ituiutaba,56,5547.87,1246.93,53,3,-11.673104254018169,56,4.375,3.0,5.660377358490567,5.357142857142857,0.22475833067465534
itumbiara,36,5156.12,1414.57,35,1,-14.73965343915344,36,4.388888888888889,3.0,2.857142857142857,8.333333333333332,0.2743477653739634
itupeva,44,5355.51,967.71,42,4,-10.080888172398588,44,3.4545454545454546,13.0,9.523809523809524,29.545454545454547,0.1806942756152075
itupiranga,1,399.0,203.38,1,0,-15.481412037037037,1,5.0,0.0,0.0,0.0,0.5097243107769424
ituporanga,15,3225.16,355.09000000000003,15,0,-12.250826388888889,15,3.533333333333333,4.0,0.0,26.666666666666668,0.11009996403279218
iturama,15,1772.55,291.53,14,1,-8.5434978505291,15,4.066666666666666,3.0,7.142857142857142,20.0,0.16446926743956447
itutinga,1,69.9,26.11,1,0,-18.240729166666668,1,5.0,0.0,0.0,0.0,0.3735336194563662
ituverava,30,3783.73,588.7,28,0,-12.562875330687831,30,4.133333333333334,5.0,0.0,16.666666666666664,0.15558721156107863
iuna,2,131.0,45.269999999999996,2,1,-0.2587094907407408,2,4.5,0.0,50.0,0.0,0.3455725190839694
ivai,2,610.7700000000001,35.0,2,0,-9.359108796296297,2,5.0,0.0,0.0,0.0,0.05730471372202301
ivaipora,7,516.75,124.10999999999999,7,0,-15.69077876984127,6,4.666666666666667,0.0,0.0,0.0,0.24017416545718429
ivate,3,273.98,84.36,3,0,-11.574749228395062,3,4.666666666666667,0.0,0.0,0.0,0.3079056865464632
ivinhema,3,243.69,65.13,3,0,-18.614116512345678,3,3.3333333333333335,1.0,0.0,33.33333333333333,0.26726578850178506
ivora,1,149.9,25.89,1,0,-12.432002314814815,1,5.0,0.0,0.0,0.0,0.17271514342895264
ivoti,13,1235.1100000000001,272.32,13,1,-18.909329594017095,13,4.384615384615385,0.0,7.6923076923076925,0.0,0.22048238618422647
jaboatao dos guararapes,135,21405.16,4267.7,131,8,-13.528190733672604,134,3.970149253731343,25.0,6.106870229007633,18.65671641791045,0.1993771595260208
jabora,2,267.9,34.89,2,0,-7.133292824074074,2,3.5,1.0,0.0,50.0,0.13023516237402016
jaborandi,3,126.29,40.089999999999996,3,0,-7.859174382716049,3,4.0,1.0,0.0,33.33333333333333,0.317443978145538
jaboti,2,160.7,36.260000000000005,2,0,-15.222395833333334,2,3.5,1.0,0.0,50.0,0.22563783447417554
jaboticabal,54,6706.02,1168.51,50,1,-10.400546064814813,53,4.113207547169812,8.0,2.0,15.09433962264151,0.17424791456035024
jaboticatubas,1,767.3,41.57,1,0,-12.264791666666667,1,5.0,0.0,0.0,0.0,0.054176984230418355
jacaraci,4,911.79,128.48000000000002,4,1,-6.6238744212962954,4,4.0,1.0,25.0,25.0,0.1409096392809748
jacarau,1,47.81,34.15,0,0,,1,1.0,1.0,,100.0,0.7142857142857142
jacare,8,810.0400000000001,142.54,8,0,-16.884848090277778,8,4.125,1.0,0.0,12.5,0.17596661893239837
jacareacanga,1,49.0,37.04,1,1,13.516990740740741,1,1.0,1.0,100.0,100.0,0.7559183673469387
jacarei,194,18479.13,2966.16,189,12,-9.034673353909465,193,4.1139896373057,26.0,6.349206349206349,13.471502590673575,0.16051405017444
jacarezinho,17,1356.86,363.6,16,0,-14.730988136574075,17,4.470588235294118,2.0,0.0,11.76470588235294,0.2679716404050529
jaci,2,115.89,27.520000000000003,2,0,-12.404994212962961,2,5.0,0.0,0.0,0.0,0.2374665631202002
jaciara,3,185.7,67.18,3,1,-11.380725308641976,3,4.666666666666667,0.0,33.33333333333333,0.0,0.3617662897145935
jacigua,2,134.49,40.620000000000005,2,1,3.4931886574074076,2,5.0,0.0,50.0,0.0,0.3020298906981932
jacinto,2,113.99,30.47,2,0,-8.630572916666667,2,5.0,0.0,0.0,0.0,0.2673041494867971
jacinto machado,4,260.49,186.68,4,0,-12.34083912037037,4,4.5,0.0,0.0,0.0,0.7166493915313448
jacobina,24,7079.66,686.44,23,2,-15.289301026570048,24,3.5833333333333335,6.0,8.695652173913043,25.0,0.09695945850506946
jacui,4,403.74,72.13,4,0,-16.83591435185185,4,4.5,0.0,0.0,0.0,0.17865457967999207
jacuipe,1,13.98,20.8,1,1,1.4263194444444445,1,5.0,0.0,100.0,0.0,1.4878397711015736
jacuizinho,1,59.54,14.72,1,1,4.505138888888889,1,5.0,0.0,100.0,0.0,0.24722875377897213
jacunda,6,1601.71,243.11,6,0,-22.07986111111111,6,4.333333333333333,0.0,0.0,0.0,0.15178153348608675
jacupiranga,5,785.8,99.77,5,0,-13.354337962962964,5,4.6,0.0,0.0,0.0,0.12696614914736573
jacutinga,19,2720.21,481.53,19,1,-11.893611720272904,19,3.789473684210526,2.0,5.263157894736842,10.526315789473683,0.17701942129467943
jaguapita,1,759.05,31.63,0,0,,1,5.0,0.0,,0.0,0.04167050918911798
jaguaquara,2,192.4,44.739999999999995,2,1,-1.9411863425925935,2,4.0,0.0,50.0,0.0,0.2325363825363825
jaguaracu,1,55.9,15.14,1,0,-16.267280092592593,1,5.0,0.0,0.0,0.0,0.27084078711985693
jaguarao,8,1025.29,216.72,8,0,-14.847358217592593,8,4.25,1.0,0.0,12.5,0.21137434286884688
jaguare,14,1283.8500000000001,334.53,13,0,-13.537083333333332,14,4.357142857142857,1.0,0.0,7.142857142857142,0.26056782334384854
jaguarembe,1,33.99,19.32,1,0,-0.1746875,1,4.0,0.0,0.0,0.0,0.5684024713150927
jaguari,3,157.89,51.45,3,0,-15.376689814814815,3,4.666666666666667,0.0,0.0,0.0,0.32585977579327385
jaguariaiva,19,1665.58,497.54,17,0,-15.602373366013072,18,4.166666666666667,3.0,0.0,16.666666666666664,0.2987187646345417
jaguaribara,1,98.0,27.23,1,0,-13.527789351851851,1,5.0,0.0,0.0,0.0,0.27785714285714286
jaguaribe,5,663.98,197.82,5,0,-15.749247685185185,5,4.4,0.0,0.0,0.0,0.29793066056206513
jaguariuna,62,8502.37,1295.98,60,1,-11.467450810185186,62,4.048387096774194,9.0,1.6666666666666667,14.516129032258066,0.1524257354125967
jaguaruana,4,1155.15,184.14999999999998,4,0,-13.42484375,4,3.75,0.0,0.0,0.0,0.15941652599229533
jaguaruna,2,162.9,33.989999999999995,2,0,-14.270121527777778,2,5.0,0.0,0.0,0.0,0.2086556169429097
jaiba,6,683.49,115.55,6,0,-14.194373070987654,6,4.5,1.0,0.0,16.666666666666664,0.1690588011529064
jales,30,3173.05,573.76,28,1,-12.585449735449734,30,4.466666666666667,2.0,3.571428571428571,6.666666666666667,0.1808228675879674
jamaica,1,59.0,12.85,1,0,-7.239351851851852,1,5.0,0.0,0.0,0.0,0.2177966101694915
jamapara,1,32.0,17.6,1,0,-22.214282407407406,1,5.0,0.0,0.0,0.0,0.55
jambeiro,4,329.26,65.78,4,0,-17.09167534722222,4,3.75,1.0,0.0,25.0,0.19978132782603414
jampruca,1,235.9,26.93,1,0,-16.05392361111111,1,3.0,0.0,0.0,0.0,0.11415854175498091
janauba,17,2990.16,709.0600000000001,16,0,-12.797589699074074,17,3.9411764705882355,3.0,0.0,17.647058823529413,0.23713112341814488
jandaia,1,23.2,30.2,1,0,-13.341157407407408,1,4.0,0.0,0.0,0.0,1.3017241379310345
jandaia do sul,8,1839.25,317.5,8,1,-11.17638454861111,8,3.75,2.0,12.5,25.0,0.17262471115944
jandaira,2,169.89000000000001,56.31,2,0,-18.613501157407406,2,4.5,0.0,0.0,0.0,0.3314497616104538
jandira,85,8260.47,1397.84,84,4,-10.860531167328043,85,4.105882352941176,13.0,4.761904761904762,15.294117647058824,0.1692203954496536
janduis,1,84.99,34.39,1,1,2.9075925925925925,1,2.0,1.0,100.0,100.0,0.40463583951053067
janiopolis,3,265.97,50.25,3,0,-22.107611882716046,3,3.6666666666666665,1.0,0.0,33.33333333333333,0.1889310824529082
januaria,22,3471.23,579.72,22,3,-9.955700757575757,22,3.9545454545454546,4.0,13.636363636363635,18.181818181818183,0.16700708394430794
japaraiba,1,108.9,23.56,1,0,-6.109155092592593,1,5.0,0.0,0.0,0.0,0.21634527089072542
japaratuba,1,99.99,38.25,1,0,-9.042210648148147,1,4.0,0.0,0.0,0.0,0.38253825382538253
japeri,34,4458.27,1224.55,34,5,-10.23317674291939,34,4.029411764705882,6.0,14.705882352941178,17.647058823529413,0.2746693224053276
japi,1,229.9,64.29,1,1,9.08025462962963,1,1.0,1.0,100.0,100.0,0.27964332318399304
japira,3,363.79,88.15,3,0,-14.72494212962963,3,3.3333333333333335,1.0,0.0,33.33333333333333,0.24231012397262158
japoata,1,179.9,40.7,1,0,-40.533912037037034,1,4.0,0.0,0.0,0.0,0.22623679822123402
japuiba,5,1017.58,213.27,5,1,-9.300821759259259,5,3.4,2.0,20.0,40.0,0.20958548713614655
japura,5,408.5,113.03999999999999,5,0,-18.38532175925926,5,3.8,1.0,0.0,20.0,0.27671970624235004
jaqueira,3,578.99,100.18,3,0,-17.532858796296296,3,4.666666666666667,0.0,0.0,0.0,0.17302544085390076
jaquirana,1,499.0,48.98,1,0,-6.4383333333333335,1,4.0,0.0,0.0,0.0,0.0981563126252505
jaragua,7,610.67,144.4,7,0,-10.63940806878307,7,4.714285714285714,0.0,0.0,0.0,0.23646159136685937
jaragua do sul,89,12966.56,2389.4900000000002,88,7,-11.813968197601012,89,4.044943820224719,12.0,7.954545454545454,13.48314606741573,0.18428095038313944
jaraguari,2,75.0,35.519999999999996,2,0,-12.75872685185185,2,3.5,0.0,0.0,0.0,0.47359999999999997
jardim,5,648.65,159.76,5,0,-16.116060185185184,5,4.6,0.0,0.0,0.0,0.2462961535496801
jardim abc de goias,1,19.99,14.1,1,0,-25.18443287037037,1,5.0,0.0,0.0,0.0,0.7053526763381691
jardim alegre,2,118.38000000000001,43.06,2,0,-15.114866898148147,2,4.5,0.0,0.0,0.0,0.36374387565467137
jardim de piranhas,1,23.9,24.84,1,0,-25.399768518518517,1,5.0,0.0,0.0,0.0,1.0393305439330545
jardim do serido,3,445.9,109.91,3,0,-19.433036265432097,3,4.333333333333333,0.0,0.0,0.0,0.24649024444942813
jardim olinda,1,139.0,50.84,1,0,-21.163935185185185,1,5.0,0.0,0.0,0.0,0.3657553956834533
jardinopolis,13,1600.05,251.43,13,0,-12.325342770655272,13,4.769230769230769,0.0,0.0,0.0,0.1571388394112684
jari,4,354.8,66.41,4,0,-18.86990451388889,4,5.0,0.0,0.0,0.0,0.1871758737316798
jarinu,19,1450.38,316.68,18,0,-12.334528677983538,19,4.0,2.0,0.0,10.526315789473683,0.21834277913374425
jaru,6,660.59,249.67,6,0,-23.01306520061728,6,4.833333333333333,0.0,0.0,0.0,0.37795001438108355
jatai,54,10040.37,1297.57,54,3,-13.409799168381344,54,3.925925925925926,10.0,5.555555555555555,18.51851851851852,0.1292352771860001
jataizinho,1,0.0,0.0,0,0,,1,1.0,1.0,,100.0,
jatauba,2,126.89000000000001,85.22999999999999,2,1,-0.966880787037038,2,3.0,1.0,50.0,50.0,0.6716841358657103
jatoba,5,648.24,169.39,4,1,-12.02113425925926,5,4.0,1.0,25.0,20.0,0.26130754041712945
jau,74,9460.56,1386.96,73,2,-12.897653475393202,73,4.273972602739726,10.0,2.73972602739726,13.698630136986301,0.14660442933610696
jaua,1,149.9,27.48,1,1,0.457025462962963,1,5.0,0.0,100.0,0.0,0.18332221480987324
jaupaci,1,89.9,15.38,1,0,-15.612800925925926,1,5.0,0.0,0.0,0.0,0.1710789766407119
jauru,5,613.79,149.07,5,1,-11.129564814814815,5,4.8,0.0,20.0,0.0,0.24286808191726814
jeceaba,6,544.23,139.28,6,0,-11.557361111111112,6,4.333333333333333,1.0,0.0,16.666666666666664,0.25592120978262867
jenipapo de minas,1,7.48,15.1,1,0,-18.18806712962963,1,3.0,0.0,0.0,0.0,2.018716577540107
jequeri,1,655.0,21.84,1,1,3.952673611111111,1,1.0,1.0,100.0,100.0,0.03334351145038168
jequia da praia,2,251.91,99.33,2,0,-14.345729166666667,2,4.5,0.0,0.0,0.0,0.3943074907705133
jequie,36,4687.84,1079.03,34,4,-7.783876974400872,36,3.9444444444444446,6.0,11.76470588235294,16.666666666666664,0.23017637120720844
jequitai,2,204.18,39.12,2,0,-12.25179398148148,2,5.0,0.0,0.0,0.0,0.19159565089626798
jequitiba,2,636.9,66.96000000000001,2,0,-14.257112268518519,2,3.5,0.0,0.0,0.0,0.10513424399434763
jequitinhonha,11,1372.3700000000001,223.49,11,0,-11.16438446969697,11,4.363636363636363,0.0,0.0,0.0,0.1628496688210905
jeremoabo,6,922.0799999999999,204.29,6,1,-6.14258487654321,6,3.5,1.0,16.666666666666664,16.666666666666664,0.2215534443866042
jerico,1,75.0,38.08,1,0,-17.37673611111111,1,5.0,0.0,0.0,0.0,0.5077333333333333
jeriquara,1,129.0,15.65,1,0,-14.296898148148149,1,4.0,0.0,0.0,0.0,0.12131782945736434
jeronimo monteiro,2,284.0,37.11,2,0,-10.72914351851852,2,4.5,0.0,0.0,0.0,0.13066901408450704
jesuania,5,327.98,133.11,5,1,-6.554317129629629,5,3.4,2.0,20.0,40.0,0.40584791755594857
jesuitas,4,556.5500000000001,86.38,4,0,-13.755691550925926,4,3.75,1.0,0.0,25.0,0.15520618093612432
jesupolis,2,159.33,36.010000000000005,2,0,-20.68998263888889,2,5.0,0.0,0.0,0.0,0.22600891232034145
ji-parana,17,3412.04,1023.09,17,1,-20.430304330065358,17,4.235294117647059,0.0,5.88235294117647,0.0,0.29984701234452116
jijoca de jericoacoara,4,1130.9,131.32,4,0,-22.377485532407405,4,4.25,0.0,0.0,0.0,0.11611990450084002
jiquirica,1,499.99,19.94,1,1,14.880902777777777,1,1.0,1.0,100.0,100.0,0.03988079761595232
joacaba,26,4721.0,512.09,26,2,-7.730202546296296,26,4.076923076923077,3.0,7.6923076923076925,11.538461538461538,0.10847066299512816
joaima,1,37.9,15.1,1,0,-9.280324074074073,1,5.0,0.0,0.0,0.0,0.39841688654353563
joanopolis,6,824.6,79.91,6,0,-16.665154320987654,6,4.166666666666667,1.0,0.0,16.666666666666664,0.09690759155954401
joao alfredo,3,215.49,84.58,3,1,-15.260239197530863,3,5.0,0.0,33.33333333333333,0.0,0.39250081210264975
joao camara,2,1379.8000000000002,87.01,2,0,-11.638929398148148,2,5.0,0.0,0.0,0.0,0.06305986374836932
joao dourado,1,19.9,16.79,1,0,-13.113321759259259,1,5.0,0.0,0.0,0.0,0.8437185929648241
joao lisboa,5,612.89,197.82,5,0,-13.79920138888889,5,4.8,0.0,0.0,0.0,0.32276591231705526
joao monlevade,51,6959.85,1305.14,50,1,-15.539655324074074,51,4.450980392156863,2.0,2.0,3.9215686274509802,0.18752415641141693
joao neiva,8,724.9300000000001,186.47,8,0,-15.621626157407409,8,4.125,1.0,0.0,12.5,0.2572248355013587
joao pessoa,256,53164.81,9906.1,245,29,-11.388646258503401,252,4.027777777777778,40.0,11.83673469387755,15.873015873015872,0.1863281369763195
joao pinheiro,16,2475.31,338.72,16,2,-13.26984447337963,16,4.0625,3.0,12.5,18.75,0.13683942617288342
joao ramalho,3,407.89,71.68,3,0,-12.80065200617284,3,4.666666666666667,0.0,0.0,0.0,0.17573365368113955
joaquim nabuco,4,234.87,115.58,4,2,-7.351924189814815,4,2.25,2.0,50.0,50.0,0.49210201388001873
joaquim pires,1,12.97,24.84,1,0,-7.795891203703704,1,4.0,0.0,0.0,0.0,1.9151888974556668
joaquim tavora,3,317.98,74.03,3,1,-12.523638117283951,3,3.6666666666666665,1.0,33.33333333333333,33.33333333333333,0.23281338448959052
joinville,264,34772.57,6199.5,257,24,-10.757765978527166,264,3.992424242424242,44.0,9.33852140077821,16.666666666666664,0.1782870808801305
jordania,5,886.25,160.95,5,0,-12.688229166666668,5,5.0,0.0,0.0,0.0,0.18160789844851902
jose boiteux,1,119.69999999999999,45.3,1,0,-5.55136574074074,1,1.0,1.0,0.0,100.0,0.3784461152882206
jose bonifacio,12,1486.34,180.59,12,0,-10.926113040123456,12,4.166666666666667,2.0,0.0,16.666666666666664,0.12149979143399223
jose da penha,1,159.99,36.44,1,0,-10.137569444444445,1,5.0,0.0,0.0,0.0,0.22776423526470402
jose de freitas,3,257.9,92.52,3,0,-13.89344521604938,3,4.333333333333333,0.0,0.0,0.0,0.3587436991081815
joselandia,1,73.35,35.83,1,1,13.805729166666667,1,5.0,0.0,100.0,0.0,0.48847989093387867
joviania,5,376.96999999999997,95.14,5,0,-11.443868055555555,5,4.2,0.0,0.0,0.0,0.2523808260604292
juara,5,378.49,124.46,5,0,-14.300842592592591,5,4.0,1.0,0.0,20.0,0.3288329942666913
juatuba,4,607.9,91.43,4,0,-11.820202546296297,4,4.25,0.0,0.0,0.0,0.15040302681362067
juazeiro,44,7677.28,1277.3,42,9,-5.593579695767196,44,3.5681818181818183,10.0,21.428571428571427,22.727272727272727,0.16637402830169018
juazeiro do norte,34,7034.78,1551.29,31,4,-11.781167861409797,34,3.588235294117647,8.0,12.903225806451612,23.52941176470588,0.2205172016751057
jucas,1,325.0,38.96,1,1,6.692094907407407,1,1.0,1.0,100.0,100.0,0.11987692307692308
jucurucu,2,409.98,68.33,2,0,-31.805358796296296,2,5.0,0.0,0.0,0.0,0.16666666666666666
jucurutu,4,632.98,206.85,4,0,-16.369146412037036,4,4.0,1.0,0.0,25.0,0.326787576226737
juina,17,4695.32,721.81,17,1,-15.003167892156863,16,4.6875,0.0,5.88235294117647,0.0,0.15372967124711415
juiz de fora,427,65140.77,10454.3,423,25,-12.208551051790561,421,4.199524940617577,56.0,5.91016548463357,13.30166270783848,0.1604878173837982
julio de castilhos,10,787.54,195.5,10,1,-12.7131875,10,4.1,0.0,10.0,0.0,0.2482413591690581
julio mesquita,2,909.99,74.6,2,0,-10.797934027777778,2,3.0,1.0,0.0,50.0,0.08197892284530599
jumirim,3,337.6,70.64,3,0,-13.251014660493828,3,4.666666666666667,0.0,0.0,0.0,0.20924170616113744
junco do serido,2,239.89,78.53,2,0,-20.40026041666667,2,5.0,0.0,0.0,0.0,0.32735837258743594
jundiai,565,81310.3,10096.47,549,33,-9.76982040157188,562,4.147686832740214,64.0,6.0109289617486334,11.387900355871885,0.12417209135865935
jundiai do sul,3,337.96999999999997,46.04,3,0,-12.656766975308642,3,4.0,0.0,0.0,0.0,0.1362251087374619
junqueiro,2,360.89,103.52000000000001,2,0,-18.980480324074072,2,5.0,0.0,0.0,0.0,0.28684640749258783
junqueiropolis,15,2029.24,462.18,15,0,-10.43437577160494,15,4.6,0.0,0.0,0.0,0.22776014665589087
jupi,2,604.9,61.959999999999994,2,0,-19.15615162037037,2,5.0,0.0,0.0,0.0,0.10243015374442056
juquia,10,710.0799999999999,170.01,9,0,-13.142465277777779,10,3.7,2.0,0.0,20.0,0.23942372690401081
juquitiba,21,3073.87,456.12,21,0,-13.82355930335097,21,4.380952380952381,1.0,0.0,4.761904761904762,0.14838623624291203
juranda,2,40.9,29.04,2,1,-0.5635358796296297,2,4.5,0.0,50.0,0.0,0.7100244498777506
jurema,1,29.5,24.84,1,0,-18.57984953703704,1,4.0,0.0,0.0,0.0,0.8420338983050848
juripiranga,1,69.99,88.0,1,0,-13.359664351851851,1,5.0,0.0,0.0,0.0,1.2573224746392342
juru,1,890.0,29.38,1,0,-16.127881944444443,1,3.0,0.0,0.0,0.0,0.03301123595505618
juruaia,6,380.78000000000003,89.81,6,0,-12.267399691358024,6,3.8333333333333335,0.0,0.0,0.0,0.23585797573401962
juruena,3,319.9,74.47999999999999,3,0,-18.844726080246915,3,5.0,0.0,0.0,0.0,0.23282275711159736
juruti,1,49.9,25.63,1,0,-59.470162037037035,1,5.0,0.0,0.0,0.0,0.513627254509018
juscimeira,2,123.80000000000001,43.2,2,0,-12.59519675925926,2,4.0,0.0,0.0,0.0,0.3489499192245557
jussara,4,112.28,63.22,4,0,-12.878480902777778,4,3.25,1.0,0.0,25.0,0.5630566441040257
jussari,2,139.99,73.2,2,0,-20.950138888888887,2,5.0,0.0,0.0,0.0,0.5228944924637474
jussiape,1,37.0,16.79,1,0,-27.362175925925925,1,5.0,0.0,0.0,0.0,0.45378378378378376
juti,4,631.79,87.69,4,0,-16.815596064814816,4,4.0,0.0,0.0,0.0,0.13879611896357968
juvenilia,2,77.47999999999999,31.619999999999997,2,0,-17.363894675925927,2,5.0,0.0,0.0,0.0,0.4081053175012907
kalore,2,429.99,133.97,2,0,-17.57704861111111,2,4.5,0.0,0.0,0.0,0.3115653852415172
ladainha,2,171.14,39.07,2,0,-16.57322337962963,2,5.0,0.0,0.0,0.0,0.2282926259202992
ladario,5,372.59000000000003,102.98,4,0,-12.192922453703702,5,4.0,0.0,0.0,0.0,0.2763895971443141
lagarto,11,1955.4299999999998,406.92,11,3,6.967806186868686,11,3.8181818181818183,2.0,27.27272727272727,18.181818181818183,0.20809745171138833
lages,85,11340.11,2354.21,84,8,-9.897285052910053,83,4.313253012048193,7.0,9.523809523809524,8.433734939759036,0.20760027900963923
lago da pedra,5,840.3699999999999,198.59,5,2,-9.495226851851852,5,3.2,2.0,40.0,40.0,0.23631257660316293
lago verde,1,98.0,36.01,1,0,-11.247766203703703,1,5.0,0.0,0.0,0.0,0.3674489795918367
lagoa,1,110.0,70.76,1,1,7.407268518518518,1,1.0,1.0,100.0,100.0,0.6432727272727273
lagoa d'anta,1,170.0,24.34,1,0,-6.012997685185185,1,5.0,0.0,0.0,0.0,0.1431764705882353
lagoa da canoa,1,160.99,43.54,1,1,16.63158564814815,1,1.0,1.0,100.0,100.0,0.27045158084353066
lagoa da confusao,5,699.99,229.75,5,1,-6.7744837962962965,5,4.4,1.0,20.0,20.0,0.3282189745567794
lagoa da prata,11,1725.3899999999999,220.31,10,0,-15.548931712962963,11,4.454545454545454,1.0,0.0,9.090909090909092,0.12768707364711748
lagoa de sao francisco,1,68.99,38.03,1,0,-20.260324074074074,1,5.0,0.0,0.0,0.0,0.5512393100449341
lagoa de velhos,1,199.0,35.19,1,0,-14.279155092592593,1,4.0,0.0,0.0,0.0,0.17683417085427133
lagoa do carro,2,746.77,134.01,2,0,-16.12978587962963,2,3.5,1.0,0.0,50.0,0.17945284357968316
lagoa do mato,1,35.99,25.63,1,0,-5.140335648148148,1,5.0,0.0,0.0,0.0,0.712142261739372
lagoa do ouro,2,305.9,67.45,2,0,-12.982413194444444,2,3.0,1.0,0.0,50.0,0.22049689440993792
lagoa do piaui,1,84.99,21.39,1,0,-8.531099537037036,1,5.0,0.0,0.0,0.0,0.2516766678432757
lagoa dos gatos,3,969.99,103.47999999999999,3,0,-29.99753086419753,3,4.666666666666667,0.0,0.0,0.0,0.10668151218053794
lagoa dos patos,1,59.9,14.15,1,0,-10.593333333333334,1,5.0,0.0,0.0,0.0,0.2362270450751252
lagoa dos tres cantos,1,74.9,16.28,1,0,-19.261087962962964,1,4.0,0.0,0.0,0.0,0.21735647530040053
lagoa dourada,5,586.78,120.52,5,1,-10.685604166666668,5,3.4,1.0,20.0,20.0,0.20539214015474283
lagoa formosa,7,647.5699999999999,274.34999999999997,7,0,-13.200391865079364,7,4.285714285714286,1.0,0.0,14.285714285714285,0.4236607625430455
lagoa grande,8,3079.25,273.71000000000004,8,1,-15.325988136574075,8,5.0,0.0,12.5,0.0,0.0888885280506617
lagoa nova,2,113.80000000000001,91.4,2,0,-16.264976851851852,2,4.5,0.0,0.0,0.0,0.8031634446397188
lagoa real,1,410.0,49.92,1,0,-3.3105324074074076,1,5.0,0.0,0.0,0.0,0.12175609756097562
lagoa salgada,1,30.24,52.48,1,1,0.9434953703703703,1,5.0,0.0,100.0,0.0,1.7354497354497354
lagoa santa,60,8400.97,1320.19,58,1,-14.42307012292465,60,4.1,6.0,1.7241379310344827,10.0,0.1571473294155318
lagoa vermelha,14,1616.25,266.79,14,0,-15.07224041005291,14,4.357142857142857,1.0,0.0,7.142857142857142,0.16506728538283064
lagoao,1,156.45,18.98,1,0,-25.248761574074074,1,4.0,0.0,0.0,0.0,0.12131671460530521
lagoinha,3,605.98,62.75,3,0,-11.655578703703704,3,4.666666666666667,0.0,0.0,0.0,0.10355127231921846
lagoinha do piaui,1,115.0,34.61,1,0,-11.543101851851851,1,4.0,0.0,0.0,0.0,0.30095652173913046
laguna,14,2202.73,493.5,14,3,-10.047520667989417,14,3.9285714285714284,3.0,21.428571428571427,21.428571428571427,0.22404016833656418
laje do muriae,1,219.0,16.28,1,0,-19.212881944444444,1,1.0,1.0,0.0,100.0,0.07433789954337901
lajeado,51,8188.41,1427.07,51,1,-13.328304511619463,51,4.235294117647059,4.0,1.9607843137254901,7.8431372549019605,0.17427925567967406
lajeado grande,1,130.0,15.08,1,0,-6.5834375,1,5.0,0.0,0.0,0.0,0.116
lajedo,7,988.0899999999999,249.82999999999998,6,0,-20.798283179012348,7,4.428571428571429,0.0,0.0,0.0,0.25284134036373207
lajinha,3,515.0699999999999,52.62,3,0,-7.756493055555556,3,3.6666666666666665,1.0,0.0,33.33333333333333,0.10216087133787641
lamarao,1,59.0,22.34,1,0,-19.472951388888887,1,2.0,1.0,0.0,100.0,0.37864406779661014
lambari,8,1506.47,186.44,8,0,-14.379289641203703,8,4.0,1.0,0.0,12.5,0.1237595172821231
lamim,1,89.9,18.73,1,1,0.7909143518518519,1,5.0,0.0,100.0,0.0,0.20834260289210232
lapa,15,2039.2,449.34,14,0,-11.526020998677248,15,4.333333333333333,2.0,0.0,13.333333333333334,0.2203511180855237
laranja da terra,1,69.9,15.7,1,0,-9.424814814814814,1,4.0,0.0,0.0,0.0,0.22460658082975676
laranjal,2,316.99,42.4,2,0,-14.312256944444444,2,3.5,0.0,0.0,0.0,0.13375816271806681
laranjal do jari,2,318.8,107.38,2,0,-27.03099537037037,2,5.0,0.0,0.0,0.0,0.3368255959849435
laranjal paulista,17,2209.33,374.49,17,1,-9.56536628540305,17,4.588235294117647,0.0,5.88235294117647,0.0,0.1695038767409124
laranjeiras do sul,20,3595.56,443.61,19,0,-14.997708333333334,20,4.25,2.0,0.0,10.0,0.1233771651703768
laurentino,5,782.41,80.86,5,1,-8.208608796296296,5,4.2,0.0,20.0,0.0,0.10334734985493539
lauro de freitas,75,8954.88,2315.7,72,9,-12.293833751286009,72,3.8194444444444446,14.0,12.5,19.444444444444446,0.25859643010291594
lauro muller,8,1449.57,146.03,8,2,-8.125263310185185,8,4.75,0.0,25.0,0.0,0.10074021951337293
lavinia,4,326.8,63.61,4,0,-17.94121527777778,4,4.5,0.0,0.0,0.0,0.19464504283965728
lavras,83,13297.75,2010.21,80,11,-9.623660011574074,83,3.8674698795180724,18.0,13.750000000000002,21.686746987951807,0.15116918275648136
lavras da mangabeira,2,827.88,158.57999999999998,2,0,-19.22895833333333,2,4.0,0.0,0.0,0.0,0.1915494999275257
lavras do sul,3,593.8,52.760000000000005,3,0,-15.67914351851852,3,4.666666666666667,0.0,0.0,0.0,0.08885146513977772
lavrinhas,1,599.9,21.45,1,0,-13.272233796296296,1,5.0,0.0,0.0,0.0,0.035755959326554426
leandro ferreira,2,208.9,39.2,2,0,-17.19464699074074,2,4.0,0.0,0.0,0.0,0.18764959310674964
lebon regis,1,53.9,11.77,0,0,,1,2.0,1.0,,100.0,0.21836734693877552
leme,50,8152.92,1004.09,50,3,-11.131352546296295,50,4.2,6.0,6.0,12.0,0.12315710199535872
lencois,1,218.0,89.68,1,0,-14.286099537037037,1,5.0,0.0,0.0,0.0,0.41137614678899087
lencois paulista,45,6720.22,845.26,43,1,-11.286735841946598,45,4.377777777777778,4.0,2.3255813953488373,8.88888888888889,0.1257786203427864
leoberto leal,1,24.99,15.1,1,1,7.770636574074074,1,1.0,1.0,100.0,100.0,0.6042416966786714
leopoldina,17,1667.77,370.44,17,0,-15.41628472222222,17,4.352941176470588,2.0,0.0,11.76470588235294,0.2221169585734244
leopoldo de bulhoes,1,283.02,17.74,1,0,-7.23400462962963,1,4.0,0.0,0.0,0.0,0.0626810826090029
leopolis,1,18.9,12.48,1,0,-8.56318287037037,1,4.0,0.0,0.0,0.0,0.6603174603174604
liberato salzano,1,12.99,18.23,1,0,-20.528055555555557,1,5.0,0.0,0.0,0.0,1.403387220939184
liberdade,3,107.22999999999999,43.67,3,0,-16.602021604938273,3,4.666666666666667,0.0,0.0,0.0,0.40725543224843797
lidice,1,0.0,0.0,0,0,,1,1.0,1.0,,100.0,
lima duarte,6,764.88,155.98,6,1,-14.14287037037037,6,4.5,0.0,16.666666666666664,0.0,0.20392741345047588
limeira,190,23083.89,3290.2799999999997,186,9,-10.609048436877737,190,4.21578947368421,20.0,4.838709677419355,10.526315789473683,0.14253576845150448
limeira do oeste,2,441.7,60.730000000000004,2,0,-8.761510416666667,2,4.5,0.0,0.0,0.0,0.13749151007471136
limoeiro,7,511.59,189.62,7,1,-9.388358134920635,7,4.285714285714286,1.0,14.285714285714285,14.285714285714285,0.3706483707656522
limoeiro do norte,12,1436.57,370.29,11,1,-12.15643834175084,12,3.4166666666666665,3.0,9.090909090909092,25.0,0.2577598028637658
lindoeste,2,164.3,33.95,2,0,-13.85001736111111,2,4.5,0.0,0.0,0.0,0.20663420572124164
lindoia,9,606.03,145.31,9,0,-11.955864197530865,9,4.777777777777778,0.0,0.0,0.0,0.23977360856723265
lindoia do sul,1,103.9,16.32,1,0,-15.164664351851853,1,3.0,0.0,0.0,0.0,0.15707410972088545
lindolfo collor,1,110.9,19.75,1,0,-13.970474537037036,1,5.0,0.0,0.0,0.0,0.17808836789900812
linhares,65,12211.41,2115.4,64,5,-11.556791449652778,64,4.15625,6.0,7.8125,9.375,0.17323142863928082
lins,55,9189.96,1209.77,54,5,-11.08784422153635,55,4.072727272727272,6.0,9.25925925925926,10.909090909090908,0.13164039887007126
livramento,1,269.9,26.09,0,0,,1,1.0,1.0,,100.0,0.09666543164134865
livramento de nossa senhora,5,655.54,122.03,5,0,-15.11486574074074,5,4.4,0.0,0.0,0.0,0.18615187479024928
loanda,13,1704.36,338.43,13,0,-18.430888532763532,13,4.846153846153846,0.0,0.0,0.0,0.1985672041118074
lobato,3,498.53999999999996,64.22999999999999,3,0,-9.071755401234567,3,5.0,0.0,0.0,0.0,0.12883620170899024
londrina,306,46465.26,6639.75,298,11,-12.944461572520506,306,4.169934640522876,32.0,3.691275167785235,10.457516339869281,0.1428970805285497
lontras,3,402.5,53.089999999999996,3,0,-11.873661265432098,3,4.666666666666667,0.0,0.0,0.0,0.1319006211180124
lorena,83,7965.02,1506.59,82,4,-10.959337172538392,82,4.451219512195122,6.0,4.878048780487805,7.317073170731707,0.18915081192514266
loreto,1,1599.99,43.65,1,0,-17.15452546296296,1,5.0,0.0,0.0,0.0,0.02728142050887818
lourdes,2,193.7,30.14,2,0,-8.208998842592592,2,5.0,0.0,0.0,0.0,0.15560144553433145
louveira,44,4777.82,818.74,44,4,-10.509647779882155,44,4.25,4.0,9.090909090909092,9.090909090909092,0.1713626716787154
lucas do rio verde,24,5807.76,820.0500000000001,23,4,-12.690548510466988,23,4.0,3.0,17.391304347826086,13.043478260869565,0.14119901648828465
lucelia,12,961.35,186.54,12,1,-10.717546296296296,12,4.5,1.0,8.333333333333332,8.333333333333332,0.1940396317678265
lucena,1,89.0,38.17,1,0,-3.0703125,1,4.0,0.0,0.0,0.0,0.428876404494382
lucianopolis,2,142.9,57.07000000000001,2,0,-20.21237847222222,2,3.0,1.0,0.0,50.0,0.39937018894331705
luis antonio,7,980.08,151.35,7,0,-13.135517526455027,7,4.285714285714286,1.0,0.0,14.285714285714285,0.15442616929230266
luis correia,1,115.0,38.36,1,0,-14.254618055555556,1,5.0,0.0,0.0,0.0,0.33356521739130435
luis eduardo magalhaes,36,8343.87,1194.82,36,8,-8.431416538065843,36,3.5555555555555554,11.0,22.22222222222222,30.555555555555557,0.1431973412816834
luisburgo,2,246.98000000000002,67.59,2,0,-12.363582175925927,2,3.0,1.0,0.0,50.0,0.273665883877237
luiz alves,2,114.0,30.4,2,0,-17.348825231481484,2,3.5,0.0,0.0,0.0,0.26666666666666666
luiziana,2,149.85,36.72,2,0,-14.230480324074074,2,5.0,0.0,0.0,0.0,0.24504504504504504
luiziania,3,225.49,44.739999999999995,3,0,-17.218618827160494,3,5.0,0.0,0.0,0.0,0.1984123464455186
luizlandia do oeste,2,232.99,32.32,2,0,-9.576927083333333,2,5.0,0.0,0.0,0.0,0.1387183999313275
luminarias,3,423.8,44.88,3,0,-12.137002314814815,3,4.666666666666667,0.0,0.0,0.0,0.10589900896649364
lunardelli,2,214.89,35.19,2,0,-13.763032407407406,2,3.0,1.0,0.0,50.0,0.16375820187072457
lupercio,3,133.79,38.32,3,0,-15.185925925925927,3,3.6666666666666665,1.0,0.0,33.33333333333333,0.28641901487405635
lupionopolis,2,209.75,39.02,2,0,-11.678292824074074,2,5.0,0.0,0.0,0.0,0.186030989272944
lutecia,1,887.0,21.84,1,0,-9.49204861111111,1,5.0,0.0,0.0,0.0,0.024622322435174746
luz,2,166.9,33.63,2,0,-13.879346064814815,2,4.0,0.0,0.0,0.0,0.20149790293588976
luziania,33,4761.46,847.0500000000001,33,1,-14.572908599887768,33,4.393939393939394,4.0,3.0303030303030303,12.121212121212121,0.17789711559059618
luziapolis,1,129.99,51.63,1,0,-19.528854166666665,1,5.0,0.0,0.0,0.0,0.3971843987999077
luzilandia,3,161.8,111.21,3,1,-5.537716049382716,3,3.6666666666666665,1.0,33.33333333333333,33.33333333333333,0.6873300370828183
macae,239,31337.8,6269.45,228,42,-7.6396355689571145,235,3.608510638297872,61.0,18.421052631578945,25.957446808510635,0.20006031055147458
macaiba,5,574.4399999999999,182.73,5,1,-9.309326388888888,5,3.6,2.0,20.0,40.0,0.3181011071652392
macambara,2,162.74,42.980000000000004,2,0,-14.230115740740741,2,3.5,1.0,0.0,50.0,0.26410224898611284
macambira,1,173.9,85.25,1,1,6.782523148148148,1,4.0,0.0,100.0,0.0,0.49022426682001147
macapa,54,11451.92,2214.11,53,1,-19.364349886443048,53,4.2075471698113205,4.0,1.8867924528301887,7.547169811320755,0.19333963213155525
macaparana,2,144.88,63.83,2,0,-30.52248842592593,2,4.5,0.0,0.0,0.0,0.44057150745444507
macatuba,12,2984.64,467.81,12,0,-13.124978780864197,12,4.333333333333333,0.0,0.0,0.0,0.15673917122333011
macau,5,998.88,298.81,5,0,-13.764777777777777,5,4.8,0.0,0.0,0.0,0.29914504244754125
macaubal,1,89.8,32.11,1,0,-17.226990740740742,1,1.0,1.0,0.0,100.0,0.35757238307349665
macaubas,9,873.37,353.78,8,2,-3.914916087962963,9,3.3333333333333335,3.0,25.0,33.33333333333333,0.40507459610474367
macedonia,4,334.21,54.22,4,0,-11.466374421296296,4,3.75,0.0,0.0,0.0,0.16223332635169505
maceio,247,44702.48,8375.6,236,70,-5.828506208804143,245,3.636734693877551,68.0,29.66101694915254,27.755102040816325,0.18736320669457265
machacalis,2,138.89,36.28,2,0,-13.028697916666665,1,4.0,0.0,0.0,0.0,0.2612139102887177
machadinho,1,48.0,17.6,1,1,29.822569444444444,1,1.0,1.0,100.0,100.0,0.3666666666666667
machadinho d'oeste,3,396.98,175.98,3,0,-16.603414351851853,3,4.0,0.0,0.0,0.0,0.44329689153105944
machado,21,2761.92,420.88,21,2,-12.08843143738977,21,4.619047619047619,0.0,9.523809523809524,0.0,0.15238674545243888
machados,1,89.9,52.76,1,0,-16.142523148148147,1,5.0,0.0,0.0,0.0,0.5868743047830922
macieira,1,17.46,38.1,1,0,-7.403078703703704,1,2.0,1.0,0.0,100.0,2.1821305841924397
macuco,1,69.9,20.98,1,0,-7.151238425925926,1,4.0,0.0,0.0,0.0,0.30014306151645204
macuco de minas,1,199.0,16.14,1,0,-10.025821759259259,1,5.0,0.0,0.0,0.0,0.08110552763819096
madalena,1,132.9,43.34,1,0,-10.468460648148149,1,5.0,0.0,0.0,0.0,0.32610985703536494
madre de deus,7,633.32,193.42,7,1,-9.372541335978836,6,3.6666666666666665,2.0,14.285714285714285,33.33333333333333,0.30540642960904435
madre de deus de minas,3,362.96000000000004,59.15,3,1,-6.982457561728395,3,4.333333333333333,0.0,33.33333333333333,0.0,0.16296561604584525
mae d'agua,1,39.89,51.0,1,0,-13.132164351851852,1,4.0,0.0,0.0,0.0,1.2785159187766357
mae do rio,2,148.89,54.72,2,0,-13.504508101851851,2,3.5,1.0,0.0,50.0,0.3675196453757808
mafra,28,1732.23,622.78,25,0,-13.870725925925926,28,3.9642857142857144,6.0,0.0,21.428571428571427,0.35952500533993753
magalhaes de almeida,1,270.9,52.62,1,0,-8.237141203703704,1,4.0,0.0,0.0,0.0,0.19424141749723145
magda,2,458.99,37.08,2,0,-20.249484953703703,2,5.0,0.0,0.0,0.0,0.08078607377067037
mage,111,16186.65,2575.9,106,4,-13.211830450733753,111,4.0,20.0,3.7735849056603774,18.01801801801802,0.15913731377400514
maioba,3,708.79,69.28,2,2,13.770115740740742,3,1.0,3.0,100.0,100.0,0.09774404266425882
maiquinique,1,119.4,20.08,1,0,-15.367962962962963,1,5.0,0.0,0.0,0.0,0.16817420435510885
mairi,2,913.0,61.31,2,0,-18.610219907407405,2,4.5,0.0,0.0,0.0,0.06715224534501643
mairinque,25,2860.12,486.58,24,0,-11.885937499999999,25,4.16,4.0,0.0,16.0,0.17012572899039202
mairipora,75,9087.38,1258.29,75,7,-10.03585138888889,74,4.45945945945946,2.0,9.333333333333334,2.7027027027027026,0.13846565236624858
mairipotaba,1,129.77,19.88,0,0,,1,5.0,0.0,,0.0,0.1531941126608615
major porto,1,84.99,15.34,1,0,-2.2732638888888888,1,4.0,0.0,0.0,0.0,0.18049182256736088
major vieira,3,256.89,72.14,3,0,-19.795447530864198,3,4.333333333333333,0.0,0.0,0.0,0.2808205846860524
malacacheta,7,1355.65,346.56,7,0,-7.976545965608466,7,3.7142857142857144,1.0,0.0,14.285714285714285,0.25564120532585843
malhador,1,23.99,34.15,1,0,-13.425011574074073,1,5.0,0.0,0.0,0.0,1.4235097957482286
mallet,6,786.65,120.97999999999999,6,0,-15.78269675925926,6,4.333333333333333,0.0,0.0,0.0,0.15379139388546367
mamanguape,6,969.75,436.72,6,1,-11.487222222222222,6,3.1666666666666665,2.0,16.666666666666664,33.33333333333333,0.4503428718741944
mambai,2,816.99,104.91,2,0,-12.23504050925926,2,5.0,0.0,0.0,0.0,0.1284103844600301
mambore,8,780.24,148.23,8,0,-12.840069444444445,8,3.625,2.0,0.0,25.0,0.18998000615195323
mamonas,1,230.0,16.36,1,0,-6.129074074074074,1,3.0,0.0,0.0,0.0,0.07113043478260869
mampituba,1,40.95,17.6,1,0,-12.508391203703704,1,5.0,0.0,0.0,0.0,0.4297924297924298
manaira,1,90.0,57.4,1,0,-17.174467592592592,1,4.0,0.0,0.0,0.0,0.6377777777777778
manaus,140,20652.56,5140.5,137,5,-18.225802412814275,138,4.253623188405797,19.0,3.64963503649635,13.768115942028986,0.24890376786219237
mandaguacu,5,3222.0,103.86,4,0,-14.972534722222221,5,3.6,1.0,0.0,20.0,0.032234636871508376
mandaguari,18,5039.15,789.91,18,2,-12.306703317901233,18,4.111111111111111,2.0,11.11111111111111,11.11111111111111,0.15675461139279442
mandirituba,2,92.65,58.43,1,1,2.7197569444444443,2,4.5,0.0,100.0,0.0,0.6306529951430113
manduri,3,239.62,47.59,3,0,-15.136577932098765,3,4.666666666666667,0.0,0.0,0.0,0.19860612636674735
manfrinopolis,1,111.0,27.08,1,0,-5.104965277777778,1,4.0,0.0,0.0,0.0,0.24396396396396394
manga,3,378.8,66.99,3,0,-11.209023919753086,3,5.0,0.0,0.0,0.0,0.17684794086589228
mangaratiba,13,974.84,249.57999999999998,12,3,-9.480233410493826,13,3.0,6.0,25.0,46.15384615384615,0.2560215009642608
mangueirinha,9,1794.67,228.27,8,0,-10.960811631944445,9,3.4444444444444446,2.0,0.0,22.22222222222222,0.1271933001610324
manhuacu,65,8510.0,1556.6,64,4,-13.63636158130787,64,4.359375,4.0,6.25,6.25,0.18291421856639248
manhumirim,16,2461.7799999999997,355.75,16,0,-11.532377748842592,16,4.25,1.0,0.0,6.25,0.14450925752910498
manoel ribas,4,631.65,110.67,4,1,-9.782491319444444,4,4.0,1.0,25.0,25.0,0.1752077891237236
manoel urbano,1,194.99,53.72,1,0,-33.046597222222225,1,5.0,0.0,0.0,0.0,0.27550130775937226
manoel viana,3,208.79,51.57,3,1,-12.929822530864199,3,5.0,0.0,33.33333333333333,0.0,0.24699458786340342
mansidao,1,49.0,16.79,1,0,-18.352893518518517,1,5.0,0.0,0.0,0.0,0.3426530612244898
mantena,11,1652.22,294.33,11,1,-12.932541035353536,11,3.909090909090909,2.0,9.090909090909092,18.181818181818183,0.1781421360351527
mantenopolis,4,423.78999999999996,79.23,4,0,-18.57363136574074,4,4.0,0.0,0.0,0.0,0.1869558035819628
maquine,1,122.99,84.41,1,0,-28.241284722222222,1,5.0,0.0,0.0,0.0,0.6863159606472071
mar de espanha,9,1014.72,176.85,9,0,-14.280929783950619,9,3.888888888888889,2.0,0.0,22.22222222222222,0.17428453169347208
mar vermelho,2,519.98,169.04,2,0,-26.24045138888889,2,5.0,0.0,0.0,0.0,0.32508942651640443
mara rosa,2,143.9,74.27,2,1,-9.202297453703704,2,4.0,0.0,50.0,0.0,0.5161223071577484
maraba,22,3597.17,1064.61,22,3,-9.799059343434344,22,3.909090909090909,5.0,13.636363636363635,22.727272727272727,0.2959576556014867
maracacume,4,617.18,185.24,4,1,-4.658370949074074,4,3.75,1.0,25.0,25.0,0.30013934346543963
maracai,8,1114.58,231.03,8,0,-13.467649016203703,8,3.5,2.0,0.0,25.0,0.20727987223887026
maracaju,13,2791.96,719.25,13,1,-9.369954594017093,13,4.461538461538462,1.0,7.6923076923076925,7.6923076923076925,0.2576147222739581
maracana,2,238.0,93.25,2,0,-4.074895833333334,2,3.0,1.0,0.0,50.0,0.3918067226890756
maracanau,35,5342.73,1161.98,31,10,-6.797917786738351,34,3.3529411764705883,9.0,32.25806451612903,26.47058823529412,0.21748806321861672
maracas,5,703.64,173.45,5,0,-13.184766203703703,5,4.2,1.0,0.0,20.0,0.24650389403672332
maragogi,5,1897.05,238.48,5,2,-4.455585648148149,5,3.4,2.0,40.0,40.0,0.12571097229909597
maragogipe,2,152.8,42.24,2,0,-6.799137731481482,2,3.5,0.0,0.0,0.0,0.2764397905759162
maranguape,3,289.87,55.66,3,1,-9.582781635802469,3,4.666666666666667,0.0,33.33333333333333,0.0,0.19201711111877737
maranhaozinho,1,40.9,35.67,1,0,-7.102546296296296,1,5.0,0.0,0.0,0.0,0.8721271393643033
marataizes,16,2907.27,367.04,16,0,-13.373228443287037,16,4.625,0.0,0.0,0.0,0.12624902399845905
marau,22,2167.34,464.65,22,1,-19.598986216329966,22,4.7727272727272725,0.0,4.545454545454546,0.0,0.2143872212020264
maravilha,12,711.97,272.17,11,1,-8.478606902356903,12,3.5833333333333335,4.0,9.090909090909092,33.33333333333333,0.3822773431464809
maravilhas,4,420.81,95.55,4,0,-19.811215277777777,4,4.75,0.0,0.0,0.0,0.22706209453197404
marcelino vieira,1,117.7,51.32,1,1,49.71070601851852,1,1.0,1.0,100.0,100.0,0.43602378929481733
marco,3,582.6,174.16,3,1,-15.900316358024691,3,1.6666666666666667,3.0,33.33333333333333,100.0,0.2989358050120151
marcos parente,1,13.65,50.85,1,0,-16.091238425925926,1,5.0,0.0,0.0,0.0,3.7252747252747254
marechal candido rondon,31,3638.56,688.29,30,3,-9.957956404320987,31,3.935483870967742,4.0,10.0,12.903225806451612,0.18916549404159888
marechal deodoro,1,349.9,29.3,1,0,-19.410960648148148,1,5.0,0.0,0.0,0.0,0.08373821091740498
marechal floriano,5,559.64,121.74,5,0,-19.160268518518517,5,4.6,0.0,0.0,0.0,0.21753269959259525
mari,3,264.55,78.25,3,0,-13.217550154320989,3,4.666666666666667,0.0,0.0,0.0,0.2957852957852958
maria da fe,3,305.55,60.1,3,0,-14.769255401234567,3,4.333333333333333,0.0,0.0,0.0,0.19669448535427916
marialva,16,2573.17,541.85,16,0,-15.345709635416666,16,4.0625,2.0,0.0,12.5,0.21057683713085415
mariana,33,4416.58,796.37,33,2,-14.495322671156003,33,3.878787878787879,6.0,6.0606060606060606,18.181818181818183,0.1803137269108677
mariano moro,1,125.0,12.26,1,0,-32.5746875,1,4.0,0.0,0.0,0.0,0.09808
mariapolis,2,111.9,29.08,2,0,-6.785833333333334,2,1.0,2.0,0.0,100.0,0.25987488829311883
maribondo,1,49.9,51.07,1,0,-12.21744212962963,1,5.0,0.0,0.0,0.0,1.0234468937875751
marica,139,15670.960000000001,2889.57,133,21,-10.757053919521026,135,3.903703703703704,25.0,15.789473684210526,18.51851851851852,0.1843901075620128
mariental,1,1799.0,68.85,1,0,-4.33087962962963,1,5.0,0.0,0.0,0.0,0.03827126181211784
marilac,1,657.8,284.98,1,0,-4.002326388888889,1,2.0,1.0,0.0,100.0,0.4332319854058985
marilandia,8,1436.07,157.14999999999998,8,0,-13.732826967592592,8,4.625,0.0,0.0,0.0,0.1094305987869672
marilandia do sul,1,159.9,18.37,1,0,-12.40005787037037,1,4.0,0.0,0.0,0.0,0.11488430268918073
marilena,1,89.99,17.88,1,0,-8.192071759259258,1,5.0,0.0,0.0,0.0,0.19868874319368818
marilia,196,33904.28,3589.69,194,6,-12.1064437165903,195,4.256410256410256,18.0,3.0927835051546393,9.230769230769232,0.10587719308594667
mariluz,2,308.99,40.66,2,0,-7.2120196759259265,2,3.5,0.0,0.0,0.0,0.13159001909446907
maringa,271,37862.29,7123.51,260,15,-12.340827768874643,268,4.085820895522388,41.0,5.769230769230769,15.298507462686567,0.1881426083842261
marinopolis,2,158.88,30.1,2,0,-13.137083333333333,2,4.5,0.0,0.0,0.0,0.18945115810674726
mario campos,4,618.64,72.26,3,0,-16.298510802469135,4,4.25,0.0,0.0,0.0,0.11680460364670892
mariopolis,1,154.99,18.96,1,0,-20.24400462962963,1,4.0,0.0,0.0,0.0,0.12233047293373765
maripa,3,361.97,70.75999999999999,3,0,-6.986597222222223,3,2.6666666666666665,2.0,0.0,66.66666666666666,0.19548581374147025
maristela,4,639.3199999999999,92.1,4,1,-4.062262731481482,4,4.0,1.0,25.0,25.0,0.14405931302008385
marituba,15,1235.09,464.40999999999997,14,2,-12.408508597883598,14,3.2857142857142856,5.0,14.285714285714285,35.714285714285715,0.37601308406674816
marmeleiro,7,698.44,164.54,7,1,-2.371021825396825,7,4.428571428571429,1.0,14.285714285714285,14.285714285714285,0.235582154515778
marques de souza,1,29.9,15.1,1,0,-6.271898148148148,1,4.0,0.0,0.0,0.0,0.5050167224080268
martinesia,1,34.89,18.34,1,0,-9.27605324074074,1,2.0,1.0,0.0,100.0,0.5256520492977931
martinho campos,2,415.2,58.5,2,0,-21.394739583333333,2,3.0,1.0,0.0,50.0,0.14089595375722544
martinopolis,8,3708.09,376.02,8,0,-14.42853587962963,8,4.375,1.0,0.0,12.5,0.10140530569646367
martins,2,177.89000000000001,72.42,2,0,-17.261388888888888,2,5.0,0.0,0.0,0.0,0.407105514643881
martins soares,6,408.79,205.11,6,1,-13.69825810185185,6,4.5,0.0,16.666666666666664,0.0,0.5017490643117494
mascote,2,122.4,36.59,2,0,-5.855659722222223,2,4.5,0.0,0.0,0.0,0.298937908496732
massape,2,155.9,26.89,2,0,-13.020949074074075,2,3.5,0.0,0.0,0.0,0.172482360487492
massaranduba,3,347.86,131.48,3,0,-16.898892746913578,3,4.0,0.0,0.0,0.0,0.3779681481055597
mata,1,399.85,18.5,1,0,-17.596238425925925,1,5.0,0.0,0.0,0.0,0.04626735025634613
mata de sao joao,12,1382.55,296.52,11,1,-9.661656144781146,12,4.0,2.0,9.090909090909092,16.666666666666664,0.21447325594011066
mata grande,2,378.65000000000003,90.7,2,0,-12.036678240740741,2,4.5,0.0,0.0,0.0,0.23953519080945462
mata roma,2,193.0,67.91,2,1,-13.607094907407408,2,4.5,0.0,50.0,0.0,0.35186528497409325
mata verde,6,1512.53,154.98,6,0,-14.10971450617284,6,4.666666666666667,0.0,0.0,0.0,0.10246408335702432
matao,52,7207.71,1242.06,51,0,-12.176299246550473,52,4.5,2.0,0.0,3.8461538461538463,0.172323803260675
matelandia,2,57.980000000000004,29.619999999999997,2,0,-18.820486111111112,2,5.0,0.0,0.0,0.0,0.5108658157985512
materlandia,2,79.98,33.48,2,0,-9.146412037037038,2,4.5,0.0,0.0,0.0,0.41860465116279066
mateus leme,9,574.27,172.32999999999998,8,1,-11.922899305555555,9,3.3333333333333335,3.0,12.5,33.33333333333333,0.3000853257178679
matias barbosa,13,2169.86,319.8,13,0,-13.406517094017094,13,4.115384615384615,1.0,0.0,7.6923076923076925,0.14738278045588193
matias olimpio,1,600.0,241.4,1,0,-11.313263888888889,1,4.0,0.0,0.0,0.0,0.4023333333333333
matinhos,27,2862.15,676.6800000000001,27,1,-16.509422582304527,27,4.592592592592593,1.0,3.7037037037037033,3.7037037037037033,0.23642366752266655
matipo,4,491.19000000000005,61.16,4,0,-16.016458333333333,4,3.5,1.0,0.0,25.0,0.12451393554429038
mato leitao,2,179.0,47.589999999999996,2,0,-18.74745949074074,2,4.5,0.0,0.0,0.0,0.26586592178770946
mato rico,1,72.9,19.75,1,0,-13.49619212962963,1,5.0,0.0,0.0,0.0,0.2709190672153635
mato verde,3,420.43000000000006,230.87999999999997,3,0,-20.493591820987657,3,5.0,0.0,0.0,0.0,0.5491520586066645
matoes,1,72.0,34.3,1,0,-15.203518518518518,1,4.0,0.0,0.0,0.0,0.47638888888888886
matoes do norte,2,698.9,73.38,2,1,11.352077546296297,2,3.5,0.0,50.0,0.0,0.10499356131063099
matozinhos,12,750.65,193.51,12,0,-15.628622685185185,12,4.25,1.0,0.0,8.333333333333332,0.2577899154066476
matrincha,2,163.29,43.89,2,0,-13.350706018518519,2,2.5,1.0,0.0,50.0,0.268785596178578
matriz de camaragibe,1,64.0,20.9,1,0,-30.643113425925925,1,5.0,0.0,0.0,0.0,0.3265625
matupa,7,871.1700000000001,216.7,7,0,-18.13505787037037,7,4.0,1.0,0.0,14.285714285714285,0.24874593936889466
matutina,2,134.89000000000001,32.769999999999996,2,0,-10.153993055555556,2,5.0,0.0,0.0,0.0,0.2429386907850841
maua,323,43639.96,4786.16,317,29,-9.429075242434864,322,4.149068322981367,44.0,9.14826498422713,13.664596273291925,0.10967379438477945
maua da serra,2,129.99,37.13,2,0,-10.286429398148147,2,5.0,0.0,0.0,0.0,0.28563735671974766
maurilandia,4,265.63,68.88,4,0,-20.390205439814814,4,4.25,0.0,0.0,0.0,0.2593080600835749
mauriti,1,14.9,42.38,1,0,-7.241226851851851,1,5.0,0.0,0.0,0.0,2.844295302013423
maximiliano de almeida,3,363.49,59.06,3,0,-17.195833333333336,3,4.333333333333333,0.0,0.0,0.0,0.16248039836034003
medeiros,2,279.49,38.21,2,0,-12.184398148148148,2,5.0,0.0,0.0,0.0,0.13671329922358583
medeiros neto,7,660.24,137.05,7,0,-11.489224537037037,7,3.857142857142857,1.0,0.0,14.285714285714285,0.20757603295771235
medianeira,23,3007.04,542.77,21,1,-11.17903273809524,23,3.652173913043478,4.0,4.761904761904762,17.391304347826086,0.18049976056188144
medicilandia,1,8.99,34.15,1,1,2.8468981481481483,1,4.0,0.0,100.0,0.0,3.7986651835372633
medina,6,579.19,115.21,6,0,-14.862480709876543,6,4.333333333333333,0.0,0.0,0.0,0.1989157271361729
meleiro,3,210.8,51.99,3,0,-11.895659722222222,3,4.666666666666667,0.0,0.0,0.0,0.24663187855787475
mendes,12,1240.75,269.24,12,0,-16.383211805555558,12,4.0,1.0,0.0,8.333333333333332,0.21699778359862987
mendes pimentel,5,372.69,105.03999999999999,5,0,-17.62740972222222,5,5.0,0.0,0.0,0.0,0.28184281842818426
mendonca,5,380.27000000000004,88.16,5,1,-7.370858796296297,5,4.6,0.0,20.0,0.0,0.2318352749362295
mercedes,2,213.9,52.480000000000004,2,1,0.24543981481481492,2,1.0,2.0,50.0,100.0,0.24534829359513793
merces,4,219.76,66.06,4,1,-2.907109375,4,3.75,1.0,25.0,25.0,0.30060065526028396
meridiano,1,119.0,21.47,1,0,-6.4132291666666665,1,4.0,0.0,0.0,0.0,0.18042016806722688
meruoca,2,95.0,65.85,2,0,-12.25251736111111,2,3.0,1.0,0.0,50.0,0.6931578947368421
mesquita,76,9191.92,1812.97,76,7,-12.1708823708577,73,3.6575342465753424,21.0,9.210526315789473,28.767123287671232,0.19723518046284128
messias targino,1,59.9,46.95,1,0,-14.597962962962963,1,5.0,0.0,0.0,0.0,0.7838063439065109
miguel calmon,5,616.64,171.17,5,3,18.91581712962963,5,3.4,2.0,60.0,40.0,0.2775849766476388
miguel pereira,28,3602.2,807.34,28,4,-11.203697916666666,28,3.8392857142857144,4.0,14.285714285714285,14.285714285714285,0.2241241463550053
miguelopolis,14,1984.27,281.23,14,0,-9.283364748677249,14,4.5,0.0,0.0,0.0,0.14172970412292682
milagres,4,836.54,179.79,4,0,-22.012239583333336,4,4.5,0.0,0.0,0.0,0.21492098405336266
milha,2,207.9,80.39999999999999,2,0,-16.72193287037037,2,2.0,2.0,0.0,100.0,0.3867243867243867
mimoso de goias,1,159.9,19.22,1,0,-16.252488425925925,1,5.0,0.0,0.0,0.0,0.12020012507817385
mimoso do sul,10,745.37,183.52,9,1,-12.06443544238683,10,4.1,1.0,11.11111111111111,10.0,0.24621329004387085
minacu,11,1561.6200000000001,226.21,11,0,-16.944530723905725,11,3.8181818181818183,1.0,0.0,9.090909090909092,0.1448559828895634
minas do leao,1,256.0,24.72,1,0,-14.091342592592593,1,5.0,0.0,0.0,0.0,0.0965625
minas novas,4,433.77,73.37,4,0,-16.26464699074074,4,4.0,0.0,0.0,0.0,0.1691449385619107
minduri,1,19.9,23.28,1,0,-19.16383101851852,1,5.0,0.0,0.0,0.0,1.1698492462311558
mineiros,26,3379.3,840.34,25,0,-13.980661574074075,26,4.346153846153846,2.0,0.0,7.6923076923076925,0.24867280205959813
mineiros do tiete,3,216.15,41.19,3,0,-14.01280864197531,3,3.6666666666666665,1.0,0.0,33.33333333333333,0.1905621096460791
ministro andreazza,1,69.9,50.15,1,0,-29.095208333333332,1,5.0,0.0,0.0,0.0,0.717453505007153
mira estrela,1,198.0,15.56,1,0,-10.38662037037037,1,4.0,0.0,0.0,0.0,0.07858585858585859
miracatu,5,863.99,127.82,5,0,-11.553023148148148,5,3.2,2.0,0.0,40.0,0.1479415271010081
miracema,19,1643.24,378.73,17,1,-14.194852941176471,19,4.0,3.0,5.88235294117647,15.789473684210526,0.230477593047881
miradouro,1,49.9,14.52,1,0,-13.4734375,1,5.0,0.0,0.0,0.0,0.2909819639278557
miraguai,1,169.97,13.32,1,0,-14.163993055555556,1,3.0,0.0,0.0,0.0,0.07836677060657764
mirai,9,880.8100000000001,305.72,8,0,-16.69043113425926,9,4.444444444444445,0.0,0.0,0.0,0.34708961069924277
miraima,2,254.0,37.3,2,0,-3.9085069444444445,2,4.5,0.0,0.0,0.0,0.1468503937007874
miranda,4,273.8,69.36,4,0,-12.734945023148148,4,5.0,0.0,0.0,0.0,0.2533235938641344
miranda do norte,1,120.0,34.64,1,0,-17.33571759259259,1,5.0,0.0,0.0,0.0,0.2886666666666667
mirandiba,3,221.89,101.27000000000001,3,0,-23.667959104938273,3,5.0,0.0,0.0,0.0,0.45639731398440675
mirandopolis,13,1274.99,260.42,13,1,-12.153690349002849,13,4.230769230769231,1.0,7.6923076923076925,7.6923076923076925,0.2042525823731951
miranorte,2,635.9,97.52,2,1,0.24984375000000014,2,3.5,1.0,50.0,50.0,0.15335744613933008
mirante da serra,1,120.9,44.7,1,0,-34.125844907407405,1,4.0,0.0,0.0,0.0,0.369727047146402
mirante do paranapanema,3,199.70000000000002,42.79,3,0,-11.441315586419753,3,5.0,0.0,0.0,0.0,0.21427140711066597
mirassol,29,5850.89,532.44,29,2,-12.435906768837803,29,4.137931034482759,4.0,6.896551724137931,13.793103448275861,0.09100153993665921
mirassol d'oeste,14,1912.02,295.21,14,1,-13.185373677248677,14,4.5,0.0,7.142857142857142,0.0,0.15439692053430404
miravania,1,35.0,15.1,1,0,-21.091875,1,5.0,0.0,0.0,0.0,0.43142857142857144
mirinzal,3,154.87,156.78,3,0,-17.26238040123457,3,4.666666666666667,0.0,0.0,0.0,1.0123329243881964
missal,7,2490.76,348.23,7,1,-7.956023478835979,7,5.0,0.0,14.285714285714285,0.0,0.13980873307745426
missao velha,1,14.99,25.63,1,0,-9.314780092592592,1,5.0,0.0,0.0,0.0,1.7098065376917944
missi,1,109.9,43.05,1,0,-7.453668981481481,1,5.0,0.0,0.0,0.0,0.3917197452229299
mocajuba,1,59.9,25.7,1,0,-13.488472222222223,1,4.0,0.0,0.0,0.0,0.4290484140233723
mococa,34,6295.97,812.59,33,0,-14.391451669472502,34,4.235294117647059,4.0,0.0,11.76470588235294,0.12906510037373115
moeda,1,69.9,15.56,1,0,-12.435590277777777,1,5.0,0.0,0.0,0.0,0.22260371959942774
moema,1,189.99,24.13,1,0,-19.135821759259258,1,5.0,0.0,0.0,0.0,0.12700668456234537
mogi das cruzes,383,52007.78,6546.88,374,14,-10.29894140547633,378,4.164021164021164,45.0,3.7433155080213902,11.904761904761903,0.1258827044722924
mogi mirim,76,9010.97,1167.08,75,1,-11.360023148148148,76,4.230263157894737,7.0,1.3333333333333335,9.210526315789473,0.1295176878848781
mogi-guacu,93,12453.82,1518.51,89,6,-9.964106845609654,92,4.260869565217392,10.0,6.741573033707865,10.869565217391305,0.12193126285750075
mogi-mirim,2,89.8,22.810000000000002,2,0,-16.58263310185185,2,4.5,0.0,0.0,0.0,0.25400890868596887
moju,4,242.88,130.0,4,1,-9.485960648148149,4,3.5,1.0,25.0,25.0,0.535243741765481
mojui dos campos,2,119.59,61.28,2,1,-10.708061342592593,2,5.0,0.0,50.0,0.0,0.5124174262062046
mombaca,1,219.9,28.08,1,0,-16.011655092592594,1,5.0,0.0,0.0,0.0,0.1276944065484311
mombuca,3,107.13999999999999,37.33,3,1,-3.5752970679012344,3,3.3333333333333335,1.0,33.33333333333333,33.33333333333333,0.3484226246033228
moncao,1,85.99,57.37,1,0,-27.42439814814815,1,5.0,0.0,0.0,0.0,0.6671706012327014
moncoes,2,346.98,32.15,2,0,-15.190659722222222,2,3.5,1.0,0.0,50.0,0.09265663727015966
mondai,2,409.0,49.31,2,0,-12.456122685185186,2,4.5,0.0,0.0,0.0,0.12056234718826406
mongagua,42,5367.53,864.64,41,2,-11.923903850496838,42,4.190476190476191,4.0,4.878048780487805,9.523809523809524,0.16108712946178225
monnerat,2,284.84000000000003,92.02,2,0,-8.279930555555556,2,4.0,0.0,0.0,0.0,0.3230585591911248
monsenhor paulo,1,53.99,15.13,1,0,-17.088530092592592,1,4.0,0.0,0.0,0.0,0.280237080940915
monsenhor tabosa,3,329.8,82.52,3,0,-8.71744598765432,3,4.0,0.0,0.0,0.0,0.25021224984839296
montadas,1,84.99,35.91,1,1,2.783761574074074,1,2.0,1.0,100.0,100.0,0.42252029650547124
montalvania,3,352.2,70.23,3,0,-10.272469135802469,3,4.333333333333333,0.0,0.0,0.0,0.19940374787052811
montanha,10,1586.54,276.23,10,1,5.078506944444445,9,4.222222222222222,1.0,10.0,11.11111111111111,0.1741084372281821
montanhas,1,325.0,36.07,1,0,-21.51392361111111,1,4.0,0.0,0.0,0.0,0.11098461538461539
montauri,2,429.89,84.53,2,0,-21.2903125,2,5.0,0.0,0.0,0.0,0.19663169648049503
monte alegre,2,117.99,72.41,2,0,-16.035769675925927,2,3.0,1.0,0.0,50.0,0.6136960759386388
monte alegre de minas,4,213.68,89.23,4,0,-13.035063657407406,4,3.5,1.0,0.0,25.0,0.4175870460501685
monte alegre de sergipe,1,80.0,48.0,1,0,-10.521620370370371,1,5.0,0.0,0.0,0.0,0.6
monte alegre do sul,6,4181.79,178.59,6,0,-9.939162808641976,6,4.333333333333333,0.0,0.0,0.0,0.04270659215312103
monte alto,34,2549.01,517.69,32,1,-12.409525824652778,34,4.5,4.0,3.125,11.76470588235294,0.20309453474093864
monte alverne,1,268.0,14.01,1,0,-14.528356481481481,1,5.0,0.0,0.0,0.0,0.05227611940298507
monte aprazivel,10,948.11,238.39000000000001,10,0,-10.545207175925928,10,4.0,2.0,0.0,20.0,0.2514370695383447
monte azul,5,619.9,109.97999999999999,5,0,-14.662807870370369,5,4.6,0.0,0.0,0.0,0.17741571221164704
monte azul paulista,19,2887.91,399.19,19,1,-10.221059941520467,19,4.631578947368421,1.0,5.263157894736842,5.263157894736842,0.13822799186955273
monte belo,5,1109.78,230.52,5,1,-6.760891203703703,5,5.0,0.0,20.0,0.0,0.2077168447800465
monte belo do sul,1,79.98,36.76,1,0,-17.53554398148148,1,5.0,0.0,0.0,0.0,0.45961490372593145
monte bonito,1,29.5,20.84,1,0,-0.31734953703703705,1,5.0,0.0,0.0,0.0,0.7064406779661017
monte carlo,3,309.5,63.370000000000005,3,0,-15.22096450617284,3,5.0,0.0,0.0,0.0,0.20474959612277868
monte carmelo,24,3269.13,550.35,23,0,-14.687130132850243,23,4.3478260869565215,1.0,0.0,4.3478260869565215,0.1683475420065889
monte castelo,2,169.5,34.04,2,0,-17.085335648148146,2,4.5,0.0,0.0,0.0,0.2008259587020649
monte formoso,2,72.99,30.2,2,0,-13.165868055555556,2,5.0,0.0,0.0,0.0,0.41375530894643103
monte gordo,2,314.9,45.53,1,1,1.9328703703703705,2,3.0,1.0,100.0,50.0,0.1445855827246745
monte mor,40,4544.84,529.25,38,4,-6.1481636817738785,40,3.725,9.0,10.526315789473683,22.5,0.11645074414060781
monte santo,1,23.21,16.79,1,0,-2.086087962962963,1,3.0,0.0,0.0,0.0,0.7233950883239982
monte santo de minas,9,869.28,148.72,9,1,-11.036842849794239,9,4.444444444444445,1.0,11.11111111111111,11.11111111111111,0.1710841155899135
monte siao,20,2530.28,336.16,20,4,-11.067370949074075,20,3.8,3.0,20.0,15.0,0.1328548619125156
monte verde,3,343.09999999999997,120.35,3,2,4.902121913580247,3,4.333333333333333,0.0,66.66666666666666,0.0,0.3507723695715535
monteiro lobato,1,0.0,0.0,0,0,,1,1.0,1.0,,100.0,
monteiropolis,1,159.9,43.53,1,1,2.6733564814814814,1,2.0,1.0,100.0,100.0,0.2722326454033771
montenegro,32,4910.6,721.91,32,2,-10.487041377314815,31,4.467741935483871,1.0,6.25,3.225806451612903,0.14701054860913124
montes claros,211,26690.89,4796.5,207,7,-13.709191604043657,210,4.276190476190476,24.0,3.3816425120772946,11.428571428571429,0.17970551000734708
montezuma,2,186.89000000000001,33.46,2,0,-10.146637731481482,2,3.5,0.0,0.0,0.0,0.1790357964578094
montividiu do norte,1,17.99,15.1,1,0,-14.222986111111112,1,5.0,0.0,0.0,0.0,0.839355197331851
morada nova,10,1355.27,313.65,10,0,-13.301059027777777,10,4.0,1.0,0.0,10.0,0.231429899577206
morada nova de minas,3,658.89,71.48,3,0,-11.353707561728394,3,4.333333333333333,0.0,0.0,0.0,0.10848548316107394
moreilandia,2,230.9,64.22,2,0,-22.68328125,2,5.0,0.0,0.0,0.0,0.27812906019922046
moreira sales,3,345.67,87.81,3,0,-15.211747685185186,3,4.666666666666667,0.0,0.0,0.0,0.2540284085977956
moreno,5,763.5,196.59,5,0,-16.877164351851853,5,3.8,1.0,0.0,20.0,0.2574852652259332
morpara,2,357.12,36.61,2,0,-15.11923611111111,2,5.0,0.0,0.0,0.0,0.10251456093189965
morretes,4,762.98,85.94,3,0,-8.734880401234568,4,3.75,1.0,0.0,25.0,0.11263729062360743
morrinhos,18,2397.59,531.92,18,1,-11.855806327160494,18,3.611111111111111,4.0,5.555555555555555,22.22222222222222,0.22185611384765533
morro agudo,10,1850.95,312.58,9,0,-12.761655092592592,10,4.3,1.0,0.0,10.0,0.16887544234041976
morro agudo de goias,1,32.9,17.78,1,0,-12.46673611111111,1,4.0,0.0,0.0,0.0,0.5404255319148936
morro da fumaca,7,1676.0,245.45000000000002,7,0,-12.744351851851851,7,5.0,0.0,0.0,0.0,0.14644988066825776
morro da garca,1,199.0,28.14,1,0,-25.393483796296298,1,4.0,0.0,0.0,0.0,0.1414070351758794
morro de sao paulo,1,691.96,140.04,1,0,-4.568148148148148,1,4.0,0.0,0.0,0.0,0.20238164055725763
morro do chapeu,7,557.57,180.26999999999998,7,0,-15.575963955026456,6,4.166666666666667,1.0,0.0,16.666666666666664,0.32331366465197187
morro do ferro,1,120.0,34.38,1,0,-15.084212962962964,1,5.0,0.0,0.0,0.0,0.28650000000000003
morro do pilar,1,69.9,17.74,1,0,-11.150034722222221,1,5.0,0.0,0.0,0.0,0.25379113018597993
morro grande,1,119.8,38.78,1,0,-24.42189814814815,1,5.0,0.0,0.0,0.0,0.3237061769616027
morro redondo,1,209.9,23.76,1,0,-21.389502314814816,1,5.0,0.0,0.0,0.0,0.11319676036207718
morro reuter,3,627.34,114.06,3,0,-15.326523919753086,3,3.6666666666666665,1.0,0.0,33.33333333333333,0.18181528357828292
morro vermelho,1,31.9,9.09,1,0,-10.201203703703703,1,5.0,0.0,0.0,0.0,0.28495297805642633
morungaba,7,582.6899999999999,125.63,7,1,-16.28972552910053,7,4.714285714285714,0.0,14.285714285714285,0.0,0.21560349413925073
mossamedes,1,49.99,34.15,1,0,-20.11019675925926,1,5.0,0.0,0.0,0.0,0.683136627325465
mossoro,37,4875.46,1644.02,35,4,-14.311356150793651,37,3.8378378378378377,6.0,11.428571428571429,16.216216216216218,0.3372030536605777
mostardas,11,1517.83,202.5,11,0,-11.691485690235691,11,4.363636363636363,0.0,0.0,0.0,0.1334141504648083
motuca,3,283.9,38.35,2,0,-11.352534722222222,3,2.3333333333333335,2.0,0.0,66.66666666666666,0.13508277562522017
mozarlandia,7,806.4,201.64,7,0,-18.590798611111108,7,4.714285714285714,0.0,0.0,0.0,0.2500496031746032
mucambo,1,119.9,29.24,1,0,-19.043784722222224,1,4.0,0.0,0.0,0.0,0.24386989157631356
mucuge,1,256.99,28.75,1,0,-20.402083333333334,1,4.0,0.0,0.0,0.0,0.11187205727849332
mucuri,7,2203.67,182.32,7,0,-16.297536375661377,7,4.428571428571429,0.0,0.0,0.0,0.08273471073255069
mucurici,1,259.8,155.86,1,0,-7.260694444444445,1,4.0,0.0,0.0,0.0,0.5999230177059277
muliterno,1,235.0,35.45,0,0,,1,3.0,0.0,,0.0,0.15085106382978725
mundo novo,6,1102.99,140.2,6,0,-17.98842785493827,6,4.666666666666667,0.0,0.0,0.0,0.12710903997316383
munhoz,4,384.66999999999996,92.44999999999999,4,0,-10.63152488425926,4,3.75,1.0,0.0,25.0,0.24033587230613251
munhoz de melo,4,953.89,83.37,4,0,-12.884464699074073,4,3.75,0.0,0.0,0.0,0.0874000146767447
muniz freire,2,238.9,40.230000000000004,2,0,-12.315607638888888,2,5.0,0.0,0.0,0.0,0.16839681875261617
muquem do sao francisco,2,61.32,42.89,2,0,-23.695271990740743,2,5.0,0.0,0.0,0.0,0.6994455316373125
muqui,4,485.48,88.9,4,0,-9.207728587962963,4,4.25,0.0,0.0,0.0,0.18311773914476395
muriae,64,11015.42,1600.67,63,2,-12.074152153145208,64,4.40625,5.0,3.1746031746031744,7.8125,0.1453117538868241
murici,1,49.9,34.15,1,0,-14.485173611111112,1,4.0,0.0,0.0,0.0,0.6843687374749499
muritiba,1,159.49,63.14,1,0,-22.98841435185185,1,4.0,0.0,0.0,0.0,0.3958868894601542
murucupi,1,129.9,32.23,1,0,-13.422071759259259,1,3.0,0.0,0.0,0.0,0.24811393379522706
murutinga do sul,2,809.0,46.71,2,0,-13.681221064814814,2,5.0,0.0,0.0,0.0,0.057737948084054386
mussurepe,1,99.99,17.95,1,1,17.474270833333332,1,4.0,0.0,100.0,0.0,0.17951795179517951
mutuipe,4,448.78999999999996,131.3,4,0,-14.074160879629629,4,4.75,0.0,0.0,0.0,0.2925644510795696
mutum,8,1397.94,191.93,8,0,-12.574777199074074,8,4.25,0.0,0.0,0.0,0.13729487674721375
mutum parana,1,39.9,22.67,1,0,-15.216377314814816,1,5.0,0.0,0.0,0.0,0.568170426065163
mutunopolis,1,24.41,34.15,1,0,-12.574363425925926,1,5.0,0.0,0.0,0.0,1.39901679639492
muzambinho,9,665.8,174.82999999999998,9,1,-12.026332304526749,9,4.111111111111111,1.0,11.11111111111111,11.11111111111111,0.2625863622709522
nacip raydan,1,74.9,17.26,1,0,-15.424375,1,3.0,0.0,0.0,0.0,0.23044058744993326
nantes,1,79.0,12.05,1,0,-14.205868055555555,1,5.0,0.0,0.0,0.0,0.15253164556962026
nanuque,25,2395.9700000000003,524.78,25,3,-12.551986574074073,25,4.2,2.0,12.0,8.0,0.21902611468424057
nao-me-toque,7,859.68,202.42,7,1,-11.67035548941799,7,4.428571428571429,0.0,14.285714285714285,0.0,0.23545970593709287
narandiba,2,408.97999999999996,27.68,2,0,-8.641863425925926,2,4.5,0.0,0.0,0.0,0.06768057117707468
natal,207,35929.37,6921.63,203,22,-12.125200009122423,204,4.0245098039215685,38.0,10.83743842364532,18.627450980392158,0.192645459689385
natercia,1,39.9,17.6,1,0,-11.238240740740741,1,4.0,0.0,0.0,0.0,0.4411027568922306
natividade,16,2995.27,521.95,16,2,-15.338637876157408,16,4.125,3.0,12.5,18.75,0.17425808023984485
natividade da serra,1,125.0,13.89,1,0,-6.382129629629629,1,5.0,0.0,0.0,0.0,0.11112000000000001
navegantes,31,6783.17,717.6800000000001,31,2,-12.864286887694146,31,4.548387096774194,3.0,6.451612903225806,9.67741935483871,0.10580303899209367
navirai,8,1910.88,402.36,8,1,-9.08173611111111,8,4.125,1.0,12.5,12.5,0.21056267269530268
nazare,4,419.84000000000003,84.98,3,0,-14.4191512345679,4,4.0,1.0,0.0,25.0,0.20241044207317072
nazare da mata,1,99.99,14.57,1,0,-13.070104166666667,1,4.0,0.0,0.0,0.0,0.14571457145714573
nazare paulista,7,815.64,118.69,7,0,-14.260153769841269,5,4.4,0.0,0.0,0.0,0.1455176303271051
nazareno,2,161.8,28.46,2,0,-13.82232638888889,2,5.0,0.0,0.0,0.0,0.17589616810877626
nazario,2,237.89000000000001,36.5,2,0,-13.623223379629628,2,4.0,0.0,0.0,0.0,0.15343225860691914
neopolis,1,235.0,22.1,1,0,-13.2884375,1,5.0,0.0,0.0,0.0,0.09404255319148937
nepomuceno,9,610.9399999999999,199.74,9,0,-11.195291923868313,9,4.555555555555555,0.0,0.0,0.0,0.32693881559563953
neropolis,7,1297.22,166.8,7,0,-15.173579695767197,7,4.428571428571429,1.0,0.0,14.285714285714285,0.1285826613835741
neves paulista,3,112.58,41.739999999999995,3,0,-10.244444444444444,3,4.0,0.0,0.0,0.0,0.37075857168235915
nhandeara,8,630.26,115.06,7,0,-10.02910548941799,8,3.625,2.0,0.0,25.0,0.18255957858661506
nilopolis,107,13718.18,2399.5,103,14,-9.937349424667385,103,3.9320388349514563,22.0,13.592233009708737,21.35922330097087,0.17491387341469494
nipoa,2,337.8,34.55,2,1,-5.224635416666667,2,5.0,0.0,50.0,0.0,0.10227945529899347
niquelandia,14,1745.59,334.84000000000003,13,0,-16.921891025641024,14,4.071428571428571,1.0,0.0,7.142857142857142,0.19182053059424037
niteroi,849,117907.12,20012.26,825,103,-9.840030822109988,842,3.956057007125891,161.0,12.484848484848484,19.121140142517813,0.1697290206053714
nobres,1,41.99,17.92,1,0,-15.187546296296297,1,5.0,0.0,0.0,0.0,0.42676827816146706
nonoai,2,175.9,76.77000000000001,2,0,-19.279560185185186,2,5.0,0.0,0.0,0.0,0.4364411597498579
nortelandia,1,174.9,35.74,1,0,-15.102002314814815,1,4.0,0.0,0.0,0.0,0.2043453401943968
nossa senhora da gloria,2,221.45000000000002,53.269999999999996,2,0,-17.321429398148148,2,4.0,0.0,0.0,0.0,0.240550914427636
nossa senhora das dores,1,559.0,39.23,1,0,-5.288958333333333,1,4.0,0.0,0.0,0.0,0.07017889087656529
nossa senhora das gracas,2,54.8,25.950000000000003,2,0,-6.727690972222223,2,4.5,0.0,0.0,0.0,0.47354014598540156
nossa senhora de caravaggio,2,280.0,60.34,1,0,-14.314016203703703,2,3.0,1.0,0.0,50.0,0.21550000000000002
nossa senhora de lourdes,1,79.99,38.11,1,0,-18.338645833333334,1,5.0,0.0,0.0,0.0,0.47643455431928994
nossa senhora do o,2,401.0,56.19,1,0,-21.39667824074074,2,3.0,1.0,0.0,50.0,0.14012468827930175
nossa senhora do remedio,2,131.9,31.39,2,0,-10.148715277777779,2,5.0,0.0,0.0,0.0,0.23798332069749809
nossa senhora do socorro,14,2282.92,526.64,14,4,-5.999645337301587,14,3.7857142857142856,3.0,28.57142857142857,21.428571428571427,0.23068701487568552
nova alvorada,3,261.8,70.08,3,0,-17.560050154320987,3,4.333333333333333,0.0,0.0,0.0,0.26768525592055004
nova alvorada do sul,3,380.85,96.03,3,1,-9.223923611111111,3,3.3333333333333335,1.0,33.33333333333333,33.33333333333333,0.2521465143757385
nova america,1,51.0,15.11,1,0,-13.58886574074074,1,5.0,0.0,0.0,0.0,0.29627450980392156
nova america da colina,1,58.99,17.66,1,0,-11.286273148148148,1,5.0,0.0,0.0,0.0,0.2993727750466181
nova andradina,11,2194.87,332.68,11,1,-11.270993265993265,11,4.0,2.0,9.090909090909092,18.181818181818183,0.15157161927585688
nova araca,1,119.99,16.6,1,0,-14.454386574074075,1,5.0,0.0,0.0,0.0,0.13834486207183933
nova aurora,4,1065.8899999999999,108.70000000000002,4,0,-10.253715277777777,4,4.75,0.0,0.0,0.0,0.10198050455487905
nova bandeirantes,4,548.51,117.02,4,0,-13.572152777777777,4,3.0,1.0,0.0,25.0,0.21334159814770925
nova bassano,4,387.24,84.53,4,0,-13.212390046296296,4,5.0,0.0,0.0,0.0,0.21828839995868196
nova boa vista,1,52.9,22.95,1,0,-6.300740740740741,1,4.0,0.0,0.0,0.0,0.43383742911153117
nova brasilandia d'oeste,2,402.79999999999995,69.34,2,0,-15.753269675925926,2,5.0,0.0,0.0,0.0,0.17214498510427015
nova brescia,1,48.9,17.92,0,0,,1,1.0,1.0,,100.0,0.3664621676891616
nova campina,2,156.5,53.019999999999996,2,0,-11.183234953703703,2,4.5,0.0,0.0,0.0,0.33878594249201277
nova canaa,2,156.9,53.18,2,1,-1.1422048611111109,2,2.0,1.0,50.0,50.0,0.33894200127469726
nova canaa do norte,3,149.77999999999997,77.37,3,0,-20.15198688271605,3,4.666666666666667,0.0,0.0,0.0,0.516557617839498
nova canaa paulista,2,109.89000000000001,29.259999999999998,2,0,-13.699444444444445,2,3.0,1.0,0.0,50.0,0.2662662662662662
nova cantu,3,199.9,34.41,2,0,-13.050121527777778,3,3.6666666666666665,1.0,0.0,33.33333333333333,0.172136068034017
nova crixas,1,153.4,22.78,1,0,-13.142650462962964,1,5.0,0.0,0.0,0.0,0.1485006518904824
nova cruz,3,462.88,120.37,3,0,-19.0317862654321,3,5.0,0.0,0.0,0.0,0.2600458002073972
nova era,15,2074.71,490.45,15,0,-13.898140432098765,15,4.333333333333333,1.0,0.0,6.666666666666667,0.23639448404837302
nova erechim,3,254.79,51.989999999999995,3,2,1.8508680555555557,3,3.3333333333333335,1.0,66.66666666666666,33.33333333333333,0.20405039444248202
nova esperanca,8,1579.78,180.68,8,0,-20.87361255787037,8,4.625,0.0,0.0,0.0,0.11437035536593704
nova esperanca do piria,1,2199.0,53.66,1,0,-10.297002314814815,1,4.0,0.0,0.0,0.0,0.02440200090950432
nova esperanca do sudoeste,1,84.99,15.34,1,0,-10.552060185185185,1,4.0,0.0,0.0,0.0,0.18049182256736088
nova esperanca do sul,2,259.4,109.24000000000001,2,0,-26.624392361111113,2,3.5,0.0,0.0,0.0,0.4211256746337703
nova europa,8,634.44,126.45,8,0,-13.638256655092594,8,4.625,0.0,0.0,0.0,0.19930962738793265
nova fatima,5,398.69,116.39,5,0,-9.359451388888889,5,2.6,3.0,0.0,60.0,0.29193107426822845
nova floresta,1,129.6,25.4,1,0,-14.535474537037038,1,1.0,1.0,0.0,100.0,0.19598765432098766
nova friburgo,152,28024.89,3560.19,142,30,-5.21123850743349,151,3.6456953642384105,37.0,21.12676056338028,24.503311258278146,0.12703671629041186
nova granada,19,1790.33,332.12,19,1,-11.469217227095516,19,4.368421052631579,1.0,5.263157894736842,5.263157894736842,0.18550769969782108
nova guarita,1,25.0,16.79,1,0,-18.151157407407407,1,5.0,0.0,0.0,0.0,0.6716
nova guataporanga,1,75.0,42.76,1,0,-15.182662037037037,1,4.0,0.0,0.0,0.0,0.5701333333333333
nova hartz,3,618.88,136.34,3,0,-13.527989969135803,3,2.3333333333333335,2.0,0.0,66.66666666666666,0.2203011892450879
nova iguacu,442,60234.090000000004,10589.66,423,57,-10.376576728176166,438,3.7899543378995433,104.0,13.47517730496454,23.74429223744292,0.1758084167952068
nova independencia,1,23.9,10.96,1,0,-18.52630787037037,1,4.0,0.0,0.0,0.0,0.45857740585774065
nova ipixuna,1,328.0,189.03,1,0,-26.036898148148147,1,1.0,1.0,0.0,100.0,0.5763109756097561
nova itaberaba,2,308.89,35.88,2,0,-4.081736111111111,2,3.5,0.0,0.0,0.0,0.11615785554728222
nova lacerda,1,339.74,41.01,1,0,-16.578587962962963,1,5.0,0.0,0.0,0.0,0.12070995467121916
nova laranjeiras,1,208.1,43.49,1,0,-23.46814814814815,1,2.0,1.0,0.0,100.0,0.2089860643921192
nova lima,98,20962.05,2325.79,96,9,-10.775040147569444,97,4.0,16.0,9.375,16.49484536082474,0.11095241162004671
nova londrina,9,743.53,203.03,9,0,-15.1259079218107,9,4.222222222222222,1.0,0.0,11.11111111111111,0.27306228396971205
nova luzitania,1,22.9,11.85,1,1,8.617534722222222,1,1.0,1.0,100.0,100.0,0.517467248908297
nova mamore,2,594.9,208.26,2,0,-21.648697916666666,2,4.0,0.0,0.0,0.0,0.3500756429652042
nova monte verde,3,245.79,85.14,3,0,-22.51427083333333,3,3.6666666666666665,1.0,0.0,33.33333333333333,0.34639326254119374
nova mutum,5,571.38,144.29,5,0,-19.003069444444442,5,4.2,1.0,0.0,20.0,0.25252896496202176
nova odessa,38,4438.61,723.46,37,2,-10.337080830830832,37,4.486486486486487,2.0,5.405405405405405,5.405405405405405,0.16299246836284334
nova olimpia,2,168.0,104.03999999999999,2,0,-6.602754629629629,2,3.0,1.0,0.0,50.0,0.6192857142857142
nova olinda,4,1520.7,329.02,4,0,-16.722664930555556,4,3.5,1.0,0.0,25.0,0.21636088643387913
nova olinda do maranhao,4,1546.4,177.93,4,0,-14.259091435185185,4,4.0,1.0,0.0,25.0,0.11506078634247284
nova padua,1,69.9,19.46,1,0,-13.403310185185186,1,5.0,0.0,0.0,0.0,0.27839771101573674
nova palma,2,428.9,37.72,2,0,-16.80548611111111,2,4.5,0.0,0.0,0.0,0.0879459081370949
nova petropolis,8,459.89,140.17000000000002,8,1,-8.348978587962963,8,4.125,0.0,12.5,0.0,0.30479027593554986
nova ponte,9,1409.49,229.04999999999998,9,1,-11.148698559670782,9,4.0,1.0,11.11111111111111,11.11111111111111,0.1625055871272588
nova prata,16,1230.94,310.31,16,0,-16.91116753472222,16,4.375,1.0,0.0,6.25,0.2520918972492567
nova prata do iguacu,6,1049.78,135.41,6,1,-4.822241512345679,6,4.5,0.0,16.666666666666664,0.0,0.12898893101411724
nova redencao,1,19.9,16.79,1,1,0.6520949074074074,1,1.0,1.0,100.0,100.0,0.8437185929648241
nova resende,1,10.99,15.1,1,0,-14.038425925925926,1,5.0,0.0,0.0,0.0,1.3739763421292084
nova roma,1,49.99,17.6,1,0,-10.475347222222222,1,5.0,0.0,0.0,0.0,0.3520704140828166
nova roma do sul,1,1106.99,20.3,1,0,-25.153310185185184,1,1.0,1.0,0.0,100.0,0.018338015700232163
nova russas,7,1504.94,337.09,7,1,-12.790224867724868,7,4.285714285714286,0.0,14.285714285714285,0.0,0.2239889962390527
nova santa barbara,1,113.0,17.53,1,0,-9.344293981481481,1,4.0,0.0,0.0,0.0,0.15513274336283187
nova santa rita,6,968.76,134.06,6,0,-14.679363425925926,6,4.333333333333333,0.0,0.0,0.0,0.13838308765844998
nova santa rosa,4,398.88,97.74,4,0,-13.764302662037037,4,4.0,1.0,0.0,25.0,0.24503610108303248
nova serrana,51,7856.26,1271.24,49,4,-10.593528202947846,50,3.96,9.0,8.16326530612245,18.0,0.1618123636437694
nova soure,3,255.52,69.91,3,0,-20.76130401234568,3,4.0,0.0,0.0,0.0,0.2735989355040701
nova timboteua,1,99.9,33.15,1,0,-22.260925925925925,1,3.0,0.0,0.0,0.0,0.3318318318318318
nova trento,6,870.6,101.61,6,0,-13.142679398148148,6,4.5,0.0,0.0,0.0,0.11671261199172983
nova ubirata,1,99.9,23.85,1,0,-14.35226851851852,1,5.0,0.0,0.0,0.0,0.23873873873873874
nova venecia,19,2439.9,512.73,19,1,-14.122266691033138,18,4.888888888888889,0.0,5.263157894736842,0.0,0.2101438583548506
nova veneza,7,762.84,127.06,7,2,-5.826104497354498,7,3.857142857142857,2.0,28.57142857142857,28.57142857142857,0.1665617953961512
nova vicosa,1,205.99,65.02,1,0,-5.524803240740741,1,5.0,0.0,0.0,0.0,0.31564639060148547
nova xavantina,10,3274.69,327.47,10,0,-16.79991087962963,10,4.3,2.0,0.0,20.0,0.10000030537241694
novais,1,99.9,12.09,1,0,-12.615393518518518,1,5.0,0.0,0.0,0.0,0.12102102102102101
novo alegre,1,279.99,39.1,1,0,-12.108726851851852,1,5.0,0.0,0.0,0.0,0.13964784456587737
novo barreiro,2,197.59,34.44,2,0,-15.711377314814815,2,5.0,0.0,0.0,0.0,0.17430031884204664
novo brasil,1,85.9,17.85,1,1,126.69578703703704,1,4.0,0.0,100.0,0.0,0.20779976717112922
novo cabrais,1,55.0,16.15,1,0,-10.383310185185184,1,5.0,0.0,0.0,0.0,0.2936363636363636
novo cruzeiro,9,805.78,163.09,9,0,-11.561212705761315,9,4.444444444444445,0.0,0.0,0.0,0.2024001588522922
novo gama,16,2124.94,285.3,13,2,-10.852504451566952,16,3.75,4.0,15.384615384615385,25.0,0.13426261447382043
novo hamburgo,123,19847.08,3085.2400000000002,121,9,-12.533418464952556,123,4.024390243902439,21.0,7.43801652892562,17.073170731707318,0.15545057509719315
novo horizonte,18,2873.29,430.0,17,1,-9.701752450980392,18,3.9444444444444446,4.0,5.88235294117647,22.22222222222222,0.14965422912410511
novo itacolomi,1,90.0,32.22,1,0,-18.09894675925926,1,2.0,1.0,0.0,100.0,0.358
novo jardim,1,23.9,37.08,1,1,1.695613425925926,1,5.0,0.0,100.0,0.0,1.5514644351464435
novo lino,1,79.9,34.36,1,0,-16.768055555555556,1,5.0,0.0,0.0,0.0,0.430037546933667
novo machado,1,59.99,17.67,1,0,-13.396053240740741,1,4.0,0.0,0.0,0.0,0.29454909151525255
novo mundo,1,59.15,17.98,1,0,-12.32508101851852,1,5.0,0.0,0.0,0.0,0.3039729501267963
novo oriente,3,231.98000000000002,89.41999999999999,3,0,-13.891925154320987,3,3.3333333333333335,1.0,0.0,33.33333333333333,0.38546426416070345
novo oriente de minas,1,259.99,21.01,0,0,,1,2.0,1.0,,100.0,0.08081080041540059
novo oriente do piaui,2,152.01,100.56,2,0,-9.626319444444444,2,5.0,0.0,0.0,0.0,0.6615354253009671
novo planalto,1,27.99,18.3,1,0,-18.701689814814817,1,5.0,0.0,0.0,0.0,0.6538049303322616
novo progresso,5,2219.01,217.07,5,0,-18.420886574074075,5,3.6,1.0,0.0,20.0,0.09782290300629559
novo repartimento,2,155.0,105.16,2,0,-27.791059027777777,2,4.5,0.0,0.0,0.0,0.6784516129032258
novo sao joaquim,3,292.6,70.03999999999999,3,0,-19.5489737654321,3,4.0,0.0,0.0,0.0,0.2393711551606288
nucleo residencial pilar,8,2024.35,393.0,8,2,-6.512896412037037,8,3.625,2.0,25.0,25.0,0.19413638945834466
nuporanga,3,821.8,73.61,3,0,-11.228144290123458,3,5.0,0.0,0.0,0.0,0.08957167193964469
ocara,2,109.88999999999999,52.8,2,1,-1.329403935185185,2,2.5,1.0,50.0,50.0,0.48048048048048053
ocaucu,5,241.6,79.17,5,0,-10.871405092592592,5,4.8,0.0,0.0,0.0,0.32769039735099337
oeiras,6,553.44,250.47,6,0,-19.017864583333335,6,3.6666666666666665,2.0,0.0,33.33333333333333,0.452569384215091
oeiras do para,2,178.64999999999998,68.81,2,0,-15.800335648148149,2,4.5,0.0,0.0,0.0,0.38516652672823964
oiapoque,1,385.0,40.24,1,1,0.3603472222222222,1,5.0,0.0,100.0,0.0,0.10451948051948053
olaria,1,79.9,16.32,1,0,-21.119398148148147,1,5.0,0.0,0.0,0.0,0.20425531914893616
oleo,1,59.9,13.44,1,0,-16.30636574074074,1,5.0,0.0,0.0,0.0,0.22437395659432388
olho d'agua das cunhas,2,312.99,57.980000000000004,2,0,-14.909357638888888,2,4.5,0.0,0.0,0.0,0.18524553500111826
olho d'agua das flores,3,254.48,91.59,3,1,-7.236929012345679,3,4.0,0.0,33.33333333333333,0.0,0.3599104055328513
olhos d'agua,1,99.9,19.94,1,0,-9.025717592592592,1,4.0,0.0,0.0,0.0,0.1995995995995996
olimpia,38,5862.54,737.89,36,2,-13.537484889403293,38,4.052631578947368,7.0,5.555555555555555,18.421052631578945,0.12586523929900692
olinda,93,13149.78,2500.2599999999998,89,14,-9.121301628173116,92,4.010869565217392,13.0,15.730337078651685,14.130434782608695,0.19013702130377844
olindina,3,226.79000000000002,57.620000000000005,2,0,-11.301718750000001,3,3.6666666666666665,1.0,0.0,33.33333333333333,0.25406763966665197
oliveira,22,2579.0,521.72,22,2,-11.866731376262628,22,4.2272727272727275,3.0,9.090909090909092,13.636363636363635,0.20229546335789067
oliveira dos brejinhos,2,138.9,46.94,2,1,-5.850196759259259,2,2.5,1.0,50.0,50.0,0.33794096472282215
onda verde,1,69.81,19.68,1,0,-19.105671296296297,1,4.0,0.0,0.0,0.0,0.2819080360979802
oriente,3,1017.2700000000001,57.75,3,0,-13.259621913580247,3,4.333333333333333,0.0,0.0,0.0,0.056769589194609095
orindiuva,5,541.78,87.81,5,0,-9.87887037037037,5,3.8,1.0,0.0,20.0,0.16207685776514455
orizania,1,129.95,60.14,1,0,-6.1953356481481485,1,5.0,0.0,0.0,0.0,0.46279338207002696
orizona,6,546.8100000000001,110.27,6,1,-8.542399691358025,6,3.6666666666666665,1.0,16.666666666666664,16.666666666666664,0.20166054022420948
orlandia,29,4027.32,525.08,28,0,-12.550026455026455,29,4.103448275862069,4.0,0.0,13.793103448275861,0.13037950796062892
orleans,8,1408.5900000000001,209.08,8,0,-18.746733217592592,8,4.75,0.0,0.0,0.0,0.14843212006332573
orobo,1,99.9,42.73,1,0,-11.334756944444445,1,5.0,0.0,0.0,0.0,0.42772772772772766
oroco,3,294.9,94.56,3,1,-10.525648148148148,3,4.666666666666667,0.0,33.33333333333333,0.0,0.32065106815869787
oros,2,100.65,60.06,2,0,-16.73179398148148,2,4.5,0.0,0.0,0.0,0.5967213114754099
ortigueira,8,993.29,146.16,8,0,-18.13073784722222,8,4.875,0.0,0.0,0.0,0.14714735877739632
osasco,746,82157.86,11842.86,724,35,-10.153920190045017,740,4.183108108108108,97.0,4.834254143646409,13.108108108108107,0.14414762020335
oscar bressane,3,301.8,38.13,3,0,-12.434864969135802,3,5.0,0.0,0.0,0.0,0.12634194831013917
osorio,35,6251.24,974.51,35,0,-18.409575066137567,35,4.457142857142857,1.0,0.0,2.857142857142857,0.1558906712908159
osvaldo cruz,16,1786.46,337.9,16,0,-12.499544994212963,16,4.625,0.0,0.0,0.0,0.1891450130425534
osvaldo kroeff,1,239.99,22.17,1,0,-9.389502314814814,1,5.0,0.0,0.0,0.0,0.09237884911871329
otacilio costa,5,913.29,249.56,5,1,-6.601622685185186,5,4.4,0.0,20.0,0.0,0.2732538405106812
ourem,1,31.9,34.15,1,1,13.869178240740741,1,1.0,1.0,100.0,100.0,1.0705329153605017
ouricuri,8,2246.86,483.87,8,1,-11.095885416666667,8,4.375,0.0,12.5,0.0,0.2153538716252904
ourilandia do norte,5,1710.0800000000002,224.27,5,0,-17.262333333333334,5,4.4,0.0,0.0,0.0,0.1311459113023952
ourinhos,80,12543.03,1773.75,77,4,-11.154267977392976,78,4.166666666666667,7.0,5.194805194805195,8.974358974358974,0.14141319920306336
ourizona,1,143.8,24.0,1,0,-8.633564814814815,1,4.0,0.0,0.0,0.0,0.16689847009735742
ouro,1,278.79,31.46,1,0,-15.321342592592593,1,1.0,1.0,0.0,100.0,0.11284479357222281
ouro branco,41,4419.23,864.5600000000001,41,4,-10.575787037037038,41,4.085365853658536,6.0,9.75609756097561,14.634146341463413,0.19563589132043369
ouro fino,16,2511.84,466.39,16,1,-12.306566116898148,16,4.3125,1.0,6.25,6.25,0.18567663545448754
ouro preto,57,6861.5599999999995,1455.16,55,4,-13.158844907407406,56,3.982142857142857,9.0,7.2727272727272725,16.071428571428573,0.21207422218854025
ouro preto do oeste,4,437.49,280.99,4,0,-25.68589699074074,4,4.75,0.0,0.0,0.0,0.6422775377722919
ouro verde,3,307.96999999999997,48.06999999999999,3,0,-10.5646875,3,4.333333333333333,0.0,0.0,0.0,0.15608663181478716
ouro verde de goias,1,82.9,15.33,1,0,-21.428796296296298,1,5.0,0.0,0.0,0.0,0.18492159227985525
ouro verde de minas,2,80.78999999999999,33.4,2,0,-10.91611111111111,2,3.5,1.0,0.0,50.0,0.4134175021661097
ouro verde do oeste,1,14.9,12.48,1,0,-11.513877314814815,1,3.0,0.0,0.0,0.0,0.8375838926174497
ouroeste,11,1235.19,202.38,11,1,-11.331829755892256,11,3.8181818181818183,1.0,9.090909090909092,9.090909090909092,0.1638452383843781
ouvidor,1,345.0,56.07000000000001,1,0,-18.238518518518518,1,1.0,1.0,0.0,100.0,0.1625217391304348
pacaembu,6,1505.29,89.78,6,0,-10.396849922839506,6,4.166666666666667,0.0,0.0,0.0,0.05964299238020581
pacaja,6,2651.06,209.9,6,1,-10.788672839506171,6,4.166666666666667,1.0,16.666666666666664,16.666666666666664,0.0791758768190837
pacajus,6,1262.59,257.41,6,2,-5.738337191358024,6,2.8333333333333335,3.0,33.33333333333333,50.0,0.203874575277802
pacatuba,5,4317.98,151.88,5,0,-20.911840277777777,5,3.4,1.0,0.0,20.0,0.03517385444119704
paco do lumiar,7,766.38,239.55,7,2,-6.541223544973546,7,2.7142857142857144,4.0,28.57142857142857,57.14285714285714,0.3125733970093165
pacoti,2,149.8,72.49,2,0,-4.813998842592593,2,4.5,0.0,0.0,0.0,0.48391188251001327
pacotuba,1,50.9,18.24,1,1,2.6606944444444443,1,5.0,0.0,100.0,0.0,0.35834970530451865
pacuja,1,339.95000000000005,198.45000000000002,1,0,-17.05439814814815,1,2.0,1.0,0.0,100.0,0.5837623179879394
padre bernardo,4,195.7,67.99,4,1,-5.909701967592593,4,5.0,0.0,25.0,0.0,0.3474195196729688
padre carvalho,1,563.0,19.94,1,0,-18.202916666666667,1,5.0,0.0,0.0,0.0,0.03541740674955595
padre gonzales,1,50.0,19.54,1,0,-12.121319444444444,1,5.0,0.0,0.0,0.0,0.3908
padre paraiso,1,59.9,17.67,1,0,-10.361770833333333,1,5.0,0.0,0.0,0.0,0.294991652754591
paial,1,139.99,25.72,1,0,-9.907048611111112,1,5.0,0.0,0.0,0.0,0.18372740910065002
paicandu,10,943.16,163.06,10,0,-16.024225694444446,10,4.7,0.0,0.0,0.0,0.17288689087747572
paineiras,1,58.99,22.99,1,0,-16.966180555555557,1,1.0,1.0,0.0,100.0,0.38972707238515
pains,3,298.33,108.44,3,0,-15.782878086419752,1,5.0,0.0,0.0,0.0,0.3634900948613951
paiva,2,146.2,35.540000000000006,2,0,-13.713478009259259,2,3.5,0.0,0.0,0.0,0.24309165526675794
palestina,10,499.55,135.02,10,0,-14.482260416666668,10,4.6,0.0,0.0,0.0,0.2702832549294365
palhano,1,99.0,37.6,1,0,-4.283472222222223,1,5.0,0.0,0.0,0.0,0.3797979797979798
palhoca,95,11440.12,2110.13,90,12,-10.020992026748972,93,3.870967741935484,21.0,13.333333333333334,22.58064516129032,0.18444998828683615
palma,4,415.89,88.16,4,0,-21.733547453703704,4,4.75,0.0,0.0,0.0,0.21197912909663613
palma sola,4,938.8,71.75,4,0,-11.216724537037038,4,4.75,0.0,0.0,0.0,0.07642735406902429
palmares,9,1206.82,280.21,8,0,-19.892313368055554,9,3.5555555555555554,2.0,0.0,22.22222222222222,0.23218872739928076
palmares do sul,5,435.77,82.63,5,0,-17.370400462962962,5,4.8,0.0,0.0,0.0,0.18961837666659018
palmares paulista,1,59.9,11.03,1,0,-21.516747685185184,1,5.0,0.0,0.0,0.0,0.18414023372287144
palmas,110,19742.48,4407.81,107,15,-11.246115978712357,109,4.036697247706422,16.0,14.018691588785046,14.678899082568808,0.2232652635332542
palmeira,16,2640.2200000000003,353.9,15,2,-13.942831790123456,16,3.8125,4.0,13.333333333333334,25.0,0.13404186014801794
palmeira d oeste,1,49.9,14.52,1,0,-29.35015046296296,1,5.0,0.0,0.0,0.0,0.2909819639278557
palmeira d'oeste,5,319.18,77.73,5,0,-12.951831018518519,5,4.6,0.0,0.0,0.0,0.24353029638448526
palmeira das missoes,16,1559.51,384.01,16,0,-15.301235532407407,16,4.75,1.0,0.0,6.25,0.24623760027188027
palmeira dos indios,8,1094.41,369.04999999999995,8,1,-11.455461516203703,8,3.625,2.0,12.5,25.0,0.3372136585009274
palmeiras,2,174.95,117.35,2,0,-13.303489583333334,2,5.0,0.0,0.0,0.0,0.6707630751643326
palmeiras de goias,3,334.8,72.53,3,1,-3.193765432098765,3,3.6666666666666665,1.0,33.33333333333333,33.33333333333333,0.216636798088411
palmeirinha,2,58.919999999999995,34.88,2,0,-4.9070833333333335,2,5.0,0.0,0.0,0.0,0.5919891378139852
palminopolis,1,199.0,38.94,1,0,-28.32466435185185,1,5.0,0.0,0.0,0.0,0.195678391959799
palmital,19,1939.16,384.62,19,1,-12.189680190058478,19,4.105263157894737,2.0,5.263157894736842,10.526315789473683,0.1983436126982817
palmital de minas,1,0.0,0.0,0,0,,1,4.0,0.0,,0.0,
palmitinho,5,271.69,88.3,5,0,-19.23084490740741,5,4.0,1.0,0.0,20.0,0.3250027604990982
palmitos,5,667.9,93.08,5,1,-12.832039351851853,5,4.2,1.0,20.0,20.0,0.13936217996706093
palmopolis,1,89.99,23.21,1,0,-5.247777777777777,1,5.0,0.0,0.0,0.0,0.2579175463940438
palotina,10,872.76,193.01,10,1,-11.333763888888889,10,4.7,0.0,10.0,0.0,0.22114899857921994
panambi,17,3640.9900000000002,418.15999999999997,17,1,-14.491201661220044,17,3.823529411764706,3.0,5.88235294117647,17.647058823529413,0.11484788477859043
pancas,1,159.94,38.96,1,0,-11.076087962962964,1,5.0,0.0,0.0,0.0,0.24359134675503313
panelas,2,161.79000000000002,48.7,2,0,-10.157332175925927,2,5.0,0.0,0.0,0.0,0.3010074788305828
panorama,5,404.39,70.25,5,0,-6.695861111111111,5,4.6,0.0,0.0,0.0,0.17371844011968646
pantano grande,3,297.79,51.14,3,0,-19.506736111111113,3,5.0,0.0,0.0,0.0,0.17173175727861914
papagaios,4,269.67,97.99000000000001,4,0,-20.690870949074075,4,3.75,1.0,0.0,25.0,0.3633700448696555
papanduva,8,669.41,207.24,8,0,-11.210143229166667,8,4.5,1.0,0.0,12.5,0.30958605339029893
papucaia,10,1126.77,308.93,10,1,-17.293564814814815,10,4.5,0.0,10.0,0.0,0.27417307880046504
para de minas,37,7162.08,832.51,37,2,-11.4669751001001,37,4.243243243243243,4.0,5.405405405405405,10.81081081081081,0.11623857873690324
paracambi,35,6571.96,944.27,35,4,-13.291671296296297,35,3.9714285714285715,6.0,11.428571428571429,17.142857142857142,0.14368164139769565
paracatu,63,8430.41,1751.81,62,4,-12.830460909498207,62,4.17741935483871,7.0,6.451612903225806,11.29032258064516,0.20779653658600233
paracuru,5,550.89,155.03,4,1,-12.878463541666667,5,3.0,2.0,25.0,40.0,0.28141734284521414
paragominas,19,2182.65,792.53,18,2,-15.177689043209877,19,3.526315789473684,6.0,11.11111111111111,31.57894736842105,0.36310448308249144
paraguacu,13,1452.85,373.44,12,0,-13.321806520061727,13,3.8461538461538463,3.0,0.0,23.076923076923077,0.25703961179750145
paraguacu paulista,20,2766.8,297.16,20,0,-12.449296296296296,20,4.6,0.0,0.0,0.0,0.10740205291311263
parai,3,233.4,57.2,3,0,-10.885154320987652,3,4.666666666666667,0.0,0.0,0.0,0.24507283633247645
paraiba do sul,18,2949.57,502.51,18,3,-10.309053497942386,18,3.7222222222222223,3.0,16.666666666666664,16.666666666666664,0.17036720606732506
paraibano,3,259.90999999999997,163.0,3,0,-5.146836419753086,3,3.3333333333333335,1.0,0.0,33.33333333333333,0.6271401639028895
paraibuna,10,1610.99,199.76,10,1,-11.682071759259259,10,4.4,1.0,10.0,10.0,0.12399828676776392
paraipaba,5,558.97,147.57,5,1,-9.67969675925926,5,3.4,2.0,20.0,40.0,0.2640034348891711
paraiso,6,850.6800000000001,97.71,6,0,-13.433462577160492,6,4.5,0.0,0.0,0.0,0.11486105233460289
paraiso das aguas,1,34.99,18.35,1,0,-4.445567129629629,1,5.0,0.0,0.0,0.0,0.5244355530151472
paraiso do norte,3,187.82,70.87,3,0,-12.951022376543209,3,4.333333333333333,0.0,0.0,0.0,0.37732935789585775
paraiso do sul,1,28.99,18.3,1,0,-26.455439814814813,1,5.0,0.0,0.0,0.0,0.6312521559158331
paraiso do tocantins,10,1799.0400000000002,439.82,10,0,-19.630699074074073,10,4.4,0.0,0.0,0.0,0.24447483102098894
paraisopolis,15,2101.66,351.56,15,0,-14.69110725308642,15,4.266666666666667,1.0,0.0,6.666666666666667,0.16727729509054748
paraju,1,79.9,25.84,1,1,1.562662037037037,1,2.0,1.0,100.0,100.0,0.3234042553191489
parambu,4,141.86,127.36,4,0,-18.116166087962963,4,4.75,0.0,0.0,0.0,0.8977865501198363
paramirim,5,407.67999999999995,147.79000000000002,5,1,-7.300150462962963,5,3.8,1.0,20.0,20.0,0.3625147174254318
parana,2,108.88,86.37,2,2,4.864091435185185,2,5.0,0.0,100.0,0.0,0.7932586333578252
paranacity,3,178.15,44.45,3,0,-8.735038580246913,3,5.0,0.0,0.0,0.0,0.24950884086444008
paranagua,60,9244.45,1607.11,58,5,-12.276338601532567,60,3.75,16.0,8.620689655172415,26.666666666666668,0.17384592917912908
paranaiba,15,1616.23,321.36,14,0,-17.40192046957672,15,3.8666666666666667,4.0,0.0,26.666666666666668,0.1988330868750116
paranaiguara,3,236.89,56.459999999999994,3,0,-13.040829475308643,3,5.0,0.0,0.0,0.0,0.23833846933175734
paranaita,4,1858.75,157.72,4,0,-15.425222800925926,4,4.5,0.0,0.0,0.0,0.08485272360457297
paranapanema,11,560.45,199.26,11,1,-5.116257365319865,10,4.6,0.0,9.090909090909092,0.0,0.35553573021679
paranapoema,1,89.99,50.5,1,0,-12.167199074074073,1,5.0,0.0,0.0,0.0,0.561173463718191
paranapua,2,64.99000000000001,22.810000000000002,2,0,-10.282320601851852,2,3.0,0.0,0.0,0.0,0.35097707339590706
paranatinga,2,2463.29,111.03,2,0,-19.318061342592593,2,5.0,0.0,0.0,0.0,0.0450738646282005
paranavai,47,7228.95,1150.5,45,3,-11.205290637860083,47,4.212765957446808,7.0,6.666666666666667,14.893617021276595,0.15915174402921586
paranhos,1,279.0,30.99,1,0,-19.38028935185185,1,5.0,0.0,0.0,0.0,0.1110752688172043
paraopeba,9,880.67,186.07,9,1,-13.60110596707819,9,3.7777777777777777,2.0,11.11111111111111,22.22222222222222,0.21128231914337947
parapua,8,1178.4,167.43,8,0,-10.942333622685185,7,4.142857142857143,1.0,0.0,14.285714285714285,0.14208248472505092
parati,13,2779.7,308.89,13,1,-10.992973646723648,13,3.769230769230769,2.0,7.6923076923076925,15.384615384615385,0.11112350253624492
paraty,19,2780.77,469.09,19,4,-8.156387670565302,18,3.7777777777777777,3.0,21.052631578947366,16.666666666666664,0.16869068639261786
parauapebas,27,4092.06,1542.09,27,4,-12.348077846364882,26,4.230769230769231,2.0,14.814814814814813,7.6923076923076925,0.3768493130599258
parauna,4,556.88,53.28,4,0,-12.622850115740741,4,4.0,1.0,0.0,25.0,0.09567590863381699
pardinho,1,272.8,82.26,1,0,-17.28152777777778,1,3.0,0.0,0.0,0.0,0.3015395894428153
pareci novo,1,22.0,15.1,1,0,-23.460925925925928,1,5.0,0.0,0.0,0.0,0.6863636363636364
parelhas,4,1233.8899999999999,262.90999999999997,4,0,-15.229042245370369,4,4.0,0.0,0.0,0.0,0.21307409898775417
paripiranga,2,77.71000000000001,78.94,2,0,-6.758425925925925,2,5.0,0.0,0.0,0.0,1.015828078754343
paripueira,1,349.9,29.3,1,0,-6.663275462962963,1,4.0,0.0,0.0,0.0,0.08373821091740498
pariquera-acu,15,1765.1,300.11,15,2,-10.149704475308642,15,4.066666666666666,3.0,13.333333333333334,20.0,0.17002436122599288
parisi,1,34.49,11.85,1,0,-7.266099537037037,1,5.0,0.0,0.0,0.0,0.3435778486517831
parnaiba,23,4060.01,1201.5,22,0,-16.300699705387206,23,4.217391304347826,4.0,0.0,17.391304347826086,0.29593523168662145
parnamirim,63,9402.89,2077.55,61,4,-14.789217516697024,62,4.282258064516129,5.0,6.557377049180328,8.064516129032258,0.22094802768085134
parnarama,1,166.99,50.83,1,0,-13.272835648148147,1,4.0,0.0,0.0,0.0,0.3043894844002635
parobe,12,1750.48,234.59,12,0,-17.003920717592592,12,4.75,0.0,0.0,0.0,0.13401467026187103
passa quatro,10,1746.56,345.8,9,0,-12.699462448559672,10,3.3,4.0,0.0,40.0,0.19798919017955297
passa tempo,1,120.0,26.46,1,0,-12.09269675925926,1,4.0,0.0,0.0,0.0,0.2205
passa tres,2,63.85,33.52,2,1,-4.303321759259259,2,4.5,0.0,50.0,0.0,0.5249804228660925
passagem,1,1199.0,66.83,1,0,-9.557523148148148,1,5.0,0.0,0.0,0.0,0.05573811509591326
passagem franca,1,37.98,49.68,1,0,-14.71599537037037,1,1.0,1.0,0.0,100.0,1.3080568720379149
passira,1,374.98,86.74,1,1,15.095115740740741,1,4.0,0.0,100.0,0.0,0.23131900368019626
passo de camaragibe,1,41.98,68.3,1,0,-14.481458333333334,1,5.0,0.0,0.0,0.0,1.626965221534064
passo de torres,7,587.99,143.27,7,2,-5.030752314814815,7,4.142857142857143,1.0,28.57142857142857,14.285714285714285,0.24366060647289922
passo fundo,113,15223.21,2940.66,112,5,-14.338409701554232,113,4.176991150442478,13.0,4.464285714285714,11.504424778761061,0.19316950892748638
passos,43,4247.28,942.53,43,0,-10.907284399224805,43,4.186046511627907,5.0,0.0,11.627906976744185,0.22191378953118232
passos maia,2,208.9,39.2,2,0,-10.301440972222222,1,5.0,0.0,0.0,0.0,0.18764959310674964
pastos bons,2,137.9,72.32,2,0,-12.742123842592594,2,5.0,0.0,0.0,0.0,0.5244379985496737
patis,1,49.9,15.1,1,0,-2.2208912037037036,1,4.0,0.0,0.0,0.0,0.3026052104208417
pato bragado,2,86.69999999999999,38.13,2,0,-9.14976273148148,2,4.0,0.0,0.0,0.0,0.43979238754325267
pato branco,53,9047.64,1551.94,53,1,-12.151453965758211,53,4.264150943396227,5.0,1.8867924528301887,9.433962264150944,0.17152981329937975
patos,16,4036.65,758.63,16,0,-17.083639322916667,16,4.3125,2.0,0.0,12.5,0.18793554060916848
patos de minas,100,16791.97,2555.0099999999998,99,6,-12.656594533295923,99,4.03030303030303,15.0,6.0606060606060606,15.151515151515152,0.15215665583013782
patrocinio,47,6817.53,1290.67,45,2,-12.3051875,47,3.851063829787234,11.0,4.444444444444445,23.404255319148938,0.18931636531119042
patrocinio do muriae,2,94.8,39.58,2,1,0.30314814814814817,2,2.5,1.0,50.0,50.0,0.41751054852320674
patrocinio paulista,2,1059.2,88.26,2,0,-12.841932870370371,2,3.0,1.0,0.0,50.0,0.08332703927492448
patu,3,144.49,158.38,3,0,-12.177056327160495,3,4.666666666666667,0.0,0.0,0.0,1.0961312201536437
paty do alferes,13,2234.66,363.05,13,2,-10.071951566951567,13,4.3076923076923075,2.0,15.384615384615385,15.384615384615385,0.16246319350594723
pau brasil,1,239.2,76.72,1,0,-16.363310185185185,1,3.0,0.0,0.0,0.0,0.32073578595317725
pau d'arco,2,141.8,92.22999999999999,1,0,-20.189039351851854,2,3.0,1.0,0.0,50.0,0.6504231311706627
pau dos ferros,9,2745.5499999999997,431.26,9,2,-11.706899434156378,9,4.222222222222222,1.0,22.22222222222222,11.11111111111111,0.1570759957021362
paudalho,2,878.9,71.24000000000001,2,0,-9.533171296296297,2,4.5,0.0,0.0,0.0,0.08105586528615316
paula candido,1,129.0,39.19,1,0,-3.4454166666666666,1,5.0,0.0,0.0,0.0,0.3037984496124031
paula freitas,1,474.9,78.56,1,0,-21.147060185185186,1,5.0,0.0,0.0,0.0,0.16542429985260057
pauliceia,3,1070.27,91.83,2,0,-18.487743055555555,2,3.5,1.0,0.0,50.0,0.08580077924262101
paulinia,130,16658.69,2132.15,127,11,-8.474268737241177,129,4.2015503875969,15.0,8.661417322834646,11.627906976744185,0.127990256136587
paulino neves,1,559.99,54.64,0,0,,1,1.0,1.0,,100.0,0.09757317094948124
paulista,42,6212.37,1389.71,42,6,-11.525281084656084,42,3.6904761904761907,10.0,14.285714285714285,23.809523809523807,0.22370045570370084
paulistana,3,862.6700000000001,150.59,3,0,-15.476261574074073,3,4.666666666666667,0.0,0.0,0.0,0.1745626948891233
paulistania,1,99.0,17.94,1,0,-19.560868055555556,1,5.0,0.0,0.0,0.0,0.1812121212121212
paulo afonso,40,6492.59,1349.54,39,3,-12.10496824548908,40,4.15,4.0,7.6923076923076925,10.0,0.2078584971482875
paulo de faria,5,588.5799999999999,67.9,5,0,-17.347025462962964,5,5.0,0.0,0.0,0.0,0.11536239763498592
paulo frontin,5,560.9,146.5,5,0,-15.226363425925925,5,4.0,1.0,0.0,20.0,0.2611873774291318
paulo jacinto,2,368.89,106.69,2,0,-15.804050925925926,2,5.0,0.0,0.0,0.0,0.2892190083764808
paulo lopes,2,238.99,32.67,2,0,-10.938715277777778,2,3.5,1.0,0.0,50.0,0.136700280346458
pavao,1,60.0,15.63,1,0,-18.358969907407406,1,5.0,0.0,0.0,0.0,0.2605
peabiru,5,704.74,89.22,4,1,-6.698376736111111,5,3.2,2.0,25.0,40.0,0.12659988080710616
pecanha,5,882.7,209.1,4,0,-10.303070023148148,5,4.2,0.0,0.0,0.0,0.2368868245156905
pederneiras,21,3007.0699999999997,442.94,21,0,-11.147647707231041,21,4.666666666666667,0.0,0.0,0.0,0.14729953077247954
pedra,3,267.68,82.11,3,1,-3.1325694444444445,3,3.6666666666666665,1.0,33.33333333333333,33.33333333333333,0.3067468619246862
pedra azul,5,416.12,127.68,5,1,-1.823261574074074,5,4.6,0.0,20.0,0.0,0.3068345669518408
pedra bela,3,460.9,56.43,2,0,-9.984762731481482,3,4.666666666666667,0.0,0.0,0.0,0.12243436754176612
pedra branca,3,81.88,102.11,3,1,-9.080219907407406,3,3.3333333333333335,0.0,33.33333333333333,0.0,1.2470688812896924
pedra do indaia,1,72.99,23.09,1,0,-8.57875,1,4.0,0.0,0.0,0.0,0.31634470475407594
pedra lavrada,1,50.0,37.9,1,1,7.445729166666666,1,5.0,0.0,100.0,0.0,0.758
pedra menina,1,23.4,15.1,1,0,-10.186168981481481,1,5.0,0.0,0.0,0.0,0.6452991452991453
pedra preta,5,589.79,164.46,5,1,-12.48170601851852,5,4.2,1.0,20.0,20.0,0.27884501263161465
pedralva,3,743.97,100.36,3,0,-16.71693287037037,3,5.0,0.0,0.0,0.0,0.13489791255023723
pedranopolis,1,59.9,14.51,1,0,-9.302939814814815,1,4.0,0.0,0.0,0.0,0.24223706176961604
pedrao,1,325.0,18.71,1,0,-13.485729166666667,1,4.0,0.0,0.0,0.0,0.057569230769230775
pedras altas,1,89.9,15.38,1,0,-9.539710648148148,1,4.0,0.0,0.0,0.0,0.1710789766407119
pedras de fogo,2,159.99,44.64,2,1,-3.015989583333334,2,3.0,1.0,50.0,50.0,0.27901743858991185
pedregulho,2,1039.4,82.78,2,0,-12.316186342592593,2,2.5,1.0,0.0,50.0,0.07964210121223782
pedreira,36,2893.6,497.69,36,2,-12.309370177469136,36,4.083333333333333,5.0,5.555555555555555,13.88888888888889,0.17199682056953278
pedreiras,3,1002.69,139.07,3,0,-19.45255401234568,3,5.0,0.0,0.0,0.0,0.1386969053246766
pedrinhas paulista,4,420.87,64.61,4,0,-11.96337962962963,4,4.5,0.0,0.0,0.0,0.15351533727754413
pedrinopolis,3,481.01,72.28999999999999,3,0,-9.283707561728393,3,5.0,0.0,0.0,0.0,0.15028793580175048
pedro afonso,3,235.89000000000001,133.01,3,0,-9.000196759259259,3,4.333333333333333,0.0,0.0,0.0,0.5638645131205222
pedro canario,5,363.79,112.75999999999999,5,1,-7.496761574074074,5,4.2,0.0,20.0,0.0,0.30995904230462623
pedro de toledo,9,833.11,179.98,8,0,-8.879950810185186,9,4.0,2.0,0.0,22.22222222222222,0.2160338970844186
pedro gomes,1,113.0,19.38,1,0,-16.65164351851852,1,5.0,0.0,0.0,0.0,0.17150442477876104
pedro ii,2,364.79999999999995,75.35,1,0,-19.033472222222223,2,2.0,1.0,0.0,50.0,0.2065515350877193
pedro leopoldo,40,5057.01,818.04,40,1,-13.57937065972222,40,4.5,2.0,2.5,5.0,0.16176357175485118
pedro osorio,3,692.4499999999999,60.53,3,0,-7.285567129629629,3,3.6666666666666665,1.0,0.0,33.33333333333333,0.08741425373673191
pedro velho,1,61.99,37.12,1,0,-5.306516203703704,1,5.0,0.0,0.0,0.0,0.5988062590740442
peixe,1,89.99,27.17,1,0,-9.19224537037037,1,4.0,0.0,0.0,0.0,0.30192243582620293
peixoto de azevedo,4,357.7,133.85999999999999,4,0,-14.819924768518518,4,4.5,0.0,0.0,0.0,0.374224210232038
pejucara,4,699.65,130.7,4,0,-18.76386574074074,4,4.0,1.0,0.0,25.0,0.18680768955906524
pelotas,186,22387.13,4969.46,183,12,-11.619252491904474,183,4.202185792349726,28.0,6.557377049180328,15.300546448087433,0.22197843135765952
penaforte,2,479.89,79.14,2,0,-9.614033564814815,2,4.5,0.0,0.0,0.0,0.16491279251495136
penapolis,37,4776.58,772.6800000000001,37,0,-12.744114114114115,37,4.405405405405405,3.0,0.0,8.108108108108109,0.16176427485774342
pendencias,2,326.5,83.52,2,0,-15.213234953703704,2,5.0,0.0,0.0,0.0,0.25580398162327717
penedo,9,1329.77,368.17999999999995,9,1,-13.450023148148148,9,4.222222222222222,1.0,11.11111111111111,11.11111111111111,0.2768749482993299
penha,17,2298.09,323.59,15,1,-12.313493827160494,17,3.9411764705882355,4.0,6.666666666666667,23.52941176470588,0.14080823640501458
pentecoste,2,239.8,59.41,2,0,-21.368993055555556,2,4.5,0.0,0.0,0.0,0.24774812343619682
pequi,1,169.99,27.51,1,0,-14.362824074074075,1,4.0,0.0,0.0,0.0,0.16183304900288253
pequizeiro,1,219.99,33.99,1,0,-12.068402777777777,1,3.0,0.0,0.0,0.0,0.15450702304650213
perdigao,7,393.49,114.09,6,0,-19.401957947530864,7,3.7142857142857144,2.0,0.0,28.57142857142857,0.2899438359297568
perdizes,8,1163.31,219.19,8,1,6.543423032407409,8,4.375,0.0,12.5,0.0,0.18841925196207374
perdoes,9,603.88,148.13,9,0,-12.489574331275719,9,4.444444444444445,0.0,0.0,0.0,0.24529707888984567
pereira barreto,19,4294.72,428.40999999999997,18,0,-11.085515689300411,19,4.421052631578948,1.0,0.0,5.263157894736842,0.09975271961850829
pereiras,1,54.99,14.7,1,0,-1.1967592592592593,1,5.0,0.0,0.0,0.0,0.26732133115111834
pereiro,3,285.89,93.85,3,0,-9.716080246913581,3,4.666666666666667,0.0,0.0,0.0,0.32827311203609777
peri mirim,1,34.99,24.84,1,0,-23.44087962962963,1,5.0,0.0,0.0,0.0,0.7099171191769077
periquito,2,1526.0,62.099999999999994,2,0,-13.78912037037037,2,5.0,0.0,0.0,0.0,0.04069462647444298
peritiba,2,106.9,37.81,2,0,-21.70592013888889,2,3.5,0.0,0.0,0.0,0.3536950420954163
perobal,1,80.0,15.31,1,0,-4.543668981481481,1,5.0,0.0,0.0,0.0,0.19137500000000002
perola,2,272.74,40.57,2,0,-8.235972222222221,2,5.0,0.0,0.0,0.0,0.14874972501283273
perola d'oeste,2,619.9,52.849999999999994,2,0,-6.853848379629629,2,4.5,0.0,0.0,0.0,0.08525568640103241
perola independente,1,84.9,19.56,1,0,-7.519050925925926,1,5.0,0.0,0.0,0.0,0.23038869257950528
perpetuo socorro,2,149.89000000000001,32.41,2,0,-18.865219907407408,2,4.5,0.0,0.0,0.0,0.2162252318366802
peruibe,44,6681.02,1184.6200000000001,43,2,-9.316176518087856,44,3.909090909090909,8.0,4.651162790697675,18.181818181818183,0.17731124888115887
pescador,1,29.9,14.52,1,1,1.5573263888888889,1,4.0,0.0,100.0,0.0,0.48561872909699
pesqueira,9,667.79,362.24,9,1,-14.65494341563786,9,4.666666666666667,0.0,11.11111111111111,0.0,0.5424459785261834
petrolandia,15,2110.34,477.43,14,0,-17.100257936507937,15,4.4,1.0,0.0,6.666666666666667,0.2262336874626837
petrolina,65,14313.0,2635.97,62,3,-13.585118540919952,65,4.230769230769231,6.0,4.838709677419355,9.230769230769232,0.18416614266750506
petropolis,240,33230.1,6348.83,234,30,-9.393488099477683,239,3.912133891213389,44.0,12.82051282051282,18.410041841004183,0.1910566022973148
piacabucu,2,228.9,91.5,2,0,-16.686979166666667,2,5.0,0.0,0.0,0.0,0.399737876802097
piacatu,1,51.19,22.94,1,0,-13.25175925925926,1,5.0,0.0,0.0,0.0,0.44813440125024423
piacu,1,166.99,27.49,1,0,-4.556585648148148,1,3.0,0.0,0.0,0.0,0.1646206359662255
pianco,1,2200.0,124.99,1,0,-9.658402777777777,1,5.0,0.0,0.0,0.0,0.056813636363636365
piao,1,56.99,15.15,0,0,,1,1.0,1.0,,100.0,0.26583611159852605
piata,2,80.97999999999999,50.37,2,1,-3.7443865740740745,2,3.5,0.0,50.0,0.0,0.6220054334403556
piau,2,125.88999999999999,35.55,2,0,-20.253622685185185,2,4.5,0.0,0.0,0.0,0.28238938756056875
picada cafe,1,32.0,17.6,1,0,-27.12148148148148,1,5.0,0.0,0.0,0.0,0.55
picarra,1,1014.5999999999999,108.25999999999999,1,0,-23.633680555555557,1,5.0,0.0,0.0,0.0,0.10670214863000198
picarras,1,155.0,15.84,1,1,1.6095833333333334,1,5.0,0.0,100.0,0.0,0.10219354838709677
picos,19,3598.56,995.1,17,2,-12.163327205882354,19,3.6842105263157894,5.0,11.76470588235294,26.31578947368421,0.27652727757769774
picui,2,107.99,117.62,2,1,-8.53509837962963,2,4.0,0.0,50.0,0.0,1.0891749236040376
piedade,23,2852.76,409.09000000000003,22,4,-9.284983164983165,23,4.130434782608695,3.0,18.181818181818183,13.043478260869565,0.14340147786704804
piedade de caratinga,7,662.07,137.76,7,0,-10.632824074074074,7,4.714285714285714,0.0,0.0,0.0,0.20807467488332046
piedade do rio grande,3,362.78,104.11999999999999,3,1,-12.224614197530864,3,4.0,0.0,33.33333333333333,0.0,0.2870058988918904
piedade dos gerais,3,392.88,47.28,3,0,-24.294610339506175,3,2.6666666666666665,2.0,0.0,66.66666666666666,0.12034208918753818
pien,4,330.4,74.97,4,1,-7.7376475694444435,4,4.25,0.0,25.0,0.0,0.22690677966101697
pilao arcado,4,279.87,84.81,4,0,-13.439276620370372,4,4.25,0.0,0.0,0.0,0.30303355129167114
pilar,4,158.69,106.62,4,1,-7.291623263888889,4,3.5,1.0,25.0,25.0,0.6718759846241099
pilar do sul,12,1002.36,222.96,12,1,-12.255795717592592,12,4.5,0.0,8.333333333333332,0.0,0.2224350532742727
pimenta,2,233.99,37.269999999999996,2,0,-17.189942129629628,2,5.0,0.0,0.0,0.0,0.159280311124407
pimenta bueno,8,1243.79,378.48,7,0,-17.96932705026455,8,3.375,3.0,0.0,37.5,0.3042957412424927
pimenteiras,2,102.5,90.71000000000001,2,0,-17.235815972222223,2,5.0,0.0,0.0,0.0,0.8849756097560977
pindai,2,134.8,36.739999999999995,2,0,-11.810827546296295,2,4.5,0.0,0.0,0.0,0.27255192878338275
pindamonhangaba,101,13070.16,1770.18,97,5,-11.443083834478808,101,4.405940594059406,10.0,5.154639175257731,9.900990099009901,0.13543675058300741
pindare mirim,3,481.9,104.3,3,1,-15.148383487654321,3,3.6666666666666665,1.0,33.33333333333333,33.33333333333333,0.21643494500933805
pindoba,2,432.0,110.52,2,0,-18.716105324074075,2,5.0,0.0,0.0,0.0,0.2558333333333333
pindobacu,3,169.9,73.82,3,0,-11.921635802469135,3,4.333333333333333,0.0,0.0,0.0,0.43449087698646255
pindorama,2,368.9,36.620000000000005,2,0,-13.815694444444444,2,5.0,0.0,0.0,0.0,0.09926809433450802
pindorama do tocantins,2,99.66,74.52000000000001,2,0,-10.105960648148148,2,4.0,0.0,0.0,0.0,0.7477423239012644
pindoretama,1,37.55,25.63,1,0,-19.42857638888889,1,2.0,1.0,0.0,100.0,0.6825565912117177
pingo-d'agua,1,369.48,43.54,1,0,-11.389895833333334,1,5.0,0.0,0.0,0.0,0.11784129046227129
pinhais,69,8711.82,1435.02,66,2,-11.368699845679012,68,4.220588235294118,8.0,3.0303030303030303,11.76470588235294,0.164721034181147
pinhal da serra,1,19.9,15.1,1,0,-14.452430555555555,1,5.0,0.0,0.0,0.0,0.7587939698492463
pinhalao,7,1894.94,137.41,7,0,-17.39611111111111,7,4.714285714285714,0.0,0.0,0.0,0.07251416931406798
pinhalzinho,21,2117.28,460.88,21,2,-8.808381834215167,21,3.9523809523809526,4.0,9.523809523809524,19.047619047619047,0.21767550819919895
pinhao,9,1340.28,230.70999999999998,9,2,-14.345093878600823,9,4.555555555555555,0.0,22.22222222222222,0.0,0.17213567314292536
pinheiral,14,2165.19,364.19,14,1,-10.943638392857142,14,4.071428571428571,2.0,7.142857142857142,14.285714285714285,0.16820232866399715
pinheiro,4,426.8,126.42999999999999,4,1,-8.784192708333332,4,4.5,0.0,25.0,0.0,0.29622774133083407
pinheiro machado,5,542.89,170.42,5,0,-15.98210648148148,5,4.8,0.0,0.0,0.0,0.313912578975483
pinheiros,9,1224.31,172.03,9,0,-15.975362654320987,9,4.111111111111111,2.0,0.0,22.22222222222222,0.14051179848241052
pinhotiba,1,59.9,17.67,1,0,-1.4101851851851852,1,5.0,0.0,0.0,0.0,0.294991652754591
pintadas,2,449.79999999999995,70.7,2,0,-30.782430555555557,2,4.5,0.0,0.0,0.0,0.15718096931969766
pinto bandeira,1,49.9,15.1,0,0,,1,1.0,1.0,,100.0,0.3026052104208417
pio ix,1,149.99,34.85,1,1,2.933784722222222,1,1.0,1.0,100.0,100.0,0.23234882325488365
pio xii,1,479.99,66.04,1,0,-14.085671296296296,1,4.0,0.0,0.0,0.0,0.13758619971249403
piquerobi,1,85.0,27.45,1,0,-9.391134259259259,1,5.0,0.0,0.0,0.0,0.32294117647058823
piquete,9,771.09,163.46,9,0,-14.704084362139916,9,5.0,0.0,0.0,0.0,0.21198563073052432
piracaia,22,2764.83,419.96,21,1,-12.617435515873016,22,4.045454545454546,3.0,4.761904761904762,13.636363636363635,0.15189360647851766
piracanjuba,10,1893.26,318.14,10,1,-10.021017361111111,10,3.8,3.0,10.0,30.0,0.16803819866262426
piracema,1,149.0,17.59,1,0,-2.246886574074074,1,5.0,0.0,0.0,0.0,0.11805369127516778
piracicaba,369,52307.98,6632.99,356,9,-11.753129128953391,369,4.159891598915989,53.0,2.528089887640449,14.363143631436316,0.12680646432915205
piracuruca,2,235.9,111.53999999999999,2,0,-15.093275462962962,2,5.0,0.0,0.0,0.0,0.4728274692666384
pirai,16,2218.16,325.91,15,3,-5.73054861111111,16,2.875,7.0,20.0,43.75,0.14692808453853645
pirai do norte,1,29.49,16.79,1,0,-7.359780092592593,1,4.0,0.0,0.0,0.0,0.569345540861309
pirai do sul,7,601.29,139.69,6,0,-12.85164351851852,7,4.428571428571429,1.0,0.0,14.285714285714285,0.2323171847195197
piraju,19,4954.98,410.77,17,0,-11.734143518518518,19,3.8947368421052633,4.0,0.0,21.052631578947366,0.082900435521435
pirajuba,1,135.9,16.71,1,0,-0.25583333333333336,1,4.0,0.0,0.0,0.0,0.12295805739514348
pirajui,12,1583.52,205.79999999999998,12,0,-14.04824363425926,12,4.416666666666667,1.0,0.0,8.333333333333332,0.1299636253410124
pirambu,1,289.0,16.77,1,0,-4.0306597222222225,1,3.0,0.0,0.0,0.0,0.05802768166089965
piranga,4,316.19,84.2,4,1,-10.506391782407407,4,4.25,0.0,25.0,0.0,0.2662955817704545
pirangi,8,1199.99,146.44,7,0,-12.88953373015873,8,3.875,1.0,0.0,12.5,0.12203435028625238
piranguinho,9,1475.65,214.20000000000002,9,1,-8.753346193415638,9,3.2222222222222223,4.0,11.11111111111111,44.44444444444444,0.14515637176837326
piranhas,4,718.79,193.02,4,0,-15.386203703703703,4,4.5,0.0,0.0,0.0,0.2685346206819795
pirapemas,1,0.0,0.0,0,0,,1,4.0,0.0,,0.0,
pirapetinga,8,486.39,154.0,7,0,-13.88303902116402,8,4.0,1.0,0.0,12.5,0.31661835152860873
pirapo,1,75.27,21.02,1,0,-2.0283796296296295,1,5.0,0.0,0.0,0.0,0.27926132589345026
pirapora,42,6803.07,1039.09,42,1,-14.486534667107584,41,4.390243902439025,3.0,2.380952380952381,7.317073170731707,0.1527383960476667
pirapora do bom jesus,16,2744.66,322.88,16,1,-11.821765046296296,16,4.375,0.0,6.25,0.0,0.11763934330663908
pirapozinho,14,1319.3700000000001,263.1,14,0,-10.634174933862434,14,4.571428571428571,0.0,0.0,0.0,0.19941335637463334
piraquara,14,1604.51,342.73,14,1,-17.916724537037037,14,4.285714285714286,1.0,7.142857142857142,7.142857142857142,0.21360415329290564
pirassununga,69,8550.33,1315.9,69,6,-10.410578703703703,68,4.426470588235294,5.0,8.695652173913043,7.352941176470589,0.1539004927295204
piratini,1,69.9,17.74,1,0,-10.275856481481481,1,5.0,0.0,0.0,0.0,0.25379113018597993
piratininga,9,2449.18,165.38,8,0,-10.646801215277778,9,4.111111111111111,1.0,0.0,11.11111111111111,0.06752464090021967
piratuba,6,958.98,169.5,5,1,-17.388863425925926,6,3.6666666666666665,2.0,20.0,33.33333333333333,0.17675029719076518
pirauba,3,247.77,59.92,3,0,-15.156296296296297,3,3.6666666666666665,1.0,0.0,33.33333333333333,0.24183718771441257
pirenopolis,4,273.87,81.87,4,0,-11.288648726851854,4,4.0,0.0,0.0,0.0,0.2989374520758024
pires do rio,12,3500.83,429.2,12,1,-14.109302662037036,12,4.25,1.0,8.333333333333332,8.333333333333332,0.12259949783337094
pires ferreira,1,18.95,24.84,1,0,-9.612511574074073,1,5.0,0.0,0.0,0.0,1.3108179419525066
piripa,2,71.99000000000001,38.849999999999994,2,1,-10.282621527777778,2,5.0,0.0,50.0,0.0,0.5396582858730378
piripiri,7,537.28,291.28,7,0,-14.087809193121695,7,4.285714285714286,1.0,0.0,14.285714285714285,0.5421381774865991
piritiba,6,484.69,145.53,5,0,-15.500189814814814,6,4.166666666666667,1.0,0.0,16.666666666666664,0.30025377045121626
pirpirituba,1,1340.0,32.25,1,0,-16.15511574074074,1,1.0,1.0,0.0,100.0,0.024067164179104476
pitanga,3,532.7,75.01,3,0,-15.823969907407408,3,4.333333333333333,0.0,0.0,0.0,0.14081096301858456
pitanga de estrada,1,120.0,34.83,1,0,-7.220810185185186,1,5.0,0.0,0.0,0.0,0.29025
pitangueiras,18,1362.6200000000001,272.02,16,1,-11.60211009837963,18,3.4444444444444446,5.0,6.25,27.77777777777778,0.19963012431932597
pitangui,22,2517.23,546.97,22,1,-12.822426346801347,22,4.2727272727272725,1.0,4.545454545454546,4.545454545454546,0.21729043432662093
pitimbu,1,388.9,66.21,1,0,-22.05377314814815,1,5.0,0.0,0.0,0.0,0.17024942144510155
pium,1,20.0,25.63,1,0,-18.52962962962963,1,5.0,0.0,0.0,0.0,1.2814999999999999
piuma,17,2216.18,373.99,17,2,-11.544537717864923,17,4.0588235294117645,2.0,11.76470588235294,11.76470588235294,0.16875434305877682
piumhi,3,195.73000000000002,87.78999999999999,3,0,-8.233827160493826,3,4.666666666666667,0.0,0.0,0.0,0.4485260307566545
piumhii,28,3707.31,746.8,28,2,-12.975687417328043,28,4.5,1.0,7.142857142857142,3.571428571428571,0.2014398580102554
placas,2,220.29000000000002,98.28999999999999,2,2,17.54497685185185,2,3.0,1.0,100.0,50.0,0.4461845748785691
planaltina,10,754.24,195.1,10,1,-11.921996527777777,10,4.4,1.0,10.0,10.0,0.25867098005939754
planaltina de goias,2,95.6,36.01,2,0,-15.84097800925926,2,5.0,0.0,0.0,0.0,0.37667364016736404
planaltina do parana,1,10.75,15.1,1,0,-10.567465277777778,1,5.0,0.0,0.0,0.0,1.4046511627906977
planaltino,1,191.8,62.64,1,0,-9.314212962962962,1,5.0,0.0,0.0,0.0,0.3265901981230448
planalto,9,807.68,168.67,9,0,-14.426712962962963,9,4.222222222222222,1.0,0.0,11.11111111111111,0.208832706022187
planura,2,102.16,48.94,2,0,-18.359444444444442,2,5.0,0.0,0.0,0.0,0.47905246671887236
poa,85,9343.45,1460.35,85,2,-11.155607570806099,85,4.08235294117647,10.0,2.3529411764705883,11.76470588235294,0.15629665701641254
pocao,1,299.99,18.54,1,0,-3.3017476851851852,1,5.0,0.0,0.0,0.0,0.06180206006866895
pocao de pedras,1,179.0,35.05,1,0,-11.986296296296297,1,5.0,0.0,0.0,0.0,0.19581005586592176
pocinhos,3,223.8,128.12,3,0,-11.382094907407406,3,4.333333333333333,0.0,0.0,0.0,0.5724754244861483
poco de pedra,1,174.0,16.66,1,1,5.461157407407407,1,5.0,0.0,100.0,0.0,0.09574712643678161
poco fundo,8,933.99,310.89,8,0,-10.333896122685186,8,4.375,0.0,0.0,0.0,0.33286223621237915
poco redondo,1,419.8,126.98,1,0,-21.387534722222224,1,5.0,0.0,0.0,0.0,0.3024773701762744
poco verde,4,447.79999999999995,241.51,4,1,-2.9958130787037036,4,2.75,2.0,25.0,50.0,0.5393255917820456
pocoes,2,308.99,90.21000000000001,2,0,-19.63747685185185,2,4.0,0.0,0.0,0.0,0.2919511958315803
pocoes de paineiras,1,102.89000000000001,43.06,1,0,-12.505092592592593,1,5.0,0.0,0.0,0.0,0.41850519972786465
pocos de caldas,122,17190.35,2825.68,116,10,-12.365353408365262,122,3.9672131147540983,25.0,8.620689655172415,20.491803278688526,0.16437594347991752
pocrane,3,172.99,50.129999999999995,3,1,-4.598661265432099,3,3.6666666666666665,0.0,33.33333333333333,0.0,0.2897855367362275
pojuca,13,1481.09,339.69,13,0,-14.861268696581195,13,4.230769230769231,1.0,0.0,7.6923076923076925,0.22935135609584834
polo petroquimico de triunfo,1,5.6,15.1,1,1,3.6609606481481483,1,5.0,0.0,100.0,0.0,2.6964285714285716
poloni,3,163.12,59.290000000000006,3,0,-13.967704475308642,3,4.333333333333333,0.0,0.0,0.0,0.36347474252084355
pombal,6,1577.5,632.7,6,0,-16.541277006172837,6,5.0,0.0,0.0,0.0,0.4010776545166403
pombos,1,105.0,26.43,1,1,0.773599537037037,1,5.0,0.0,100.0,0.0,0.2517142857142857
pomerode,9,1579.36,218.19,9,0,-17.648374485596708,9,4.777777777777778,0.0,0.0,0.0,0.1381508965656975
pompeia,17,1907.08,345.87,17,0,-11.66146922657952,17,3.823529411764706,3.0,0.0,17.647058823529413,0.18136103362208195
pompeu,11,1055.18,266.49,11,1,-10.747497895622896,11,4.090909090909091,2.0,9.090909090909092,18.181818181818183,0.2525540666047499
pongai,4,343.8,85.25,4,0,-10.915347222222223,4,4.75,0.0,0.0,0.0,0.24796393251890633
ponta grossa,143,18923.38,3228.9,141,8,-12.264199583004991,143,4.391608391608392,11.0,5.673758865248227,7.6923076923076925,0.17063019397169005
ponta pora,18,4038.5099999999998,613.65,18,2,-11.875617283950618,18,4.194444444444445,3.0,11.11111111111111,16.666666666666664,0.15194960517616646
pontal,13,1097.3799999999999,235.67,12,0,-13.718577353395062,13,4.461538461538462,1.0,0.0,7.6923076923076925,0.21475696659315827
pontal do parana,8,1084.26,150.79,8,0,-13.771921296296297,8,4.5,0.0,0.0,0.0,0.13907180934462213
pontalina,2,405.0,83.72,2,0,-9.39217013888889,2,4.5,0.0,0.0,0.0,0.20671604938271604
pontalinda,2,60.8,23.950000000000003,2,1,-11.796244212962963,2,4.5,0.0,50.0,0.0,0.39391447368421056
pontao,1,44.9,26.89,1,0,-13.348009259259259,1,5.0,0.0,0.0,0.0,0.5988864142538975
ponte alta do norte,1,39.99,19.47,1,0,-12.17244212962963,1,5.0,0.0,0.0,0.0,0.4868717179294823
ponte nova,41,7106.89,983.45,39,1,-12.318108380816714,40,4.125,6.0,2.564102564102564,15.0,0.1383797976330012
ponte serrada,3,423.9,59.88,3,0,-11.503082561728396,3,3.0,1.0,0.0,33.33333333333333,0.14125973106864828
pontes e lacerda,9,1556.77,416.13,9,0,-15.985042438271604,9,4.555555555555555,0.0,0.0,0.0,0.2673034552310232
pontes gestal,1,89.99,45.09,1,0,-17.025069444444444,1,3.0,0.0,0.0,0.0,0.5010556728525393
ponto belo,1,79.9,18.66,1,0,-18.122291666666666,1,5.0,0.0,0.0,0.0,0.23354192740926155
ponto do marambaia,1,13.7,15.1,1,0,-12.460462962962962,1,5.0,0.0,0.0,0.0,1.102189781021898
ponto dos volantes,2,41.4,32.9,2,0,-9.059739583333332,2,5.0,0.0,0.0,0.0,0.7946859903381642
ponto novo,1,360.0,17.0,1,0,-15.105902777777779,1,1.0,1.0,0.0,100.0,0.04722222222222222
populina,1,47.6,23.7,1,0,-8.24287037037037,1,3.0,0.0,0.0,0.0,0.4978991596638655
porangaba,2,166.39,29.240000000000002,2,0,-11.191672453703703,2,4.0,0.0,0.0,0.0,0.1757317146463129
porangatu,13,1828.15,334.59000000000003,13,0,-13.80900106837607,13,3.9615384615384617,2.0,0.0,15.384615384615385,0.18302108689111946
porciuncula,8,936.8800000000001,175.25,8,0,-15.925241608796297,8,4.25,0.0,0.0,0.0,0.18705704038937748
porecatu,10,735.42,195.29,9,0,-11.969511316872428,10,4.5,1.0,0.0,10.0,0.2655489380218107
portalegre,2,408.8,104.21000000000001,2,0,-37.90479166666667,2,3.5,1.0,0.0,50.0,0.2549168297455969
portao,10,772.15,187.31,10,0,-14.679658564814815,10,4.2,1.0,0.0,10.0,0.2425823997927864
porteiras,1,16.55,25.63,1,0,-24.18537037037037,1,5.0,0.0,0.0,0.0,1.5486404833836858
porteirinha,5,282.69,75.36,5,1,-8.729949074074074,5,4.4,0.0,20.0,0.0,0.2665817680144328
portela,1,229.9,16.36,1,1,6.453425925925926,1,5.0,0.0,100.0,0.0,0.07116137451065681
portelandia,2,93.99000000000001,36.64,2,0,-6.550734953703704,2,4.5,0.0,0.0,0.0,0.3898287051814022
porto acre,1,74.9,29.45,1,0,-13.600150462962963,1,5.0,0.0,0.0,0.0,0.39319092122830435
porto alegre,1379,190562.08,33502.01,1341,158,-11.09191526327782,1371,4.006564551422319,232.0,11.782252050708426,16.921954777534644,0.1758062779331544
porto alegre do norte,1,410.0,35.32,1,0,-10.570416666666667,1,4.0,0.0,0.0,0.0,0.08614634146341464
porto amazonas,2,58.79,34.42,2,0,-19.731886574074075,2,5.0,0.0,0.0,0.0,0.5854737200204116
porto belo,9,856.3199999999999,223.0,9,0,-11.986939300411523,9,4.555555555555555,0.0,0.0,0.0,0.2604166666666667
porto calvo,2,323.39,74.53999999999999,2,0,-8.975607638888889,2,5.0,0.0,0.0,0.0,0.23049568632301554
porto de pedras,1,179.9,20.45,1,0,-18.17295138888889,1,5.0,0.0,0.0,0.0,0.11367426347971095
porto dos gauchos,1,609.0,46.67,0,0,,1,1.0,1.0,,100.0,0.07663382594417077
porto esperidiao,2,234.8,44.03,2,1,10.023049768518518,2,5.0,0.0,50.0,0.0,0.18752129471890971
porto estrela,1,129.9,26.82,1,0,-22.601828703703703,1,5.0,0.0,0.0,0.0,0.20646651270207853
porto feliz,22,3108.9700000000003,412.93,21,0,-13.343204365079364,22,4.636363636363637,1.0,0.0,4.545454545454546,0.13281890786980896
porto ferreira,28,2000.7,539.72,26,3,-12.410835113960113,28,4.178571428571429,5.0,11.538461538461538,17.857142857142858,0.2697655820462838
porto firme,2,153.60999999999999,34.89,2,0,-18.081383101851852,2,5.0,0.0,0.0,0.0,0.22713365015298487
porto franco,2,279.99,69.15,2,1,-2.1397453703703704,1,5.0,0.0,50.0,0.0,0.24697310618236368
porto grande,1,29.99,34.15,1,0,-19.178854166666667,1,5.0,0.0,0.0,0.0,1.138712904301434
porto lucena,1,59.89,17.67,1,0,-12.34113425925926,1,4.0,0.0,0.0,0.0,0.2950409083319419
porto murtinho,1,55.0,16.15,1,0,-13.16130787037037,1,5.0,0.0,0.0,0.0,0.2936363636363636
porto nacional,8,1577.68,333.7,8,0,-20.65834056712963,8,4.75,0.0,0.0,0.0,0.21151310785457125
porto real,7,1484.6,161.32,7,4,5.228349867724868,7,2.9285714285714284,2.0,57.14285714285714,28.57142857142857,0.1086622659302169
porto rico,1,299.0,19.92,1,0,-11.171689814814815,1,5.0,0.0,0.0,0.0,0.06662207357859533
porto seguro,41,12890.09,1474.33,39,10,-8.764889007597342,41,3.341463414634146,16.0,25.64102564102564,39.02439024390244,0.11437701365933053
porto trombetas,2,241.8,58.489999999999995,2,0,-12.373842592592592,2,3.0,1.0,0.0,50.0,0.2418941273779983
porto uniao,14,3023.65,305.78,14,0,-11.74480572089947,14,4.142857142857143,0.0,0.0,0.0,0.10112942966282472
porto velho,113,21938.53,4183.39,108,5,-17.882202932098764,112,3.982142857142857,21.0,4.62962962962963,18.75,0.19068688740767958
porto xavier,5,564.46,125.72,5,0,-15.410965277777777,5,4.4,0.0,0.0,0.0,0.22272614534245117
posse,17,3550.25,436.47,15,2,-8.845158179012346,17,4.294117647058823,1.0,13.333333333333334,5.88235294117647,0.12294063798324062
posto da mata,4,530.98,89.15,4,0,-18.28931423611111,4,3.25,1.0,0.0,25.0,0.1678970959358168
pote,3,506.9,70.63,3,0,-16.824301697530863,3,3.6666666666666665,1.0,0.0,33.33333333333333,0.13933714736634445
potengi,2,245.89000000000001,86.06,2,0,-3.80015625,2,4.5,0.0,0.0,0.0,0.349993899711253
potim,2,249.8,30.04,2,0,-12.68684027777778,2,3.0,1.0,0.0,50.0,0.12025620496397117
potiragua,7,495.97,148.73,7,0,-15.871618716931218,7,4.857142857142857,0.0,0.0,0.0,0.2998770086900417
potirendaba,9,823.32,271.78,8,0,-14.332175925925926,9,4.222222222222222,1.0,0.0,11.11111111111111,0.33010251178156724
pouso alegre,131,21372.21,2823.2,128,12,-12.62794044777199,129,4.077519379844961,20.0,9.375,15.503875968992247,0.1320967742690157
pouso alto,3,251.0,51.81,3,0,-12.48435185185185,3,5.0,0.0,0.0,0.0,0.20641434262948208
pouso novo,1,54.9,26.92,1,0,-13.704421296296296,1,5.0,0.0,0.0,0.0,0.4903460837887068
pouso redondo,3,597.29,57.980000000000004,3,0,-16.090771604938272,3,4.0,0.0,0.0,0.0,0.09707177418004656
poxoreu,2,128.57,44.019999999999996,2,0,-19.54479166666667,2,5.0,0.0,0.0,0.0,0.34238158201757796
prado,5,1090.79,143.8,5,0,-12.659979166666666,5,4.2,1.0,0.0,20.0,0.13183105822385613
pradopolis,10,901.0,180.31,10,0,-14.447252314814815,10,4.7,0.0,0.0,0.0,0.20012208657047725
prados,3,204.79,46.160000000000004,3,0,-19.075713734567902,3,4.333333333333333,0.0,0.0,0.0,0.22540163093901072
praia grande,316,39671.02,5202.13,301,28,-7.745559362310816,314,4.130573248407643,41.0,9.30232558139535,13.05732484076433,0.1311317430204719
praia norte,1,79.0,34.35,1,0,-9.14625,1,3.0,0.0,0.0,0.0,0.4348101265822785
pranchita,1,158.67,23.69,1,0,-6.22787037037037,1,5.0,0.0,0.0,0.0,0.14930358605911642
prata,11,1099.48,246.60999999999999,11,0,-15.290433501683502,11,4.0,1.0,0.0,9.090909090909092,0.2242969403718121
pratapolis,1,49.99,18.63,1,0,-11.36125,1,5.0,0.0,0.0,0.0,0.3726745349069814
presidente alves,2,112.61,27.81,2,0,-13.23447337962963,2,5.0,0.0,0.0,0.0,0.24695852943788296
presidente bernardes,6,496.85,127.22,5,0,-24.687550925925926,6,4.166666666666667,1.0,0.0,16.666666666666664,0.25605313474891817
presidente castello branco,1,19.9,15.1,1,0,-5.501006944444445,1,5.0,0.0,0.0,0.0,0.7587939698492463
presidente dutra,15,2335.78,640.59,14,4,1.8097412367724874,15,3.8666666666666667,3.0,28.57142857142857,20.0,0.2742509996660644
presidente epitacio,23,2572.52,441.63,23,1,-11.23582729468599,23,4.260869565217392,3.0,4.3478260869565215,13.043478260869565,0.1716721347161538
presidente getulio,7,654.1800000000001,191.95,6,2,-10.687887731481482,7,3.7142857142857144,2.0,33.33333333333333,28.57142857142857,0.2934207710416093
presidente janio quadros,1,149.9,23.98,1,0,-19.078206018518518,1,5.0,0.0,0.0,0.0,0.1599733155436958
presidente juscelino,1,249.99,52.47,1,0,-4.071863425925926,1,5.0,0.0,0.0,0.0,0.20988839553582142
presidente kennedy,2,238.64999999999998,43.66,2,0,-16.964016203703704,2,5.0,0.0,0.0,0.0,0.18294573643410852
presidente kubitschek,2,115.42999999999999,40.629999999999995,2,0,-17.570341435185185,2,3.0,1.0,0.0,50.0,0.3519882179675994
presidente lucena,1,16.99,15.1,1,0,-8.393287037037037,1,5.0,0.0,0.0,0.0,0.88875809299588
presidente medici,3,224.89000000000001,107.43,3,0,-23.899297839506172,3,5.0,0.0,0.0,0.0,0.4777002089910623
presidente nereu,1,52.99,17.62,1,0,-14.255081018518519,1,2.0,1.0,0.0,100.0,0.33251556897527834
presidente olegario,6,412.90999999999997,144.5,6,0,-15.7215625,6,4.666666666666667,0.0,0.0,0.0,0.34995519604756486
presidente prudente,161,26196.13,3716.16,157,11,-10.52672770700637,160,4.18125,18.0,7.006369426751593,11.25,0.14185912193900396
presidente tancredo neves,4,234.68,90.9,4,1,-8.921695601851852,4,4.25,1.0,25.0,25.0,0.38733594682120337
presidente venceslau,26,3691.89,606.88,22,4,-10.087202756734007,26,3.5384615384615383,8.0,18.181818181818183,30.76923076923077,0.16438192903905588
primavera,9,996.78,169.23,9,1,-6.908258744855967,8,4.25,1.0,11.11111111111111,12.5,0.16977668091253836
primavera do leste,28,6232.81,860.1,28,0,-15.076087549603175,28,4.357142857142857,3.0,0.0,10.714285714285714,0.13799554294130575
primeiro de maio,7,1216.67,190.94,7,0,-12.413528439153438,7,3.857142857142857,2.0,0.0,28.57142857142857,0.1569365563382018
princesa isabel,1,258.0,86.62,1,0,-27.216724537037038,1,1.0,1.0,0.0,100.0,0.33573643410852716
progresso,1,215.0,27.59,1,0,-18.135185185185186,1,4.0,0.0,0.0,0.0,0.12832558139534883
promissao,32,4369.85,610.83,31,2,-10.979086768219831,32,4.375,4.0,6.451612903225806,12.5,0.13978283007425885
propria,4,483.89,256.86,3,0,-15.014795524691358,4,4.0,1.0,0.0,25.0,0.5308231209572424
protasio alves,2,122.9,42.16,2,0,-16.878634259259258,2,4.5,0.0,0.0,0.0,0.3430431244914564
prudencio thomaz,1,32.99,16.05,1,0,-9.643703703703704,1,5.0,0.0,0.0,0.0,0.48651106395877536
prudente de morais,4,338.99,45.77,2,0,-8.21509837962963,4,2.125,2.0,0.0,50.0,0.13501873211599164
prudentopolis,7,839.09,246.07999999999998,7,0,-17.431418650793653,7,4.285714285714286,1.0,0.0,14.285714285714285,0.29327009021678246
pugmil,1,114.9,33.25,1,1,4.683854166666666,1,3.0,0.0,100.0,0.0,0.28938207136640554
pureza,1,49.9,15.1,1,0,-24.317939814814814,1,5.0,0.0,0.0,0.0,0.3026052104208417
purilandia,1,166.99,27.49,1,0,-9.312997685185184,1,5.0,0.0,0.0,0.0,0.1646206359662255
putinga,2,144.8,37.76,2,0,-10.264855324074073,2,4.5,0.0,0.0,0.0,0.2607734806629834
puxinana,1,219.0,52.03,1,0,-13.143784722222222,1,4.0,0.0,0.0,0.0,0.2375799086757991
quadra,3,443.9,57.98,2,0,-15.125237268518518,3,5.0,0.0,0.0,0.0,0.13061500337913945
quarai,4,2402.99,71.16,4,0,-20.749328703703704,4,4.25,0.0,0.0,0.0,0.029613107004190613
quata,13,3119.56,297.73,12,0,-10.610188078703704,13,4.538461538461538,0.0,0.0,0.0,0.0954397415020067
quatigua,5,251.7,89.65,5,0,-14.363645833333333,5,5.0,0.0,0.0,0.0,0.3561779896702424
quatis,5,483.69,134.18,5,0,-15.951743055555557,5,3.8,1.0,0.0,20.0,0.2774090843308731
quatituba,1,105.0,9.85,1,0,-17.247025462962963,1,5.0,0.0,0.0,0.0,0.0938095238095238
quatro barras,18,1763.66,316.17,18,1,-15.300860982510288,18,3.8333333333333335,5.0,5.555555555555555,27.77777777777778,0.17926924690700022
quatro bocas,5,1486.99,317.8,5,0,-18.81835185185185,5,4.6,0.0,0.0,0.0,0.21372033436674087
quatro pontes,1,149.0,18.66,1,0,-11.25116898148148,1,5.0,0.0,0.0,0.0,0.12523489932885906
quedas do iguacu,8,842.25,188.19,8,0,-13.795970775462964,8,4.0,1.0,0.0,12.5,0.22343722172751557
queimadas,9,2257.35,351.15999999999997,9,0,-16.7699112654321,9,3.0,4.0,0.0,44.44444444444444,0.15556293884421998
queimados,54,6156.75,1223.6499999999999,53,2,-16.744359058350806,53,4.0,7.0,3.7735849056603774,13.20754716981132,0.19874934015511428
queiroz,1,45.0,13.9,1,0,-6.158842592592593,1,5.0,0.0,0.0,0.0,0.3088888888888889
queixada,1,59.0,18.29,1,1,3.5755671296296296,1,3.0,0.0,100.0,0.0,0.31
queluz,2,213.74,36.16,2,0,-5.836111111111111,2,4.0,0.0,0.0,0.0,0.16917750538036866
querencia,10,2302.62,399.33,10,0,-15.47659837962963,10,4.4,1.0,0.0,10.0,0.17342418636162285
querencia do norte,1,79.9,19.53,1,0,-8.320381944444444,1,4.0,0.0,0.0,0.0,0.2444305381727159
quevedos,2,90.9,40.79,2,0,-15.277777777777779,2,1.5,2.0,0.0,100.0,0.4487348734873487
quijingue,2,228.08999999999997,39.97,2,1,-5.791435185185185,2,4.0,0.0,50.0,0.0,0.17523784471042134
quilombo,4,174.78,66.01,4,0,-17.336403356481483,4,5.0,0.0,0.0,0.0,0.3776747911660373
quilometro 14 do mutum,1,49.9,16.11,1,0,-9.490069444444444,1,5.0,0.0,0.0,0.0,0.32284569138276553
quinta do sol,3,118.99000000000001,59.67,3,0,-11.881986882716049,3,3.6666666666666665,0.0,0.0,0.0,0.5014707118245231
quintana,4,353.0,82.85,4,1,18.701241319444442,4,4.5,0.0,25.0,0.0,0.2347025495750708
quipapa,1,230.0,42.99,1,0,-35.325752314814814,1,5.0,0.0,0.0,0.0,0.18691304347826088
quirinopolis,14,1475.95,313.85,14,2,-8.207662863756614,14,4.285714285714286,2.0,14.285714285714285,14.285714285714285,0.21264270469866867
quissama,13,2827.66,481.56,11,0,-12.440275673400674,13,3.4615384615384617,3.0,0.0,23.076923076923077,0.17030336037571703
quitandinha,2,368.9,36.19,2,0,-13.76244212962963,2,5.0,0.0,0.0,0.0,0.09810246679316888
quixabeira,3,216.94,92.47999999999999,3,0,-19.879054783950618,3,4.333333333333333,0.0,0.0,0.0,0.4262929842352724
quixada,13,2755.57,594.89,13,1,-11.65787215099715,13,4.0,2.0,7.6923076923076925,15.384615384615385,0.21588636833758532
quixelo,2,115.99,84.26,2,0,-17.905063657407407,2,4.5,0.0,0.0,0.0,0.7264419346495389
quixeramobim,6,859.79,260.18,6,1,-11.070129243827159,6,4.333333333333333,0.0,16.666666666666664,0.0,0.3026087765617186
quixere,3,1143.3,137.71,2,1,-2.2013310185185184,3,1.6666666666666667,2.0,50.0,66.66666666666666,0.12044957578938163
rafard,5,556.4,103.05999999999999,5,1,-12.497837962962963,5,3.8,0.0,20.0,0.0,0.18522645578720343
rainha do mar,1,59.9,22.13,1,1,7.850358796296296,1,1.0,1.0,100.0,100.0,0.369449081803005
rancharia,22,2713.1899999999996,399.81,21,2,-10.738805114638447,22,4.0,4.0,9.523809523809524,18.181818181818183,0.14735790711302935
rancho alegre,2,89.9,12.76,1,0,-14.272951388888888,2,3.0,1.0,0.0,50.0,0.14193548387096774
rancho alegre d'oeste,1,117.3,31.99,1,0,-20.1184375,1,4.0,0.0,0.0,0.0,0.27271952259164534
rancho queimado,2,312.89,31.1,2,0,-7.340688657407407,2,5.0,0.0,0.0,0.0,0.09939595384959571
raposo,3,584.7,66.14,3,3,14.14391589506173,3,2.3333333333333335,2.0,100.0,66.66666666666666,0.11311783820762783
raposos,11,1009.52,287.78999999999996,11,0,-15.988351220538721,11,4.363636363636363,1.0,0.0,9.090909090909092,0.2850760757587764
raul soares,12,1115.51,242.26,12,1,-8.589233217592593,12,4.333333333333333,1.0,8.333333333333332,8.333333333333332,0.21717420731324685
ravena,1,69.99,16.74,1,0,-15.600011574074074,1,5.0,0.0,0.0,0.0,0.23917702528932705
realeza,6,1264.26,148.5,6,0,-17.378636188271603,6,3.6666666666666665,1.0,0.0,16.666666666666664,0.11746001613592141
reboucas,6,361.27,132.11,6,0,-13.91430362654321,6,4.5,0.0,0.0,0.0,0.36568217676530024
rechan,2,288.8,33.57,2,2,9.291284722222223,2,3.0,1.0,100.0,50.0,0.11623961218836565
recife,613,89803.01,20220.51,593,79,-11.038627662232216,605,3.9322314049586775,117.0,13.322091062394604,19.33884297520661,0.2251651698534381
recreio,3,264.98,69.21,3,0,-16.495868055555555,3,3.3333333333333335,1.0,0.0,33.33333333333333,0.26118952373764054
redencao,18,2527.93,588.21,16,4,-10.632358217592593,18,3.3333333333333335,7.0,25.0,38.88888888888889,0.23268444933206223
redencao da serra,1,89.9,16.33,1,0,-14.50476851851852,1,5.0,0.0,0.0,0.0,0.18164627363737484
redencao do gurgueia,1,179.8,77.76,1,0,-6.3904398148148145,1,2.0,1.0,0.0,100.0,0.4324805339265851
redentora,3,354.59000000000003,94.75,3,0,-18.68670910493827,3,4.0,1.0,0.0,33.33333333333333,0.2672100172029668
regeneracao,6,790.97,250.67,6,0,-19.810623070987656,6,3.5,1.0,0.0,16.666666666666664,0.3169146743871449
regente feijo,10,897.01,191.29999999999998,10,0,-8.56824537037037,10,4.7,0.0,0.0,0.0,0.21326406617540494
reginopolis,3,1552.99,166.32999999999998,3,0,-14.208136574074075,3,5.0,0.0,0.0,0.0,0.10710307213826231
registro,50,6288.47,897.91,45,1,-11.213167952674896,50,3.98,10.0,2.2222222222222223,20.0,0.14278671918606592
remanso,5,369.69,118.3,5,1,-8.048291666666668,5,4.2,1.0,20.0,20.0,0.3199978360247775
remigio,1,149.9,20.02,1,0,-27.1115625,1,4.0,0.0,0.0,0.0,0.133555703802535
renascenca,4,279.6,72.63,4,0,-11.67962673611111,4,4.75,0.0,0.0,0.0,0.25976394849785406
reriutaba,3,1093.32,238.31,3,1,-3.553804012345678,3,3.0,1.0,33.33333333333333,33.33333333333333,0.21796912157465337
resende,117,13545.25,2951.47,115,22,-7.95976559983897,115,3.8434782608695652,20.0,19.130434782608695,17.391304347826086,0.21789704878093796
resende costa,3,224.79000000000002,51.300000000000004,3,1,-6.863414351851851,3,1.6666666666666667,2.0,33.33333333333333,66.66666666666666,0.22821299879887896
reserva,3,308.6,62.95,3,0,-10.32136959876543,3,5.0,0.0,0.0,0.0,0.20398574206092027
reserva do cabacal,2,383.9,56.980000000000004,2,0,-17.71024305555556,2,4.5,0.0,0.0,0.0,0.14842406876790834
reserva do iguacu,1,14.0,14.52,1,0,-12.643993055555555,1,5.0,0.0,0.0,0.0,1.0371428571428571
resplendor,10,739.0600000000001,205.54,10,0,-18.309622685185186,10,3.9,3.0,0.0,30.0,0.2781100316618407
ressaquinha,1,189.9,39.17,1,0,-16.104837962962964,1,5.0,0.0,0.0,0.0,0.2062664560294892
restinga seca,3,254.69,69.64,3,0,-25.37594907407407,3,5.0,0.0,0.0,0.0,0.27343044485452905
retirolandia,1,89.9,27.1,1,0,-14.691944444444445,1,5.0,0.0,0.0,0.0,0.3014460511679644
riachao das neves,2,206.89000000000001,40.879999999999995,2,0,-15.731979166666667,2,5.0,0.0,0.0,0.0,0.19759292377591953
riachao do jacuipe,5,2502.4,111.19,5,1,-13.28008101851852,5,5.0,0.0,20.0,0.0,0.04443334398976982
riachinho,2,82.34,41.71,2,0,-15.603292824074074,2,5.0,0.0,0.0,0.0,0.5065581734272528
riacho da cruz,1,129.9,47.44,1,0,-24.199803240740742,1,5.0,0.0,0.0,0.0,0.36520400307929174
riacho das almas,2,203.9,64.87,2,0,-25.291354166666665,2,4.5,0.0,0.0,0.0,0.3181461500735655
riacho de santana,4,1194.7,107.77,4,1,-8.032407407407407,4,3.75,1.0,25.0,25.0,0.09020674646354733
riacho de santo antonio,1,129.9,29.7,1,0,-7.591030092592592,1,4.0,0.0,0.0,0.0,0.22863741339491916
riacho dos machados,3,284.0,47.25,3,0,-15.846936728395063,3,3.6666666666666665,0.0,0.0,0.0,0.16637323943661972
riachuelo,1,39.97,51.0,1,0,-1.4357407407407408,1,4.0,0.0,0.0,0.0,1.2759569677257945
rianapolis,4,451.68,82.78999999999999,4,1,-0.6445312500000004,4,3.75,1.0,25.0,25.0,0.18329348211122917
ribas do rio pardo,1,47.9,18.23,1,0,-11.724340277777777,1,5.0,0.0,0.0,0.0,0.3805845511482255
ribeira,3,209.28,38.75,3,0,-7.3565046296296295,3,4.0,0.0,0.0,0.0,0.18515863914373087
ribeira do amparo,1,45.0,16.79,1,0,-11.60142361111111,1,3.0,0.0,0.0,0.0,0.3731111111111111
ribeira do pombal,8,618.19,164.17000000000002,8,1,-16.037021122685186,8,4.5,1.0,12.5,12.5,0.26556560280819813
ribeirao,4,316.4,118.13,4,0,-12.917858796296297,4,4.0,1.0,0.0,25.0,0.37335651074589127
ribeirao bonito,7,727.29,118.83,7,1,-2.368409391534392,7,3.7142857142857144,2.0,14.285714285714285,28.57142857142857,0.16338736954997318
ribeirao branco,2,452.99,62.5,2,1,-3.646608796296296,2,3.0,1.0,50.0,50.0,0.13797214066535685
ribeirao cascalheira,1,29.9,37.49,1,0,-1.813414351851852,1,5.0,0.0,0.0,0.0,1.253846153846154
ribeirao claro,5,492.69,171.11,5,0,-13.685171296296298,5,4.8,0.0,0.0,0.0,0.3472974892934706
ribeirao das neves,101,12674.44,2213.17,98,5,-12.851242087112624,100,4.13,11.0,5.1020408163265305,11.0,0.1746167878028536
ribeirao do pinhal,5,328.0,119.33,5,0,-12.566351851851852,5,4.4,1.0,0.0,20.0,0.3638109756097561
ribeirao do sul,3,357.9,57.55,3,0,-11.031439043209877,3,4.333333333333333,0.0,0.0,0.0,0.16079910589550153
ribeirao pires,109,10149.63,1631.0,106,5,-10.009688155136267,109,4.146788990825688,15.0,4.716981132075472,13.761467889908257,0.16069551303840635
ribeirao preto,510,65637.01,9771.289999999999,499,19,-12.33541497346545,503,4.248508946322068,51.0,3.807615230460922,10.139165009940358,0.14886860324685722
ribeirao vermelho,2,275.70000000000005,76.83,2,0,-11.764398148148148,2,3.0,1.0,0.0,50.0,0.2786724700761697
ribeiraozinho,2,299.98,58.03,2,0,-20.822031250000002,2,5.0,0.0,0.0,0.0,0.1934462297486499
ribeiro junqueira,1,149.0,51.33,1,1,17.48695601851852,1,3.0,0.0,100.0,0.0,0.344496644295302
ribeiropolis,1,65.0,35.77,1,0,-13.301481481481481,1,5.0,0.0,0.0,0.0,0.5503076923076924
rifaina,2,552.8,44.97,2,0,-11.590434027777778,2,4.5,0.0,0.0,0.0,0.08134949348769899
rincao,1,79.0,18.63,1,0,-8.018935185185185,1,1.0,1.0,0.0,100.0,0.23582278481012656
rinopolis,3,169.69,40.800000000000004,2,0,-15.008964120370372,3,3.6666666666666665,1.0,0.0,33.33333333333333,0.24043844657905594
rio acima,8,513.66,195.57,8,0,-13.756780960648149,8,4.875,0.0,0.0,0.0,0.38073823151500996
rio azul,5,383.70000000000005,154.84,5,1,-12.58855324074074,5,4.0,1.0,20.0,20.0,0.40354443575710186
rio bananal,4,225.26,107.06,4,1,-9.723339120370369,4,3.75,1.0,25.0,25.0,0.4752730178460446
rio bonito,28,4402.01,611.78,27,2,-12.366235425240054,28,3.9285714285714284,5.0,7.4074074074074066,17.857142857142858,0.13897742167782443
rio bonito do iguacu,4,462.8,73.42,4,0,-18.13853877314815,4,3.5,1.0,0.0,25.0,0.1586430423509075
rio branco,74,14038.2,3088.52,72,3,-18.987652874228395,74,3.945945945945946,13.0,4.166666666666666,17.56756756756757,0.22000826316764258
rio branco do sul,6,418.57,108.15,6,0,-17.024556327160493,6,4.166666666666667,1.0,0.0,16.666666666666664,0.2583797214324964
rio brilhante,11,972.28,222.88,11,1,-15.688847853535352,10,4.8,0.0,9.090909090909092,0.0,0.22923437692845683
rio casca,5,317.43,116.04,5,0,-14.75619212962963,5,4.8,0.0,0.0,0.0,0.3655609110670069
rio claro,157,20505.56,3086.49,154,6,-10.492962962962963,156,4.403846153846154,16.0,3.896103896103896,10.256410256410255,0.15051966393504979
rio das antas,2,176.8,36.98,2,0,-7.915983796296297,2,4.0,0.0,0.0,0.0,0.2091628959276018
rio das flores,6,558.68,107.00999999999999,6,2,-5.066882716049382,5,2.8,2.0,33.33333333333333,40.0,0.19154077468318179
rio das ostras,137,20268.71,3559.11,130,27,-6.924988871082621,136,3.625,37.0,20.76923076923077,27.205882352941174,0.17559627623070242
rio das pedras,11,1042.64,188.88,10,1,-9.75030787037037,11,4.0,2.0,10.0,18.181818181818183,0.1811555282743804
rio de contas,3,226.70000000000002,64.02,3,0,-16.952411265432097,3,4.333333333333333,0.0,0.0,0.0,0.28239964711071897
rio de janeiro,6882,992538.86,161695.16,6604,780,-12.50499121078415,6797,3.9059634152322102,1384.0,11.811023622047244,20.361924378402236,0.1629106592360525
rio do antonio,2,259.0,42.75,2,0,-15.250613425925927,2,4.0,0.0,0.0,0.0,0.16505791505791506
rio do campo,4,674.95,147.3,4,0,-15.242589699074074,4,5.0,0.0,0.0,0.0,0.21823838802874287
rio do oeste,3,364.89,68.95,3,0,-17.114278549382714,3,5.0,0.0,0.0,0.0,0.18896105675683084
rio do pires,4,552.8,178.45,4,1,-8.264525462962963,4,4.25,0.0,25.0,0.0,0.32281114327062227
rio do sul,35,4777.85,917.28,35,5,-12.197697751322751,35,3.6,8.0,14.285714285714285,22.857142857142858,0.1919859350963299
rio doce,1,66.0,30.2,1,0,-1.515486111111111,1,4.0,0.0,0.0,0.0,0.4575757575757576
rio dos cedros,1,49.9,17.92,1,0,-8.198009259259258,1,5.0,0.0,0.0,0.0,0.35911823647294594
rio dos indios,1,79.9,22.85,1,0,-10.479155092592592,1,5.0,0.0,0.0,0.0,0.285982478097622
rio espera,1,149.9,26.55,1,0,-12.597962962962963,1,4.0,0.0,0.0,0.0,0.1771180787191461
rio formoso,2,215.6,53.33,2,0,-13.126817129629629,2,4.5,0.0,0.0,0.0,0.24735621521335807
rio fortuna,3,469.39,58.08,3,0,-7.058734567901234,3,3.6666666666666665,0.0,0.0,0.0,0.12373506039753723
rio grande,125,16516.78,2933.71,121,15,-10.973392638506276,123,4.032520325203252,21.0,12.396694214876034,17.073170731707318,0.17761997193157505
rio grande da serra,26,2264.3,417.28999999999996,25,1,-11.942987037037037,26,4.3076923076923075,3.0,4.0,11.538461538461538,0.18429095084573596
rio grande do piaui,1,24.9,20.8,1,0,-16.547141203703703,1,3.0,0.0,0.0,0.0,0.8353413654618475
rio largo,6,562.71,130.32999999999998,6,1,-11.876467978395063,6,4.166666666666667,1.0,16.666666666666664,16.666666666666664,0.23161130955554365
rio manso,5,815.5600000000001,124.12,5,0,-10.807662037037037,5,4.8,0.0,0.0,0.0,0.15218990632203638
rio maria,3,352.88,82.69,3,0,-20.228422067901235,3,3.6666666666666665,0.0,0.0,0.0,0.23432895035139423
rio negrinho,13,1121.19,260.54,13,1,-14.33236289173789,13,4.3076923076923075,1.0,7.6923076923076925,7.6923076923076925,0.2323780982705875
rio negro,16,2425.77,376.99,15,2,-13.792413580246913,16,4.0,3.0,13.333333333333334,18.75,0.1554104469920891
rio novo,4,536.79,76.46,4,0,-18.332063078703705,4,4.5,0.0,0.0,0.0,0.14243931518843495
rio novo do sul,6,531.68,120.21,6,0,-10.053967978395061,5,4.8,0.0,0.0,0.0,0.22609464339452304
rio paranaiba,9,680.27,201.21,9,0,-16.842016460905352,9,4.0,1.0,0.0,11.11111111111111,0.2957796169168125
rio pardo,6,687.88,103.57000000000001,5,0,-11.209303240740741,6,3.3333333333333335,1.0,0.0,16.666666666666664,0.15056405186951213
rio pardo de minas,5,597.69,110.8,5,0,-9.095548611111111,5,4.6,0.0,0.0,0.0,0.18538038113403268
rio piracicaba,4,512.75,67.39,4,0,-14.949021990740741,4,4.5,0.0,0.0,0.0,0.13142857142857142
rio pomba,6,1192.8600000000001,272.0,6,1,-13.621649305555556,6,3.6666666666666665,1.0,16.666666666666664,16.666666666666664,0.22802340593196183
rio preto,4,161.68,71.52,4,0,-10.033093171296297,4,4.75,0.0,0.0,0.0,0.44235526966848093
rio real,3,386.0,94.6,3,0,-12.884023919753085,3,4.666666666666667,0.0,0.0,0.0,0.24507772020725388
rio rufino,1,59.0,17.66,1,0,-14.64263888888889,1,5.0,0.0,0.0,0.0,0.2993220338983051
rio tinto,2,439.9,50.35,2,1,-6.772135416666667,2,3.0,1.0,50.0,50.0,0.11445783132530121
rio verde,67,9609.9,2403.32,64,3,-10.060572916666667,67,3.7313432835820897,13.0,4.6875,19.402985074626866,0.2500879301553606
riolandia,3,398.79999999999995,71.51,3,0,-14.860675154320987,3,5.0,0.0,0.0,0.0,0.17931293881644939
riqueza,3,248.9,53.78,3,0,-8.917735339506173,3,4.666666666666667,0.0,0.0,0.0,0.21607071112896745
ritapolis,3,145.69,66.64,3,0,-17.901033950617286,3,3.6666666666666665,1.0,0.0,33.33333333333333,0.4574095682613769
riversul,1,89.9,12.13,1,0,-9.234756944444445,1,4.0,0.0,0.0,0.0,0.13492769744160177
roca sales,2,177.9,59.260000000000005,2,0,-22.909849537037037,2,4.0,0.0,0.0,0.0,0.33310848791455877
rodeio,7,849.66,136.29,7,0,-14.295492724867724,7,4.714285714285714,0.0,0.0,0.0,0.16040533860603065
rodeio bonito,2,212.8,51.64,2,0,-12.261417824074073,2,4.5,0.0,0.0,0.0,0.2426691729323308
rodeiro,3,409.4,72.81,3,0,-15.013761574074074,3,4.333333333333333,0.0,0.0,0.0,0.1778456277479238
rodelas,3,404.9,59.85,3,0,-15.98804012345679,3,3.6666666666666665,0.0,0.0,0.0,0.14781427512966167
rodolfo fernandes,2,99.89,68.3,2,1,-5.154976851851853,2,3.0,0.0,50.0,0.0,0.6837521273400741
rolandia,27,6061.03,894.87,24,0,-14.416086998456791,27,3.925925925925926,6.0,0.0,22.22222222222222,0.14764322235659616
rolante,10,1044.15,236.14000000000001,9,1,-14.835653292181071,10,4.2,1.0,11.11111111111111,10.0,0.22615524589378921
rolim de moura,7,465.04999999999995,283.1,7,0,-22.108634259259258,7,4.571428571428571,0.0,0.0,0.0,0.6087517471239653
romaria,2,264.9,45.56,2,0,-12.564994212962963,2,3.0,1.0,0.0,50.0,0.17198942997357497
romelandia,1,159.99,16.88,1,0,-13.131886574074073,1,3.0,0.0,0.0,0.0,0.10550659416213512
roncador,2,158.98000000000002,32.75,2,0,-10.248177083333333,2,4.0,0.0,0.0,0.0,0.206000754811926
ronda alta,6,1544.3300000000002,369.98,6,1,-11.405052083333333,6,4.0,1.0,16.666666666666664,16.666666666666664,0.23957314822609155
rondon,2,262.98,55.88,2,0,-22.189797453703704,2,3.0,1.0,0.0,50.0,0.2124876416457525
rondon do para,9,2780.13,704.26,9,0,-20.421549639917696,9,3.4444444444444446,3.0,0.0,33.33333333333333,0.2533190893951002
rondonopolis,65,12243.04,1862.59,64,4,-15.252068684895834,65,4.061538461538461,12.0,6.25,18.461538461538463,0.15213460055672445
roque gonzales,5,542.88,100.72999999999999,5,0,-21.80784027777778,5,4.8,0.0,0.0,0.0,0.18554745063365752
rosana,4,236.6,58.71,4,0,-13.915619212962962,4,4.75,0.0,0.0,0.0,0.2481403212172443
rosario,1,28.12,50.92,1,0,-11.279930555555556,1,5.0,0.0,0.0,0.0,1.8108108108108107
rosario do ivai,1,29.0,18.23,1,0,-16.471597222222222,1,5.0,0.0,0.0,0.0,0.6286206896551725
rosario do sul,14,933.25,359.27,14,3,-11.96292824074074,14,3.5,5.0,21.428571428571427,35.714285714285715,0.38496651486739886
roseira,5,423.68,66.46,5,0,-15.956472222222223,5,4.8,0.0,0.0,0.0,0.15686367069486404
rubelita,1,57.89,22.99,1,0,-7.515462962962963,1,5.0,0.0,0.0,0.0,0.3971324926584902
rubiacea,2,218.8,31.35,2,0,-24.76418402777778,2,4.5,0.0,0.0,0.0,0.1432815356489945
rubiataba,7,1034.0900000000001,176.6,7,0,-14.408974867724867,7,4.142857142857143,1.0,0.0,14.285714285714285,0.17077817211267876
rubim,3,213.89,75.59,3,1,-10.923996913580247,3,4.666666666666667,0.0,33.33333333333333,0.0,0.3534059563326944
rubineia,1,100.0,12.2,1,1,41.73243055555555,1,1.0,1.0,100.0,100.0,0.122
russas,9,3843.8700000000003,778.47,9,1,-12.808441358024691,9,4.222222222222222,1.0,11.11111111111111,11.11111111111111,0.2025224578354627
ruy barbosa,7,662.96,258.19,7,0,-15.095641534391534,7,3.5714285714285716,1.0,0.0,14.285714285714285,0.38945034391215155
sabara,42,4481.78,852.5799999999999,42,1,-13.025107749118165,41,4.097560975609756,8.0,2.380952380952381,19.51219512195122,0.19023245228458335
sabaudia,1,5.9,14.52,1,0,-12.433483796296295,1,5.0,0.0,0.0,0.0,2.461016949152542
sabino,3,723.0,79.87,3,0,-18.767256944444444,3,4.0,1.0,0.0,33.33333333333333,0.11047026279391425
sabinopolis,6,317.08000000000004,95.32,5,0,-15.327405092592594,6,3.3333333333333335,2.0,0.0,33.33333333333333,0.3006181405323577
saboeiro,1,163.99,37.84,1,0,-12.865509259259259,1,5.0,0.0,0.0,0.0,0.23074577718153547
sacra familia do tingua,1,119.8,29.24,1,0,-20.67048611111111,1,5.0,0.0,0.0,0.0,0.24407345575959932
sacramento,13,1986.57,371.96999999999997,13,0,-10.516889245014244,13,3.5384615384615383,3.0,0.0,23.076923076923077,0.18724233226113352
sales,5,356.52,76.6,5,0,-13.213560185185184,5,4.6,0.0,0.0,0.0,0.21485470660832492
sales oliveira,6,538.15,89.59,6,0,-13.128323688271605,6,4.666666666666667,0.0,0.0,0.0,0.16647774783982164
salesopolis,10,1146.52,164.44,10,1,-10.905951388888889,10,3.6,3.0,10.0,30.0,0.1434253218434916
salgado filho,3,155.7,64.24000000000001,3,1,-5.342017746913579,3,5.0,0.0,33.33333333333333,0.0,0.4125883108542069
salgueiro,17,2315.95,728.8,17,1,-14.722470724400871,17,4.235294117647059,2.0,5.88235294117647,11.76470588235294,0.31468727735918306
salinas,22,4986.7699999999995,704.39,22,2,-14.943995686026936,22,4.318181818181818,3.0,9.090909090909092,13.636363636363635,0.14125175213615226
salinas da margarida,1,55.0,27.12,1,0,-15.253784722222223,1,5.0,0.0,0.0,0.0,0.49309090909090914
salmourao,2,59.879999999999995,30.39,2,0,-13.897123842592592,2,3.5,0.0,0.0,0.0,0.5075150300601203
saloa,3,1231.0,305.08,3,0,-23.93861111111111,3,4.666666666666667,0.0,0.0,0.0,0.2478310316815597
salobro,1,72.2,16.95,1,0,-10.335428240740741,1,5.0,0.0,0.0,0.0,0.23476454293628807
saltinho,5,1164.79,151.56,5,0,-9.78994212962963,5,3.6,1.0,0.0,20.0,0.13011787532516592
salto,95,10709.39,1476.93,89,4,-8.214034150020808,95,4.2,10.0,4.49438202247191,10.526315789473683,0.13790981559173773
salto da divisa,2,116.98,34.68,2,0,-7.356012731481481,2,2.5,1.0,0.0,50.0,0.29646093349290475
salto de pirapora,13,1130.59,195.59,12,2,-8.95130111882716,13,4.0,1.0,16.666666666666664,7.6923076923076925,0.17299816909755086
salto do ceu,4,140.39000000000001,35.22,2,0,-16.29066550925926,4,4.0,0.0,0.0,0.0,0.25087256927131557
salto do itarare,1,259.9,16.57,1,0,-10.378078703703704,1,4.0,0.0,0.0,0.0,0.06375529049634475
salto do jacui,4,196.36,105.58,4,0,-13.893984375,4,4.0,1.0,0.0,25.0,0.5376858830719087
salto do lontra,4,766.49,133.62,4,1,-7.2451765046296295,4,3.75,1.0,25.0,25.0,0.1743271275554802
salto grande,1,640.0,34.34,1,0,-14.341203703703703,1,5.0,0.0,0.0,0.0,0.05365625
salto veloso,4,418.8,78.27,4,0,-24.830434027777777,4,4.5,0.0,0.0,0.0,0.18689111747851
salvador,1245,181104.42,35667.98,1188,208,-8.755085207787754,1219,3.717391304347826,276.0,17.50841750841751,22.641509433962266,0.19694704303738142
salvador do sul,1,179.0,27.99,1,0,-33.43219907407408,1,3.0,0.0,0.0,0.0,0.15636871508379888
sambaiba,1,178.9,36.57,1,0,-6.019039351851852,1,1.0,1.0,0.0,100.0,0.2044158747903857
sananduva,6,453.77,131.8,6,1,-11.38548225308642,6,4.166666666666667,0.0,16.666666666666664,0.0,0.2904555171121934
sanclerlandia,4,419.79,90.55,4,0,-15.178217592592592,4,4.75,0.0,0.0,0.0,0.2157030896400581
sandolandia,1,799.0,42.28,1,0,-23.19997685185185,1,5.0,0.0,0.0,0.0,0.052916145181476845
sanga puita,1,36.9,16.79,1,0,-6.223125,1,5.0,0.0,0.0,0.0,0.4550135501355014
sangao,3,264.78999999999996,51.46,3,1,-4.637249228395062,3,5.0,0.0,33.33333333333333,0.0,0.19434268665735113
sanharo,3,1748.0,562.0,3,0,-19.36457561728395,3,4.333333333333333,0.0,0.0,0.0,0.32151029748283755
santa adelia,15,1609.65,251.41,15,1,-10.419587962962963,15,4.6,0.0,6.666666666666667,0.0,0.15618923368434132
santa albertina,7,686.39,144.03,7,0,-14.401613756613756,7,4.571428571428571,0.0,0.0,0.0,0.20983697314937572
santa amelia,1,160.0,15.87,1,0,-5.254930555555555,1,2.0,1.0,0.0,100.0,0.0991875
santa barbara,26,5118.21,771.76,25,3,-12.70120324074074,24,4.0,2.0,12.0,8.333333333333332,0.15078709158084563
santa barbara d oeste,5,170.92000000000002,43.84,4,0,-9.895590277777778,5,3.0,2.0,0.0,40.0,0.25649426632342615
santa barbara d'oeste,119,13072.08,1908.05,118,5,-10.63910134180791,117,4.3931623931623935,11.0,4.23728813559322,9.401709401709402,0.14596376399165242
santa barbara do para,1,179.96,65.49,1,0,-23.368969907407408,1,5.0,0.0,0.0,0.0,0.3639142031562569
santa barbara do sul,2,143.8,36.29,2,1,-0.5723206018518523,2,5.0,0.0,50.0,0.0,0.25236439499304586
santa branca,9,763.76,189.59,9,1,-7.126495627572017,9,3.3333333333333335,3.0,11.11111111111111,33.33333333333333,0.24823242903529905
santa brigida,1,84.9,19.83,1,0,-22.23962962962963,1,5.0,0.0,0.0,0.0,0.23356890459363955
santa cecilia,7,1006.12,172.01,5,0,-12.142155092592592,7,3.7142857142857144,2.0,0.0,28.57142857142857,0.17096370214288553
santa cecilia do pavao,1,56.99,15.15,1,0,-13.214201388888888,1,4.0,0.0,0.0,0.0,0.26583611159852605
santa clara d'oeste,1,99.99,15.45,1,0,-11.470023148148147,1,4.0,0.0,0.0,0.0,0.1545154515451545
santa clara do sul,2,339.99,54.129999999999995,2,0,-12.91734375,2,4.0,0.0,0.0,0.0,0.15921056501661812
santa cruz,6,786.64,310.52,6,1,-14.615374228395062,6,3.1666666666666665,3.0,16.666666666666664,50.0,0.3947421946506661
santa cruz cabralia,5,515.88,89.3,5,1,-5.232675925925927,5,3.0,2.0,20.0,40.0,0.17310227184616578
santa cruz da conceicao,4,408.9,67.37,4,1,-11.18970486111111,4,4.25,0.0,25.0,0.0,0.16475910980679875
santa cruz das palmeiras,9,580.59,155.92000000000002,9,0,-14.567545010288066,9,4.333333333333333,0.0,0.0,0.0,0.2685544015570368
santa cruz de goias,2,709.0,70.69,2,1,22.104971064814816,2,3.0,1.0,50.0,50.0,0.09970380818053597
santa cruz de minas,5,578.89,131.5,5,0,-12.600840277777777,5,4.8,0.0,0.0,0.0,0.2271588730155988
santa cruz de monte castelo,4,706.22,86.83,4,0,-17.257118055555555,4,4.25,1.0,0.0,25.0,0.12295035541332729
santa cruz de salinas,2,220.9,40.82,2,1,5.713813657407408,2,5.0,0.0,50.0,0.0,0.1847894975101856
santa cruz do capibaribe,13,2664.8700000000003,744.32,11,0,-13.566910774410774,13,3.230769230769231,4.0,0.0,30.76923076923077,0.2793081838888951
santa cruz do piaui,1,119.99,38.39,1,0,-19.133449074074075,1,5.0,0.0,0.0,0.0,0.31994332861071756
santa cruz do prata,2,128.9,29.82,2,1,-1.9594965277777778,2,4.5,0.0,50.0,0.0,0.2313421256788208
santa cruz do rio pardo,35,2621.48,721.6899999999999,34,1,-11.960326116557734,35,4.714285714285714,1.0,2.941176470588235,2.857142857142857,0.2752986862383081
santa cruz do sul,62,10360.88,1613.77,62,4,-12.754113836618878,62,4.193548387096774,7.0,6.451612903225806,11.29032258064516,0.15575607477357137
santa cruz do timbo,1,30.99,18.32,1,0,-13.591203703703703,1,4.0,0.0,0.0,0.0,0.5911584382058729
santa ernestina,2,208.16,71.97,2,0,-11.423877314814815,2,5.0,0.0,0.0,0.0,0.34574365872405843
santa fe,5,877.8,127.64,5,1,-8.471381944444444,5,4.0,1.0,20.0,20.0,0.14540897698792438
santa fe de goias,4,1737.6899999999998,183.57999999999998,4,0,-21.511166087962962,4,4.0,0.0,0.0,0.0,0.1056460013005772
santa fe de minas,1,159.9,18.37,1,0,-23.053599537037037,1,5.0,0.0,0.0,0.0,0.11488430268918073
santa fe do sul,35,3994.67,673.96,34,2,-11.749229983660129,35,4.2,4.0,5.88235294117647,11.428571428571429,0.16871481248763978
santa filomena,1,160.0,26.4,1,0,-20.432002314814813,1,4.0,0.0,0.0,0.0,0.16499999999999998
santa gertrudes,12,1194.21,276.84000000000003,11,1,-11.084594907407407,12,4.5,1.0,9.090909090909092,8.333333333333332,0.23181852438013417
santa helena,12,1277.85,418.04,12,1,-9.50652199074074,12,3.8333333333333335,2.0,8.333333333333332,16.666666666666664,0.3271432484250891
santa helena de goias,9,1499.73,233.95,9,0,-13.034948559670783,9,3.6666666666666665,2.0,0.0,22.22222222222222,0.15599474572089642
santa helena de minas,2,248.33999999999997,55.290000000000006,2,0,-17.112453703703704,2,5.0,0.0,0.0,0.0,0.2226383184344045
santa ines,15,1520.78,787.9,15,5,-9.883780864197531,15,3.8,4.0,33.33333333333333,26.666666666666668,0.51808940149134
santa isabel,30,2875.46,413.99,28,0,-12.904069940476191,30,3.8666666666666667,6.0,0.0,20.0,0.1439734859813734
santa isabel do ivai,3,425.9,52.7,3,0,-8.524826388888888,3,4.666666666666667,0.0,0.0,0.0,0.12373796665884011
santa isabel do para,6,741.77,177.8,6,0,-24.14456211419753,6,4.5,0.0,0.0,0.0,0.2396969411003411
santa isabel do rio preto,1,739.9,21.92,1,0,-12.757013888888888,1,5.0,0.0,0.0,0.0,0.029625625084470877
santa izabel do oeste,2,319.89,36.46,2,0,-15.212991898148147,2,4.5,0.0,0.0,0.0,0.11397667948357249
santa juliana,9,2622.39,181.15,8,1,-14.447180266203704,9,3.5555555555555554,2.0,12.5,22.22222222222222,0.06907820728419496
santa leopoldina,1,89.9,17.88,1,0,-14.68431712962963,1,3.0,0.0,0.0,0.0,0.19888765294771968
santa lucia,4,437.79,84.96,4,0,-15.408938078703702,4,5.0,0.0,0.0,0.0,0.1940656479133831
santa luzia,100,12094.46,2255.24,96,6,-12.821746479552468,100,3.9,18.0,6.25,18.0,0.18646884606671152
santa luzia do norte,1,23.8,21.15,1,0,-10.472939814814815,1,5.0,0.0,0.0,0.0,0.8886554621848739
santa luzia do parua,1,79.9,35.88,1,0,-21.133460648148148,1,1.0,1.0,0.0,100.0,0.4490613266583229
santa margarida,3,412.8,55.68,3,0,-11.556697530864199,3,4.333333333333333,0.0,0.0,0.0,0.13488372093023254
santa maria,197,31810.54,5526.29,196,16,-10.933593277588814,196,4.204081632653061,22.0,8.16326530612245,11.224489795918368,0.17372512381116448
santa maria da boa vista,2,412.08,76.49000000000001,2,0,-13.621186342592592,2,4.5,0.0,0.0,0.0,0.18561929722384007
santa maria da serra,2,143.64000000000001,25.78,2,0,-13.256689814814814,2,5.0,0.0,0.0,0.0,0.17947646895015315
santa maria da vitoria,13,1710.55,474.52,13,2,-13.93982371794872,13,3.230769230769231,4.0,15.384615384615385,30.76923076923077,0.2774078512759054
santa maria de itabira,4,462.3,108.19,4,1,-10.319088541666666,4,3.5,1.0,25.0,25.0,0.23402552455115724
santa maria de jetiba,15,1888.97,342.1,15,1,-10.96264737654321,15,3.933333333333333,3.0,6.666666666666667,20.0,0.18110398788757895
santa maria do herval,1,99.99,15.45,1,0,-6.351284722222222,1,4.0,0.0,0.0,0.0,0.1545154515451545
santa maria do para,2,106.99,57.900000000000006,2,0,-16.91431134259259,2,4.5,0.0,0.0,0.0,0.5411720721562764
santa maria do salto,1,38.0,12.48,1,0,-5.275104166666667,1,5.0,0.0,0.0,0.0,0.32842105263157895
santa maria do suacui,2,454.9,62.849999999999994,2,0,-10.461533564814815,2,4.5,0.0,0.0,0.0,0.13816223345790282
santa maria madalena,7,1046.09,201.36,7,1,-13.01549437830688,7,4.0,1.0,14.285714285714285,14.285714285714285,0.1924882180309534
santa mariana,4,311.25,62.1,4,0,-17.39396122685185,4,4.75,0.0,0.0,0.0,0.19951807228915663
santa mercedes,2,226.99,42.58,2,0,-17.256359953703704,2,5.0,0.0,0.0,0.0,0.18758535618309174
santa monica,2,332.88,51.95,2,0,-14.68529513888889,2,3.5,1.0,0.0,50.0,0.15606224465272772
santa quiteria,5,849.67,289.45000000000005,5,0,-23.257671296296298,5,4.2,1.0,0.0,20.0,0.34066166864782804
santa quiteria do maranhao,1,49.9,50.85,1,1,8.692581018518519,1,3.0,0.0,100.0,0.0,1.0190380761523046
santa rita,8,1631.55,308.64,7,0,-16.37420304232804,8,4.0,2.0,0.0,25.0,0.18916980785142962
santa rita d'oeste,3,178.57,41.16,3,0,-13.776604938271603,3,4.333333333333333,0.0,0.0,0.0,0.23049784398275186
santa rita da floresta,1,79.0,17.8,1,0,-11.09875,1,4.0,0.0,0.0,0.0,0.22531645569620254
santa rita de caldas,6,746.28,135.94,6,0,-16.251564429012344,5,5.0,0.0,0.0,0.0,0.18215683121616552
santa rita de jacutinga,1,29.99,15.1,1,0,-14.392719907407407,1,5.0,0.0,0.0,0.0,0.5035011670556853
santa rita de minas,3,367.67,61.1,3,0,-9.15994598765432,3,5.0,0.0,0.0,0.0,0.1661816302662714
santa rita do araguaia,7,800.25,171.78,7,0,-20.57926917989418,7,4.714285714285714,0.0,0.0,0.0,0.21465791940018744
santa rita do ibitipoca,2,184.7,32.11,2,0,-11.801157407407407,2,4.5,0.0,0.0,0.0,0.17384948565240932
santa rita do itueto,1,59.9,17.67,1,0,-18.157592592592593,1,5.0,0.0,0.0,0.0,0.294991652754591
santa rita do passa quatro,18,2123.9700000000003,355.17,18,0,-11.191574074074074,18,4.5,2.0,0.0,11.11111111111111,0.16721987598694896
santa rita do sapucai,35,3910.7,776.43,35,7,-9.270658068783069,35,3.9714285714285715,7.0,20.0,20.0,0.19853990334211266
santa rosa,33,2972.04,695.02,32,1,-14.297485170717593,33,4.242424242424242,4.0,3.125,12.121212121212121,0.23385284181908722
santa rosa de lima,3,180.15,52.64,3,0,-18.681813271604938,3,4.333333333333333,0.0,0.0,0.0,0.2922009436580627
santa rosa de viterbo,14,1818.22,340.96999999999997,13,0,-9.884168447293446,14,4.0,2.0,0.0,14.285714285714285,0.18752956187920053
santa rosa do sul,1,199.0,19.27,1,1,8.914560185185184,1,1.0,1.0,100.0,100.0,0.09683417085427136
santa salete,1,81.99,13.01,1,0,-20.224733796296295,1,5.0,0.0,0.0,0.0,0.15867788754726186
santa teresa,10,1117.36,196.29,10,4,-3.763376157407407,10,3.6,3.0,40.0,30.0,0.17567301496384335
santa teresinha,2,287.0,51.1,2,0,-11.62152199074074,2,5.0,0.0,0.0,0.0,0.17804878048780487
santa tereza do oeste,3,364.9,55.69,3,0,-9.848757716049382,3,4.0,1.0,0.0,33.33333333333333,0.152617155385037
santa terezinha,2,309.79999999999995,51.73,2,1,-11.930081018518518,2,2.5,1.0,50.0,50.0,0.1669786959328599
santa terezinha de itaipu,3,328.94,49.17,3,0,-12.688387345679013,3,4.666666666666667,0.0,0.0,0.0,0.14948014835532317
santa vitoria,17,4083.77,462.40999999999997,17,1,-12.74321010348584,17,4.0,3.0,5.88235294117647,17.647058823529413,0.11323115650489621
santa vitoria do palmar,12,1750.75,298.92,12,0,-15.556413966049384,12,4.416666666666667,1.0,0.0,8.333333333333332,0.17073825503355705
santaluz,3,274.89,59.08,3,1,27.513456790123456,3,4.666666666666667,0.0,33.33333333333333,0.0,0.2149223325693914
santana,13,1522.93,418.38,13,1,-16.75474448005698,13,3.923076923076923,1.0,7.6923076923076925,7.6923076923076925,0.27472044020408026
santana da boa vista,2,79.89,35.91,2,0,-19.67382523148148,2,4.5,0.0,0.0,0.0,0.4494930529478032
santana da vargem,4,269.95,83.65,4,1,-8.289991319444445,3,3.6666666666666665,0.0,25.0,0.0,0.309872198555288
santana de parnaiba,185,23294.05,2962.04,178,10,-10.263312265917603,182,4.126373626373627,21.0,5.617977528089887,11.538461538461538,0.12715865210214625
santana de pirapama,1,49.9,20.84,1,0,-11.261527777777777,1,2.0,1.0,0.0,100.0,0.4176352705410822
santana do acarau,4,1376.8899999999999,186.69,4,0,-12.719282407407407,4,3.75,1.0,0.0,25.0,0.13558817334718098
santana do araguaia,3,1190.8,277.11,2,0,-22.35957175925926,3,4.666666666666667,0.0,0.0,0.0,0.2327091031239503
santana do capivari,1,25.0,14.52,1,0,-17.64408564814815,1,5.0,0.0,0.0,0.0,0.5808
santana do cariri,3,839.8,106.88,3,0,-12.38695987654321,3,3.0,1.0,0.0,33.33333333333333,0.1272683972374375
santana do deserto,1,190.9,16.09,1,0,-9.099456018518518,1,5.0,0.0,0.0,0.0,0.08428496595075956
santana do ipanema,1,249.9,35.55,1,0,-26.236979166666668,1,5.0,0.0,0.0,0.0,0.14225690276110442
santana do itarare,1,53.9,17.63,1,0,-7.025162037037037,1,4.0,0.0,0.0,0.0,0.32708719851576995
santana do jacare,4,1685.79,83.43,4,1,-6.061322337962962,4,4.0,1.0,25.0,25.0,0.049490150018685605
santana do livramento,20,4248.23,663.07,20,0,-13.721875578703703,20,4.2,2.0,0.0,10.0,0.1560814739314962
santana do manhuacu,3,228.89000000000001,52.55,3,0,-15.499598765432099,3,5.0,0.0,0.0,0.0,0.2295862641443488
santana do mundau,3,1052.8,215.20999999999998,3,0,-18.46487654320988,3,3.0,1.0,0.0,33.33333333333333,0.2044167933130699
santana do paraiso,16,2696.8199999999997,380.91,16,1,-13.60242404513889,16,4.25,1.0,6.25,6.25,0.1412441319776626
santana do serido,2,779.7,163.67,2,0,-15.134953703703703,2,4.0,0.0,0.0,0.0,0.20991406951391559
santana do sobrado,1,36.9,17.92,1,0,-1.4063194444444445,1,5.0,0.0,0.0,0.0,0.48563685636856374
santana dos montes,2,241.0,55.46,2,0,-4.205717592592593,2,2.5,1.0,0.0,50.0,0.23012448132780083
santanesia,4,364.5,75.08,4,0,-8.756469907407407,4,4.0,0.0,0.0,0.0,0.20598079561042523
santarem,44,5387.66,1884.98,43,15,-5.062420058139535,44,3.0681818181818183,19.0,34.883720930232556,43.18181818181818,0.3498698878548387
santiago,26,2304.7000000000003,670.0,26,1,-17.78888710826211,26,4.884615384615385,0.0,3.8461538461538463,0.0,0.290710287673016
santo amaro,10,1805.93,260.81,10,2,-8.187954861111113,10,3.6,3.0,20.0,30.0,0.14441866517528365
santo amaro da imperatriz,12,3007.31,288.74,11,3,-5.88734111952862,12,3.4166666666666665,4.0,27.27272727272727,33.33333333333333,0.09601271568278628
santo amaro das brotas,1,19.9,42.38,1,0,-10.183379629629629,1,4.0,0.0,0.0,0.0,2.1296482412060302
santo amaro de campos,6,1611.78,165.78,6,1,-9.832937885802469,6,3.8333333333333335,1.0,16.666666666666664,16.666666666666664,0.10285522838104456
santo anastacio,17,1884.6,355.73,17,0,-12.892235838779957,17,3.7058823529411766,5.0,0.0,29.411764705882355,0.18875623474477343
santo andre,797,92083.5,12638.02,778,31,-10.72842948145768,794,4.265743073047859,84.0,3.984575835475578,10.579345088161208,0.13724521765571465
santo angelo,46,5433.26,1145.37,45,0,-16.27840843621399,46,4.1521739130434785,5.0,0.0,10.869565217391305,0.21080713972826623
santo antonio,1,471.8,36.18,1,0,-18.986793981481483,1,1.0,1.0,0.0,100.0,0.07668503603221703
santo antonio da alegria,3,206.79000000000002,43.24,3,0,-18.372800925925926,3,4.333333333333333,0.0,0.0,0.0,0.2091010203588181
santo antonio da patrulha,17,5100.08,503.04,17,0,-16.938686683006534,17,4.705882352941177,0.0,0.0,0.0,0.09863374692161692
santo antonio da platina,12,1140.6100000000001,404.23,12,0,-12.03847800925926,12,3.5833333333333335,2.0,0.0,16.666666666666664,0.3543980852350935
santo antonio das missoes,4,393.89,101.43,4,0,-16.826660879629628,4,4.75,0.0,0.0,0.0,0.2575084414430425
santo antonio das queimadas,1,84.99,27.13,1,0,-14.30375,1,5.0,0.0,0.0,0.0,0.31921402517943287
santo antonio de goias,1,119.9,29.12,0,0,,1,4.0,0.0,,0.0,0.24286905754795662
santo antonio de jesus,30,4361.85,784.1899999999999,29,1,-14.811056034482759,30,3.8666666666666667,6.0,3.4482758620689653,20.0,0.1797838073294588
santo antonio de padua,32,5330.88,734.09,30,4,-11.20662962962963,32,4.03125,6.0,13.333333333333334,18.75,0.13770521940092442
santo antonio de posse,20,5027.89,365.33,20,0,-12.234721643518519,20,4.85,0.0,0.0,0.0,0.07266069862308044
santo antonio do amparo,4,376.71999999999997,100.31,4,0,-13.31040798611111,3,4.666666666666667,0.0,0.0,0.0,0.26627203227861546
santo antonio do aracangua,1,1099.0,18.99,1,0,-22.22736111111111,1,4.0,0.0,0.0,0.0,0.01727934485896269
santo antonio do aventureiro,1,77.99,10.93,1,0,-13.24824074074074,1,4.0,0.0,0.0,0.0,0.14014617258622902
santo antonio do caiua,1,256.3,46.25,1,0,-12.6775,1,5.0,0.0,0.0,0.0,0.18045259461568475
santo antonio do canaa,1,160.0,34.88,1,1,2.020023148148148,1,5.0,0.0,100.0,0.0,0.21800000000000003
santo antonio do descoberto,5,866.26,126.62,5,1,-8.374143518518519,5,3.2,2.0,20.0,40.0,0.1461685867984208
santo antonio do grama,2,239.9,35.46,2,0,-17.323935185185185,2,5.0,0.0,0.0,0.0,0.14781158816173406
santo antonio do itambe,3,225.06,64.41,3,0,-9.07837962962963,3,3.6666666666666665,1.0,0.0,33.33333333333333,0.2861903492402026
santo antonio do jacinto,8,505.49,188.07,7,1,-11.984915674603174,7,3.5714285714285716,2.0,14.285714285714285,28.57142857142857,0.37205483788007676
santo antonio do jardim,5,271.02,76.11,4,0,-11.84480613425926,5,4.4,0.0,0.0,0.0,0.28082798317467345
santo antonio do leste,1,149.0,88.55,1,0,-24.189710648148147,1,5.0,0.0,0.0,0.0,0.5942953020134228
santo antonio do leverger,1,97.0,27.41,1,0,-11.295405092592592,1,4.0,0.0,0.0,0.0,0.2825773195876289
santo antonio do monte,15,1959.1100000000001,356.42,14,0,-15.571116071428571,15,3.7333333333333334,3.0,0.0,20.0,0.18192954964243968
santo antonio do palma,2,73.89,30.2,2,0,-16.94726273148148,2,4.0,0.0,0.0,0.0,0.4087156584111517
santo antonio do pinhal,2,1128.9,123.78999999999999,2,0,-21.172233796296297,2,5.0,0.0,0.0,0.0,0.1096554167773939
santo antonio do planalto,1,189.0,32.07,1,0,-13.594444444444445,1,4.0,0.0,0.0,0.0,0.16968253968253968
santo antonio do rio abaixo,1,6.0,18.23,1,0,-6.839108796296296,1,5.0,0.0,0.0,0.0,3.0383333333333336
santo antonio do sudoeste,3,208.95,59.120000000000005,3,0,-21.16988040123457,3,4.0,0.0,0.0,0.0,0.28293850203397947
santo antonio do taua,1,32.9,24.84,1,0,-14.59318287037037,1,5.0,0.0,0.0,0.0,0.7550151975683891
santo antonio dos campos,1,159.0,18.99,1,0,-7.2826967592592595,1,5.0,0.0,0.0,0.0,0.11943396226415093
santo augusto,9,1165.08,221.8,8,1,-12.771145833333334,9,3.4444444444444446,3.0,12.5,33.33333333333333,0.1903731932571154
santo cristo,7,609.45,156.73,7,1,-12.75359126984127,7,3.0,3.0,14.285714285714285,42.857142857142854,0.25716629748133557
santo eduardo,2,215.0,45.06,2,0,-11.76925925925926,2,5.0,0.0,0.0,0.0,0.2095813953488372
santo estevao,5,979.81,246.88000000000002,5,0,-15.133287037037036,5,4.6,0.0,0.0,0.0,0.2519672181341281
santo expedito,1,280.0,13.46,1,0,-12.141157407407407,1,5.0,0.0,0.0,0.0,0.04807142857142858
santo expedito do sul,1,209.99,27.55,1,0,-29.27451388888889,1,5.0,0.0,0.0,0.0,0.13119672365350732
santo hipolito,1,104.4,15.48,1,0,-21.222800925925927,1,3.0,0.0,0.0,0.0,0.1482758620689655
santo inacio,1,65.9,13.8,1,0,-8.105127314814816,1,4.0,0.0,0.0,0.0,0.2094081942336874
santos,713,98777.09,12893.12,700,65,-8.75698622685185,704,4.198153409090909,87.0,9.285714285714286,12.357954545454545,0.13052743303128286
santos dumont,22,2056.3,503.28000000000003,22,1,-15.045411931818183,22,4.363636363636363,2.0,4.545454545454546,9.090909090909092,0.24475027962845888
sao benedito,5,841.83,284.69,5,0,-11.610909722222223,5,4.0,1.0,0.0,20.0,0.3381799175605526
sao benedito do rio preto,1,95.0,38.22,1,0,-8.54568287037037,1,1.0,1.0,0.0,100.0,0.4023157894736842
sao benedito do sul,1,39.99,24.84,1,0,-16.479108796296295,1,5.0,0.0,0.0,0.0,0.6211552888222055
sao bentinho,1,35.0,34.15,1,0,-27.40488425925926,1,5.0,0.0,0.0,0.0,0.9757142857142856
sao bento,5,1148.89,232.35,5,1,-11.502296296296297,5,4.0,1.0,20.0,20.0,0.2022386825544656
sao bento abade,1,16.0,15.1,1,0,-10.03712962962963,1,5.0,0.0,0.0,0.0,0.94375
sao bento do sapucai,7,630.54,157.52,7,0,-9.615570436507937,7,4.714285714285714,0.0,0.0,0.0,0.24981761664604946
sao bento do sul,45,4869.9,1235.55,44,3,-12.08972117003367,45,4.333333333333333,3.0,6.8181818181818175,6.666666666666667,0.2537115751863488
sao bento do una,5,1328.3899999999999,149.41,4,0,-8.554320023148147,5,2.6,2.0,0.0,40.0,0.11247449920580553
sao bernardino,1,189.9,18.58,1,0,-11.157210648148148,1,4.0,0.0,0.0,0.0,0.0978409689310163
sao bernardo,3,706.79,216.6,3,0,-15.309702932098766,3,4.666666666666667,0.0,0.0,0.0,0.3064559487259299
sao bernardo do campo,938,104540.99,14483.86,911,57,-9.799631014452983,936,4.251424501424502,109.0,6.256860592755214,11.645299145299145,0.13854718613244432
sao bonifacio,1,101.0,15.46,1,0,-10.666944444444445,1,4.0,0.0,0.0,0.0,0.15306930693069307
sao borja,18,2124.74,492.15,18,1,-14.31658950617284,18,3.888888888888889,3.0,5.555555555555555,16.666666666666664,0.23162834040870883
sao bras,1,29.9,24.84,1,0,-7.889606481481482,1,5.0,0.0,0.0,0.0,0.8307692307692308
sao bras do suacui,2,95.99000000000001,33.72,2,0,-16.30789351851852,2,5.0,0.0,0.0,0.0,0.3512865923533701
sao caetano do sul,277,32452.6,4300.74,272,13,-10.300270543981481,275,4.2690909090909095,28.0,4.779411764705882,10.181818181818182,0.13252374231956762
sao carlos,241,30244.33,4637.31,235,9,-12.985027482269503,241,4.219917012448133,30.0,3.829787234042553,12.448132780082988,0.15332824367410355
sao carlos do ivai,1,93.0,26.95,1,0,-23.104537037037037,1,5.0,0.0,0.0,0.0,0.28978494623655915
sao clemente,1,139.8,15.06,1,1,0.478125,1,5.0,0.0,100.0,0.0,0.10772532188841201
sao cristovao,7,618.69,281.74,7,0,-18.38867394179894,7,5.0,0.0,0.0,0.0,0.45538153194653214
sao cristovao do sul,1,118.99,18.08,1,0,-14.14048611111111,1,4.0,0.0,0.0,0.0,0.1519455416421548
sao desiderio,1,125.0,36.19,1,0,-13.237800925925926,1,4.0,0.0,0.0,0.0,0.28952
sao domingos,7,489.14,179.55,7,0,-13.34174933862434,7,4.0,1.0,0.0,14.285714285714285,0.3670728216870426
sao domingos das dores,2,104.9,32.5,1,0,-16.080381944444444,2,4.5,0.0,0.0,0.0,0.30981887511916106
sao domingos do araguaia,1,227.0,43.65,1,0,-20.216203703703705,1,3.0,0.0,0.0,0.0,0.19229074889867842
sao domingos do maranhao,2,127.88999999999999,91.62,2,0,-17.318368055555556,2,5.0,0.0,0.0,0.0,0.716396903589022
sao domingos do norte,7,874.4000000000001,154.1,7,1,-0.9853819444444448,7,3.857142857142857,1.0,14.285714285714285,14.285714285714285,0.17623513266239704
sao domingos do prata,4,337.89,87.1,4,0,-12.77990162037037,4,4.5,0.0,0.0,0.0,0.2577761993548196
sao domingos do sul,1,0.0,0.0,0,0,,1,4.0,0.0,,0.0,
sao felipe,2,747.9,79.11,2,1,-2.2738194444444453,2,3.0,1.0,50.0,50.0,0.10577617328519856
sao felix,1,27.9,16.79,1,1,3.8061226851851853,1,5.0,0.0,100.0,0.0,0.6017921146953406
sao felix de minas,1,388.9,20.6,1,0,-19.079305555555557,1,5.0,0.0,0.0,0.0,0.05296991514528157
sao felix do araguaia,1,98.8,35.84,1,0,-19.96070601851852,1,5.0,0.0,0.0,0.0,0.362753036437247
sao felix do coribe,1,226.0,40.06,1,0,-17.51527777777778,1,5.0,0.0,0.0,0.0,0.1772566371681416
sao felix do xingu,8,1382.7,391.38,8,2,-5.061021412037037,7,4.428571428571429,1.0,25.0,14.285714285714285,0.28305489260143196
sao fernando,1,125.9,34.68,0,0,,1,1.0,1.0,,100.0,0.2754567116759333
sao fidelis,23,2029.25,568.17,23,0,-14.6459586352657,23,4.391304347826087,1.0,0.0,4.3478260869565215,0.27999014414192436
sao francisco,18,2338.39,473.84,18,2,-11.110215406378602,18,4.111111111111111,3.0,11.11111111111111,16.666666666666664,0.20263514640414987
sao francisco de assis,2,109.89,35.5,2,1,4.715271990740741,2,2.5,1.0,50.0,50.0,0.32305032305032305
sao francisco de itabapoana,15,1497.76,318.65,15,1,-10.729192129629629,15,4.466666666666667,0.0,6.666666666666667,0.0,0.21275104155538938
sao francisco de paula,7,599.6800000000001,138.42000000000002,7,0,-14.793134920634921,7,4.714285714285714,0.0,0.0,0.0,0.23082310565635006
sao francisco do brejao,1,31.9,50.85,1,0,-6.347928240740741,1,4.0,0.0,0.0,0.0,1.5940438871473355
sao francisco do conde,3,276.8,90.53,3,0,-17.06125385802469,3,4.666666666666667,0.0,0.0,0.0,0.3270592485549133
sao francisco do gloria,1,69.9,21.45,1,0,-15.192997685185185,1,1.0,1.0,0.0,100.0,0.30686695278969955
sao francisco do guapore,2,284.9,120.71,2,0,-36.73048611111111,2,3.5,0.0,0.0,0.0,0.4236925236925237
sao francisco do humaita,1,170.8,36.52,0,0,,1,1.0,1.0,,100.0,0.21381733021077284
sao francisco do sul,17,1648.08,364.69,16,0,-11.13189670138889,17,3.1176470588235294,5.0,0.0,29.411764705882355,0.2212817338964128
sao gabriel,24,2362.85,466.97,23,3,-19.34011070853462,24,4.416666666666667,1.0,13.043478260869565,4.166666666666666,0.19762998074359356
sao gabriel da palha,14,1406.8000000000002,325.84,13,2,-11.040888532763534,14,4.0,2.0,15.384615384615385,14.285714285714285,0.23161785612738126
sao gabriel do oeste,7,526.72,169.22,7,0,-19.16539847883598,7,3.7142857142857144,2.0,0.0,28.57142857142857,0.3212712636695018
sao geraldo,4,423.78,124.03,4,0,-15.293920717592593,4,3.5,1.0,0.0,25.0,0.29267544480626745
sao geraldo da piedade,1,139.8,41.96,1,0,-14.05945601851852,1,3.0,0.0,0.0,0.0,0.30014306151645204
sao geraldo do baguari,1,117.3,25.66,1,0,-11.579375,1,4.0,0.0,0.0,0.0,0.21875532821824384
sao goncalo,409,52514.840000000004,9092.69,385,96,-5.779189844877345,402,3.6529850746268657,105.0,24.935064935064936,26.119402985074625,0.1731451528748826
sao goncalo do abaete,2,177.99,38.489999999999995,2,0,-23.10623263888889,2,5.0,0.0,0.0,0.0,0.2162481038260576
sao goncalo do amarante,12,1280.55,424.67,12,2,-13.190952932098766,12,4.083333333333333,1.0,16.666666666666664,8.333333333333332,0.3316309398305416
sao goncalo do para,3,734.9,240.95,3,1,-10.164336419753086,3,3.0,1.0,33.33333333333333,33.33333333333333,0.3278677371070894
sao goncalo do rio abaixo,6,802.2,211.23,6,0,-14.381398533950618,6,4.5,0.0,0.0,0.0,0.2633133881824981
sao goncalo do rio das pedras,1,169.0,27.5,1,0,-8.645277777777778,1,5.0,0.0,0.0,0.0,0.16272189349112426
sao goncalo do rio preto,3,328.19,69.71000000000001,3,0,-12.582797067901234,3,3.3333333333333335,1.0,0.0,33.33333333333333,0.21240744690575583
sao goncalo do sapucai,10,1252.4,151.57999999999998,8,0,-12.968899016203704,9,3.7777777777777777,2.0,0.0,22.22222222222222,0.12103161929096133
sao gotardo,20,2479.38,599.54,20,2,-13.85954976851852,19,3.789473684210526,2.0,10.0,10.526315789473683,0.24181045261315326
sao jeronimo,7,569.75,159.59,7,0,-17.119292328042327,7,4.428571428571429,0.0,0.0,0.0,0.2801053093462045
sao joao,12,1299.09,240.04,12,1,-9.099867862654321,12,4.5,0.0,8.333333333333332,0.0,0.18477549669383955
sao joao batista,11,1788.22,436.78000000000003,11,2,-8.71579335016835,11,4.181818181818182,2.0,18.181818181818183,18.181818181818183,0.24425406269922045
sao joao batista do gloria,3,359.6,77.23,3,0,-12.522260802469136,3,4.666666666666667,0.0,0.0,0.0,0.21476640711902112
sao joao d'alianca,3,743.53,101.32999999999998,3,1,-1.5948996913580242,3,4.666666666666667,0.0,33.33333333333333,0.0,0.13628232889056258
sao joao da barra,15,2115.54,432.57,15,1,-11.230070216049382,15,4.0,3.0,6.666666666666667,20.0,0.20447261692050256
sao joao da boa vista,82,11786.81,1821.37,80,2,-12.846359664351851,82,4.280487804878049,9.0,2.5,10.975609756097562,0.1545261186020645
sao joao da mata,2,174.78,53.61,2,1,-2.7971296296296297,2,4.5,0.0,50.0,0.0,0.30672845863371095
sao joao da parauna,1,159.99,27.85,1,0,-20.014930555555555,1,5.0,0.0,0.0,0.0,0.17407337958622413
sao joao da ponte,1,461.84,34.92,1,0,-13.120428240740742,1,5.0,0.0,0.0,0.0,0.07561060107396501
sao joao da urtiga,1,139.9,16.74,1,0,-20.37322916666667,1,5.0,0.0,0.0,0.0,0.11965689778413151
sao joao das missoes,2,119.99,45.16,2,0,-17.069108796296298,2,5.0,0.0,0.0,0.0,0.37636469705808817
sao joao de iracema,3,168.38,45.0,3,1,-8.941168981481482,3,5.0,0.0,33.33333333333333,0.0,0.26725264283169026
sao joao de meriti,134,18796.24,3204.87,124,27,-6.185875242682198,133,3.699248120300752,31.0,21.774193548387096,23.308270676691727,0.17050590969257678
sao joao de petropolis,1,27.99,15.1,1,0,-7.465752314814814,1,5.0,0.0,0.0,0.0,0.5394783851375491
sao joao de pirabas,2,228.89,76.44,2,2,8.852609953703704,2,3.0,1.0,100.0,50.0,0.3339595438857093
sao joao del rei,67,8297.97,1592.02,66,6,-11.097562955948373,66,4.393939393939394,5.0,9.090909090909092,7.575757575757576,0.19185656250866176
sao joao do itaperiu,1,755.99,26.75,0,0,,1,1.0,1.0,,100.0,0.03538406592679797
sao joao do ivai,2,193.9,35.66,2,0,-9.377829861111111,2,5.0,0.0,0.0,0.0,0.18390923156266115
sao joao do manhuacu,2,154.8,44.46,2,0,-14.677557870370372,2,3.5,1.0,0.0,50.0,0.2872093023255814
sao joao do manteninha,3,474.89,62.33,3,0,-10.105532407407408,3,5.0,0.0,0.0,0.0,0.13125144770367875
sao joao do oriente,2,279.9,38.21,2,0,-14.364247685185184,2,4.0,0.0,0.0,0.0,0.13651304037156128
sao joao do paraiso,6,596.53,157.47,6,1,-9.879949845679013,6,3.8333333333333335,1.0,16.666666666666664,16.666666666666664,0.2639766650461838
sao joao do piaui,6,1571.7900000000002,400.93,5,0,-12.75001851851852,6,5.0,0.0,0.0,0.0,0.2550786046482036
sao joao do sabugi,1,26.9,24.84,1,0,-27.556377314814814,1,5.0,0.0,0.0,0.0,0.9234200743494424
sao joao do sobrado,1,55.92,17.64,1,0,-6.0721643518518515,1,5.0,0.0,0.0,0.0,0.315450643776824
sao joao do sul,2,861.0,41.370000000000005,2,0,-15.771192129629629,2,4.5,0.0,0.0,0.0,0.048048780487804886
sao joao do triunfo,3,263.72,79.68,2,0,-12.687042824074075,3,3.3333333333333335,1.0,0.0,33.33333333333333,0.3021386318822994
sao joao dos patos,7,1333.08,282.39,7,1,-6.437030423280423,7,4.0,1.0,14.285714285714285,14.285714285714285,0.21183274822216222
sao joao evangelista,7,1227.66,125.42,6,2,-6.905696373456791,7,4.285714285714286,1.0,33.33333333333333,14.285714285714285,0.10216183633905153
sao joao nepomuceno,15,2594.0,494.13,14,1,-13.488174603174603,15,3.466666666666667,4.0,7.142857142857142,26.666666666666668,0.19048959136468774
sao joaquim,9,1118.98,191.41,9,0,-15.577664609053496,9,3.7777777777777777,2.0,0.0,22.22222222222222,0.17105757028722587
sao joaquim da barra,34,4302.49,649.55,34,6,-7.010391476034859,34,4.235294117647059,4.0,17.647058823529413,11.76470588235294,0.15097071695692493
sao joaquim de bicas,8,1663.28,302.23,8,1,-10.284133391203703,8,4.125,1.0,12.5,12.5,0.1817072290895099
sao joaquim do monte,1,79.0,28.95,1,0,-20.04341435185185,1,3.0,0.0,0.0,0.0,0.36645569620253166
sao jorge,1,63.99,23.03,1,0,-13.503761574074074,1,5.0,0.0,0.0,0.0,0.3598999843725582
sao jorge d'oeste,1,89.9,21.12,1,0,-14.118819444444444,1,4.0,0.0,0.0,0.0,0.23492769744160177
sao jorge do ivai,1,352.52,43.44,1,0,-3.4665856481481483,1,3.0,0.0,0.0,0.0,0.12322705094746397
sao jorge do oeste,1,34.9,25.63,1,0,-13.202800925925926,1,4.0,0.0,0.0,0.0,0.7343839541547278
sao jorge do patrocinio,2,89.9,33.82,2,0,-8.018998842592593,2,5.0,0.0,0.0,0.0,0.37619577308120133
sao jose,169,20350.46,3996.97,167,26,-9.495092384675093,167,3.784431137724551,41.0,15.568862275449103,24.550898203592812,0.19640686254757878
sao jose da barra,6,987.14,170.97,6,0,-14.486278935185185,6,4.666666666666667,0.0,0.0,0.0,0.17319731750308973
sao jose da bela vista,3,310.84000000000003,68.23,3,0,-15.923742283950617,3,4.333333333333333,0.0,0.0,0.0,0.21950199459529018
sao jose da boa vista,1,118.99,18.08,1,0,-9.590358796296297,1,3.0,0.0,0.0,0.0,0.1519455416421548
sao jose da coroa grande,2,218.9,70.89,2,1,-5.700856481481481,2,4.0,0.0,50.0,0.0,0.3238465052535404
sao jose da laje,2,219.9,76.46000000000001,2,1,-9.082065972222223,2,4.0,0.0,50.0,0.0,0.3477035015916326
sao jose da lapa,8,1086.58,150.94,8,0,-10.198648726851852,8,3.875,2.0,0.0,25.0,0.13891291943529238
sao jose da tapera,1,109.9,34.57,1,0,-20.56275462962963,1,5.0,0.0,0.0,0.0,0.3145586897179254
sao jose da vitoria,2,175.65,50.11,2,0,-19.181903935185186,2,5.0,0.0,0.0,0.0,0.28528323370338743
sao jose de mipibu,3,821.69,134.5,3,0,-14.287233796296297,3,5.0,0.0,0.0,0.0,0.16368703525660527
sao jose de ribamar,14,1444.82,426.05,14,4,-6.35145171957672,13,3.6153846153846154,3.0,28.57142857142857,23.076923076923077,0.2948810232416495
sao jose de uba,3,478.89,65.63,3,0,-9.14158950617284,2,4.5,0.0,0.0,0.0,0.13704608573994026
sao jose do barreiro,3,207.59,53.3,3,0,-12.546018518518517,3,4.333333333333333,0.0,0.0,0.0,0.25675610578544245
sao jose do belmonte,2,228.9,70.94,2,1,-6.649762731481482,2,4.0,0.0,50.0,0.0,0.30991699432066405
sao jose do calcado,6,970.18,157.07999999999998,6,0,-14.157737268518519,6,4.333333333333333,0.0,0.0,0.0,0.16190809952792265
sao jose do campestre,1,289.0,18.46,1,0,-16.230011574074073,1,4.0,0.0,0.0,0.0,0.06387543252595156
sao jose do cedro,5,486.59000000000003,112.18,5,1,-11.503560185185185,5,3.8,1.0,20.0,20.0,0.23054316775930456
sao jose do cerrito,3,278.89,54.45,3,0,-16.316400462962964,3,4.333333333333333,0.0,0.0,0.0,0.19523826598300406
sao jose do divino,2,727.0,99.17,2,0,-21.35188078703704,2,3.0,1.0,0.0,50.0,0.13640990371389272
sao jose do egito,4,444.70000000000005,185.5,4,0,-18.208689236111113,4,5.0,0.0,0.0,0.0,0.41713514729030804
sao jose do goiabal,2,202.9,44.769999999999996,2,0,-10.181521990740741,2,4.5,0.0,0.0,0.0,0.2206505667816658
sao jose do hortencio,2,322.89,50.34,2,0,-23.567702546296296,2,5.0,0.0,0.0,0.0,0.15590448759639508
sao jose do inhacora,1,77.99,24.71,1,0,-11.130543981481482,1,5.0,0.0,0.0,0.0,0.316835491729709
sao jose do norte,7,548.5,153.28,7,0,-19.17936011904762,7,4.714285714285714,0.0,0.0,0.0,0.2794530537830447
sao jose do ouro,5,411.38000000000005,95.71000000000001,5,1,-13.37781712962963,5,4.6,0.0,20.0,0.0,0.23265593854830083
sao jose do piaui,1,149.9,23.98,1,0,-16.172569444444445,1,5.0,0.0,0.0,0.0,0.1599733155436958
sao jose do ribeirao,1,97.9,17.94,1,0,-1.2136226851851852,1,3.0,0.0,0.0,0.0,0.18324821246169562
sao jose do rio claro,2,298.0,53.05,2,0,-18.82705439814815,2,5.0,0.0,0.0,0.0,0.1780201342281879
sao jose do rio pardo,44,5106.24,864.8100000000001,44,4,-11.343188657407408,44,3.772727272727273,8.0,9.090909090909092,18.181818181818183,0.1693633671742809
sao jose do rio preto,335,47070.55,6681.57,329,13,-12.449660024766407,331,4.244712990936556,37.0,3.951367781155015,11.178247734138973,0.1419479908350338
sao jose do serido,1,149.9,53.41,1,0,-13.13295138888889,1,5.0,0.0,0.0,0.0,0.35630420280186786
sao jose do turvo,3,240.70000000000002,44.66,3,1,-7.971790123456789,3,4.666666666666667,0.0,33.33333333333333,0.0,0.18554216867469878
sao jose do vale do rio preto,12,1192.21,335.45,12,1,-12.179417438271605,12,4.5,1.0,8.333333333333332,8.333333333333332,0.2813682153311916
sao jose do xingu,1,49.3,23.22,1,0,-2.142453703703704,1,5.0,0.0,0.0,0.0,0.47099391480730224
sao jose dos campos,691,78650.94,11336.37,667,40,-9.823076760230995,690,4.231884057971015,82.0,5.997001499250374,11.884057971014492,0.14413521313286276
sao jose dos cordeiros,1,180.0,78.03,1,0,-0.6066666666666667,1,5.0,0.0,0.0,0.0,0.4335
sao jose dos pinhais,133,15124.05,2639.39,130,5,-11.757621527777777,131,4.0534351145038165,19.0,3.8461538461538463,14.50381679389313,0.17451608530783752
sao jose dos quatro marcos,2,226.99,85.24000000000001,2,0,-17.174861111111113,2,4.5,0.0,0.0,0.0,0.3755231507995947
sao leopoldo,105,11064.67,2160.51,103,11,-12.95416149766271,104,4.153846153846154,14.0,10.679611650485436,13.461538461538462,0.19526203673494105
sao lourenco,34,4222.89,766.07,32,2,-14.524963831018518,34,4.0,8.0,6.25,23.52941176470588,0.18140894032285945
sao lourenco da mata,12,1239.86,420.34,11,2,-7.777525252525252,12,3.75,3.0,18.181818181818183,25.0,0.3390221476618328
sao lourenco da serra,12,1151.95,205.08,12,0,-12.53699363425926,12,4.416666666666667,0.0,0.0,0.0,0.1780285602673727
sao lourenco do oeste,11,911.37,232.42000000000002,9,0,-13.338798868312757,11,4.090909090909091,1.0,0.0,9.090909090909092,0.25502265819590286
sao lourenco do piaui,1,152.49,38.62,1,0,-20.40070601851852,1,3.0,0.0,0.0,0.0,0.2532625090169847
sao lourenco do sul,14,2135.38,317.77,14,0,-14.298364748677248,14,3.9285714285714284,2.0,0.0,14.285714285714285,0.14881192106322993
sao ludgero,3,673.3199999999999,73.19,3,0,-5.448159722222222,2,4.5,0.0,0.0,0.0,0.10870017228063923
sao luis,353,51026.91,12384.88,335,75,-7.933177687949143,350,3.692857142857143,80.0,22.388059701492537,22.857142857142858,0.24271271766211197
sao luis de montes belos,8,1284.3700000000001,239.76000000000002,7,2,-7.960018187830689,8,4.0,1.0,28.57142857142857,12.5,0.18667517927077087
sao luis do curu,2,173.9,84.81,2,0,-11.390601851851851,2,4.5,0.0,0.0,0.0,0.48769407705577916
sao luis do paraitinga,3,882.49,63.5,3,0,-9.497862654320988,3,4.0,1.0,0.0,33.33333333333333,0.07195548958061848
sao luis do quitunde,2,239.3,112.25,2,1,4.6587962962962965,2,3.0,1.0,50.0,50.0,0.4690764730463853
sao luiz do norte,1,129.99,18.34,1,0,-21.355671296296297,1,5.0,0.0,0.0,0.0,0.1410877759827679
sao luiz gonzaga,15,3298.0099999999998,710.71,15,0,-17.501181327160495,15,3.8666666666666667,3.0,0.0,20.0,0.2154966176573146
sao mamede,1,86.0,51.1,1,0,-21.296087962962964,1,5.0,0.0,0.0,0.0,0.5941860465116279
sao manuel,21,3278.99,376.88,20,0,-12.425052083333332,21,4.666666666666667,0.0,0.0,0.0,0.11493783146639668
sao marcos,9,816.42,178.34,9,0,-10.238455504115226,9,3.888888888888889,1.0,0.0,11.11111111111111,0.21844148844957254
sao martinho,3,756.99,181.32000000000002,3,0,-18.3982137345679,3,3.6666666666666665,1.0,0.0,33.33333333333333,0.23952760274244048
sao mateus,48,6569.97,1109.66,47,4,-8.925940947596532,48,4.3125,6.0,8.51063829787234,12.5,0.1688987925363434
sao mateus de minas,1,59.88,23.0,1,1,1.7818402777777778,1,5.0,0.0,100.0,0.0,0.3841015364061456
sao mateus do maranhao,3,710.2,220.5,3,1,-4.774185956790124,3,4.666666666666667,0.0,33.33333333333333,0.0,0.3104759222754154
sao mateus do sul,15,1933.95,350.57,15,2,-12.158925925925926,15,4.466666666666667,0.0,13.333333333333334,0.0,0.18127149098994286
sao miguel,4,846.86,157.66,4,0,-14.646371527777777,4,5.0,0.0,0.0,0.0,0.18617008714545497
sao miguel arcanjo,13,1311.09,232.69,13,0,-13.098425925925927,13,4.0,3.0,0.0,23.076923076923077,0.17747828142995523
sao miguel das matas,1,169.94,51.06,1,0,-13.204236111111111,1,5.0,0.0,0.0,0.0,0.3004589855243027
sao miguel do aleixo,1,20.0,50.86,1,0,-7.059907407407407,1,4.0,0.0,0.0,0.0,2.543
sao miguel do anta,1,173.59,80.5,1,0,-20.2671875,0,,0.0,0.0,,0.463736390345066
sao miguel do araguaia,5,1321.15,196.88,5,0,-16.48199074074074,5,4.6,0.0,0.0,0.0,0.1490216856526511
sao miguel do cambui,1,59.9,17.67,1,0,-19.264884259259258,1,5.0,0.0,0.0,0.0,0.294991652754591
sao miguel do gostoso,2,398.9,74.14,2,1,-5.734577546296295,2,2.5,1.0,50.0,50.0,0.18586111807470546
sao miguel do guama,5,1240.79,273.61,5,0,-15.600064814814814,5,4.4,0.0,0.0,0.0,0.22051273785249723
sao miguel do guapore,4,399.44,222.79,4,0,-18.282303240740738,4,4.0,0.0,0.0,0.0,0.5577558582014821
sao miguel do iguacu,10,1288.2,180.03,9,1,-10.949211676954732,10,4.6,1.0,11.11111111111111,10.0,0.13975314392175128
sao miguel do oeste,40,6155.72,1085.66,39,3,-13.722282169990503,40,3.9,5.0,7.6923076923076925,12.5,0.17636604653882892
sao miguel do tapuio,3,534.0,84.50999999999999,2,0,-10.71050925925926,3,2.6666666666666665,2.0,0.0,66.66666666666666,0.1582584269662921
sao miguel dos campos,2,813.36,240.75,2,2,10.443680555555556,2,4.5,0.0,100.0,0.0,0.2959943936264385
sao nicolau,1,122.99,15.61,1,0,-9.23133101851852,1,4.0,0.0,0.0,0.0,0.12692088787706318
sao patricio,1,158.7,14.26,1,0,-21.179988425925927,1,5.0,0.0,0.0,0.0,0.08985507246376812
sao paulo,15540,1914924.54,255302.58,15046,942,-10.027348663173674,15428,4.15562613430127,2026.0,6.2608002126811115,13.131967850661136,0.1333225276856079
sao paulo das missoes,2,404.87,54.39,2,0,-15.835949074074074,2,5.0,0.0,0.0,0.0,0.13433941759083162
sao paulo do potengi,2,229.9,89.88,2,0,-12.053506944444443,2,5.0,0.0,0.0,0.0,0.39095258808177463
sao pedro,12,3683.54,219.79,12,2,-9.614184027777778,12,3.9166666666666665,2.0,16.666666666666664,16.666666666666664,0.05966814531673336
sao pedro da agua branca,1,309.9,26.66,1,0,-27.43396990740741,1,5.0,0.0,0.0,0.0,0.08602775088738303
sao pedro da aldeia,46,4672.43,1040.54,46,7,-9.200610154991947,45,3.888888888888889,8.0,15.217391304347828,17.77777777777778,0.22269782532857632
sao pedro da uniao,3,286.89,164.75,3,0,-17.124301697530864,3,5.0,0.0,0.0,0.0,0.5742619122311687
sao pedro de alcantara,2,263.0,49.91,2,0,-12.694450231481483,2,5.0,0.0,0.0,0.0,0.1897718631178707
sao pedro do butia,1,99.9,16.29,1,0,-16.269479166666667,1,3.0,0.0,0.0,0.0,0.16306306306306304
sao pedro do iguacu,1,117.3,25.66,1,1,10.510196759259259,1,4.0,0.0,100.0,0.0,0.21875532821824384
sao pedro do ivai,3,424.74,121.98,3,0,-12.219382716049383,3,4.666666666666667,0.0,0.0,0.0,0.28718745585534683
sao pedro do sul,1,98.7,23.27,1,0,-10.269212962962962,1,5.0,0.0,0.0,0.0,0.23576494427558256
sao pedro do turvo,2,88.9,29.0,2,0,-13.475248842592592,2,3.5,0.0,0.0,0.0,0.3262092238470191
sao pedro dos ferros,4,763.79,111.94,4,0,-19.490361689814815,4,4.75,0.0,0.0,0.0,0.14655860904175233
sao rafael,1,19.9,42.38,1,0,-9.908136574074074,1,5.0,0.0,0.0,0.0,2.1296482412060302
sao raimundo nonato,7,2145.39,841.65,7,0,-21.38976851851852,6,3.8333333333333335,0.0,0.0,0.0,0.3923062939605387
sao romao,5,388.49,135.57,5,0,-16.32944212962963,5,4.4,0.0,0.0,0.0,0.34896651136451384
sao roque,79,9602.33,1325.66,75,3,-10.864538117283951,78,4.435897435897436,5.0,4.0,6.41025641025641,0.13805607597322733
sao roque de minas,2,169.89,40.65,2,0,-14.639403935185186,2,5.0,0.0,0.0,0.0,0.2392724704220378
sao roque do canaa,5,348.0,88.00999999999999,5,1,-11.74574074074074,5,3.8,1.0,20.0,20.0,0.2529022988505747
sao sebastiao,61,11040.34,1362.05,57,3,-10.264819078947367,61,3.918032786885246,13.0,5.263157894736842,21.311475409836063,0.12337029475541514
sao sebastiao da amoreira,1,45.0,18.23,1,0,-5.200023148148148,1,5.0,0.0,0.0,0.0,0.40511111111111114
sao sebastiao da boa vista,2,198.9,65.7,2,0,-31.580792824074074,2,4.0,0.0,0.0,0.0,0.33031674208144796
sao sebastiao da grama,4,1024.79,77.23,4,1,-4.201579861111112,4,3.0,2.0,25.0,50.0,0.07536178143814831
sao sebastiao da serra,1,157.9,13.45,1,0,-1.295949074074074,1,5.0,0.0,0.0,0.0,0.08518049398353388
sao sebastiao de campos,1,23.8,15.1,1,1,6.927013888888889,1,4.0,0.0,100.0,0.0,0.634453781512605
sao sebastiao do alto,4,488.98,127.72,4,0,-12.286371527777778,4,3.25,1.0,0.0,25.0,0.261196776964293
sao sebastiao do cai,13,2087.84,488.34999999999997,12,1,-16.352056327160494,13,4.461538461538462,1.0,8.333333333333332,7.6923076923076925,0.23390202314353586
sao sebastiao do maranhao,3,206.79,48.42,3,0,-9.278348765432098,3,4.666666666666667,0.0,0.0,0.0,0.2341505875525896
sao sebastiao do paraiba,1,540.0,31.16,1,0,-6.536076388888889,1,5.0,0.0,0.0,0.0,0.0577037037037037
sao sebastiao do paraiso,36,4800.05,709.66,35,2,-13.793514880952381,35,4.085714285714285,7.0,5.714285714285714,20.0,0.14784429328861157
sao sebastiao do passe,5,399.89,150.64000000000001,5,0,-19.616997685185186,5,4.0,1.0,0.0,20.0,0.3767035934882093
sao sebastiao do rio verde,1,278.0,54.58,1,0,-16.849282407407408,1,5.0,0.0,0.0,0.0,0.19633093525179857
sao sepe,6,544.35,151.36,6,0,-16.14014853395062,6,4.5,0.0,0.0,0.0,0.2780563975383485
sao simao,14,1666.49,213.32,13,0,-11.920282229344728,14,4.5,1.0,0.0,7.142857142857142,0.12800556859027057
sao thome das letras,2,52.8,32.7,2,0,-6.750271990740741,2,3.5,1.0,0.0,50.0,0.6193181818181819
sao tiago,5,499.27,87.18,5,1,-6.4330740740740735,4,3.5,1.0,20.0,25.0,0.17461493780920145
sao tomas de aquino,4,309.8,72.76,3,0,-13.85065586419753,4,3.0,2.0,0.0,50.0,0.23486120077469336
sao tome,3,262.06,88.33,3,0,-14.182550154320987,3,5.0,0.0,0.0,0.0,0.33706021521788904
sao valentim,3,557.89,51.58,3,0,-11.015493827160492,3,4.0,0.0,0.0,0.0,0.09245550198067719
sao vendelino,2,155.98000000000002,38.3,2,0,-15.43828125,2,4.0,0.0,0.0,0.0,0.24554430055135268
sao vicente,165,21371.98,2747.83,159,20,-6.850300197996739,164,4.115853658536586,20.0,12.578616352201259,12.195121951219512,0.12857161573237483
sao vicente ferrer,3,405.88,189.88,2,0,-11.237690972222222,3,3.6666666666666665,1.0,0.0,33.33333333333333,0.4678230018724746
sao vitor,1,99.9,21.19,1,0,-1.821238425925926,1,5.0,0.0,0.0,0.0,0.21211211211211212
sape,2,1959.99,82.84,2,0,-19.706921296296297,2,4.5,0.0,0.0,0.0,0.04226552176286614
sapeacu,2,246.79000000000002,56.68,2,0,-12.741244212962963,2,3.0,1.0,0.0,50.0,0.2296689493091292
sapezal,8,964.82,174.7,8,0,-16.159019097222224,8,4.0,2.0,0.0,25.0,0.18107004415331354
sapiranga,26,3660.6,744.22,23,2,-12.900230475040258,26,3.769230769230769,5.0,8.695652173913043,19.230769230769234,0.20330546904878982
sapopema,2,154.98000000000002,38.33,2,0,-7.047077546296297,2,4.5,0.0,0.0,0.0,0.24732223512711313
sapucai-mirim,4,569.79,77.37,4,0,-11.029936342592592,4,2.75,2.0,0.0,50.0,0.1357868688464171
sapucaia,6,726.64,164.71,5,0,-10.440324074074073,6,3.6666666666666665,2.0,0.0,33.33333333333333,0.2266734559066388
sapucaia do sul,40,5683.84,1184.82,39,5,-9.502646308167142,40,3.95,7.0,12.82051282051282,17.5,0.20845414367751378
saquarema,47,4673.05,1115.44,45,7,-9.393674897119341,46,4.076086956521739,7.0,15.555555555555555,15.217391304347828,0.23869635462920363
sarandi,24,2241.32,401.89,22,0,-15.446660879629631,23,4.043478260869565,4.0,0.0,17.391304347826086,0.1793095140363714
sarapui,2,248.88,32.01,2,1,9.799074074074074,2,3.0,1.0,50.0,50.0,0.12861620057859208
sardoa,1,119.9,18.09,1,0,-12.279178240740741,1,5.0,0.0,0.0,0.0,0.15087572977481234
sarutaia,1,59.9,11.92,1,0,-9.323842592592593,1,5.0,0.0,0.0,0.0,0.1989983305509182
sarzedo,18,987.9300000000001,328.4,18,1,-12.801105324074074,18,4.666666666666667,1.0,5.555555555555555,5.555555555555555,0.33241221544036514
satiro dias,1,24.5,16.79,1,0,-10.163101851851852,1,2.0,1.0,0.0,100.0,0.6853061224489796
satuba,2,333.73,104.59,2,0,-15.70652199074074,2,5.0,0.0,0.0,0.0,0.3133970575015731
satubinha,2,138.79,91.18,2,0,-13.501539351851852,2,4.5,0.0,0.0,0.0,0.6569637581958355
saubara,1,179.9,48.7,1,0,-17.176967592592593,1,4.0,0.0,0.0,0.0,0.2707059477487493
saudade do iguacu,4,263.79,64.58,4,0,-18.337939814814817,4,4.5,0.0,0.0,0.0,0.24481595208309637
saudades,4,305.84,123.10999999999999,4,0,-10.498223379629628,4,4.0,1.0,0.0,25.0,0.4025307350248496
saude,2,119.4,50.58,2,1,-5.720688657407408,2,1.0,2.0,50.0,100.0,0.4236180904522613
schroeder,9,1168.69,180.53,9,0,-11.861689814814815,9,4.333333333333333,0.0,0.0,0.0,0.15447210124156105
seabra,6,982.5,165.76,6,0,-11.881273148148148,6,4.5,0.0,0.0,0.0,0.1687124681933842
seara,6,730.85,142.49,5,0,-19.045439814814817,6,3.3333333333333335,2.0,0.0,33.33333333333333,0.19496476705206267
sebastiao leal,1,24.99,50.9,1,0,-6.549467592592593,1,5.0,0.0,0.0,0.0,2.0368147258903564
seberi,2,130.39000000000001,39.28,2,0,-9.716128472222223,2,4.5,0.0,0.0,0.0,0.3012500958662474
sede alvorada,1,119.0,35.9,1,1,7.592974537037037,1,5.0,0.0,100.0,0.0,0.30168067226890755
segredo,1,29.939999999999998,30.2,1,0,-15.243391203703704,1,5.0,0.0,0.0,0.0,1.008684034736139
selbach,1,49.9,18.23,1,0,-12.209398148148148,1,4.0,0.0,0.0,0.0,0.3653306613226453
senador amaral,2,179.46,48.54,2,0,-4.769780092592593,2,2.0,2.0,0.0,100.0,0.27047810096957536
senador canedo,16,1375.57,414.72,16,2,-12.064228877314815,16,4.0,2.0,12.5,12.5,0.3014895643260612
senador cortes,1,298.0,102.66,1,0,-7.316273148148148,1,5.0,0.0,0.0,0.0,0.344496644295302
senador firmino,2,138.57,41.870000000000005,2,0,-21.104403935185186,2,4.5,0.0,0.0,0.0,0.30215775420365165
senador guiomard,2,409.98,137.11,2,0,-36.15035300925926,2,5.0,0.0,0.0,0.0,0.3344309478511147
senador jose porfirio,1,6.0,25.63,1,0,-22.733923611111113,1,4.0,0.0,0.0,0.0,4.2716666666666665
senador la rocque,1,90.0,34.43,1,0,-26.373136574074074,1,4.0,0.0,0.0,0.0,0.38255555555555554
senador modestino goncalves,2,119.32,33.85,2,0,-9.217118055555554,2,4.0,0.0,0.0,0.0,0.2836909151860543
senador pompeu,4,585.94,132.17000000000002,4,1,-14.758171296296297,4,4.0,0.0,25.0,0.0,0.2255691709048708
senador salgado filho,1,83.8,18.69,1,0,-27.01476851851852,1,5.0,0.0,0.0,0.0,0.22303102625298332
senges,5,487.39,158.11,5,3,-0.9376828703703705,5,2.8,2.0,60.0,40.0,0.3244014033935863
senhor do bonfim,19,2557.28,684.38,18,0,-12.259990997942388,19,4.157894736842105,3.0,0.0,15.789473684210526,0.26762028405180505
senhora de oliveira,2,116.9,53.040000000000006,2,1,1.3647569444444447,2,3.0,1.0,50.0,50.0,0.453721129170231
senhora dos remedios,1,29.99,14.52,1,0,-18.644814814814815,1,5.0,0.0,0.0,0.0,0.48416138712904305
sento se,1,53.99,22.09,1,0,-1.2351851851851852,1,5.0,0.0,0.0,0.0,0.40914984256343767
serafina correa,9,813.66,228.72000000000003,9,2,-9.226230709876543,9,4.222222222222222,1.0,22.22222222222222,11.11111111111111,0.2811002138485363
sericita,2,216.32,37.3,2,0,-16.65580439814815,2,4.5,0.0,0.0,0.0,0.17242973372781065
seringueiras,2,395.99,108.65,2,0,-13.59640625,2,3.5,0.0,0.0,0.0,0.2743756155458471
serio,1,22.9,16.79,1,0,-8.304236111111111,1,3.0,0.0,0.0,0.0,0.7331877729257642
seropedica,33,4391.15,865.2,33,2,-15.615765291806959,32,3.71875,6.0,6.0606060606060606,18.75,0.19703266797991417
serra,285,36357.33,6608.44,278,43,-7.9076714045430325,283,3.904593639575972,50.0,15.467625899280577,17.6678445229682,0.1817636223562071
serra azul,1,72.5,36.02,1,1,4.897731481481482,1,1.0,1.0,100.0,100.0,0.4968275862068966
serra azul de minas,2,344.99,43.019999999999996,2,0,-17.35855902777778,2,4.5,0.0,0.0,0.0,0.12469926664540999
serra bonita,1,169.99,62.83,1,0,-0.009363425925925926,1,3.0,0.0,0.0,0.0,0.36960997705747395
serra branca,1,84.9,57.36,1,0,-12.200046296296296,1,4.0,0.0,0.0,0.0,0.6756183745583039
serra de sao bento,2,236.9,91.25,2,0,-25.365590277777777,2,5.0,0.0,0.0,0.0,0.38518362178134236
serra do ramalho,4,317.09000000000003,89.63,4,1,-8.162181712962962,4,4.0,0.0,25.0,0.0,0.28266422782175404
serra do salitre,1,49.99,22.06,1,0,-21.22300925925926,1,5.0,0.0,0.0,0.0,0.44128825765153024
serra dos aimores,5,351.82,91.26,5,0,-15.387175925925925,5,3.6,1.0,0.0,20.0,0.2593940082996987
serra dos dourados,1,65.0,18.33,1,1,52.66902777777778,1,5.0,0.0,100.0,0.0,0.282
serra dourada,2,197.14,37.06,2,0,-12.798564814814814,2,5.0,0.0,0.0,0.0,0.18798823171350312
serra negra,14,3267.53,331.98,13,0,-14.62485933048433,14,4.285714285714286,1.0,0.0,7.142857142857142,0.10159967926843824
serra talhada,10,2053.18,572.77,10,0,-18.394083333333334,10,4.6,0.0,0.0,0.0,0.27896726054218335
serrana,13,917.9,197.37,13,1,-10.325694444444444,13,4.076923076923077,2.0,7.6923076923076925,15.384615384615385,0.21502342303083125
serrania,2,345.89,36.28,2,1,0.5968113425925927,2,5.0,0.0,50.0,0.0,0.10488883749168812
serranopolis,3,1002.88,207.39,3,0,-7.792685185185185,3,5.0,0.0,0.0,0.0,0.20679443203573705
serranopolis de minas,1,119.9,16.6,1,0,-12.984525462962964,1,5.0,0.0,0.0,0.0,0.13844870725604672
serranopolis do iguacu,2,274.89,30.84,2,0,-5.382239583333334,2,5.0,0.0,0.0,0.0,0.11219033067772564
serrinha,15,2039.1399999999999,442.46,14,1,-12.549562665343915,15,4.066666666666666,2.0,7.142857142857142,13.333333333333334,0.21698363035397275
serrita,2,428.9,54.82,2,1,-3.568668981481481,2,3.0,0.0,50.0,0.0,0.12781534157146188
serro,2,837.89,38.73,2,0,-17.396238425925926,1,5.0,0.0,0.0,0.0,0.04622325126209884
serrolandia,3,371.9,55.45,2,0,-8.587719907407408,3,3.3333333333333335,1.0,0.0,33.33333333333333,0.1490992202204894
sertania,4,343.29,136.63,4,1,-11.735280671296296,4,4.75,0.0,25.0,0.0,0.3980016895336304
sertanopolis,4,918.8,89.34,4,0,-14.028234953703704,4,4.0,1.0,0.0,25.0,0.09723552459730084
sertao,3,309.49,100.85999999999999,3,0,-9.008645833333334,3,4.0,0.0,0.0,0.0,0.325890981938027
sertao santana,1,20.9,18.23,1,0,-28.504965277777778,1,5.0,0.0,0.0,0.0,0.8722488038277513
sertaozinho,62,6884.13,1119.64,61,1,-12.428375455373407,62,4.225806451612903,7.0,1.639344262295082,11.29032258064516,0.16264074036951656
sete barras,5,229.69,72.83,4,0,-13.061730324074073,5,3.6,1.0,0.0,20.0,0.31707954199137967
sete de setembro,1,54.9,20.83,1,0,-37.425,1,5.0,0.0,0.0,0.0,0.37941712204007283
sete lagoas,128,17308.35,2930.97,126,5,-11.464872593327454,128,4.2734375,13.0,3.968253968253968,10.15625,0.16933849847039145
setubinha,3,265.89,62.879999999999995,3,0,-14.758329475308642,3,4.666666666666667,0.0,0.0,0.0,0.23648877355297304
severiano melo,1,120.0,70.83,1,1,4.597141203703703,1,4.0,0.0,100.0,0.0,0.5902499999999999
severinia,5,466.13,90.32000000000001,5,1,-12.482847222222222,5,4.0,1.0,20.0,20.0,0.1937656876836934
sideropolis,4,299.70000000000005,71.41,4,0,-16.968654513888886,3,4.666666666666667,0.0,0.0,0.0,0.23827160493827157
sidrolandia,11,1557.76,284.77,11,1,-12.727032828282828,11,4.090909090909091,1.0,9.090909090909092,9.090909090909092,0.18280736442070664
silva jardim,4,567.5899999999999,123.68,4,0,-19.042236689814814,4,5.0,0.0,0.0,0.0,0.2179037685653377
silvania,7,1208.79,164.36,7,1,-9.643416005291005,7,4.0,1.0,14.285714285714285,14.285714285714285,0.1359706814252269
silvano,1,99.99,17.95,1,0,-9.441747685185184,1,5.0,0.0,0.0,0.0,0.17951795179517951
silvanopolis,1,229.99,43.89,1,0,-8.967604166666666,1,5.0,0.0,0.0,0.0,0.19083438410365666
silveira carvalho,1,28.9,13.37,1,0,-2.545925925925926,1,5.0,0.0,0.0,0.0,0.4626297577854671
silveira martins,1,119.8,35.34,1,0,-13.28357638888889,1,5.0,0.0,0.0,0.0,0.294991652754591
silveiras,3,406.50000000000006,67.75,3,0,-16.31510802469136,3,5.0,0.0,0.0,0.0,0.16666666666666663
silvianopolis,3,132.5,54.26,3,0,-7.972156635802469,3,5.0,0.0,0.0,0.0,0.40950943396226414
simao dias,7,828.48,254.43,7,0,-16.733768187830687,7,4.714285714285714,0.0,0.0,0.0,0.3071045770567787
simao pereira,1,149.0,26.41,1,0,-15.075787037037037,1,4.0,0.0,0.0,0.0,0.17724832214765102
simoes filho,21,4671.48,551.59,21,1,-11.287995480599648,21,3.5714285714285716,5.0,4.761904761904762,23.809523809523807,0.11807607011054315
simolandia,2,138.99,30.74,2,0,-15.180480324074075,2,4.5,0.0,0.0,0.0,0.22116699043096624
simonesia,9,1295.88,253.99,8,0,-15.302175925925926,9,4.111111111111111,1.0,0.0,11.11111111111111,0.19599808624255333
simplicio mendes,1,16.6,34.15,1,0,-20.299953703703704,1,5.0,0.0,0.0,0.0,2.0572289156626504
sinimbu,2,81.78,30.33,2,0,-14.305214120370369,2,3.0,1.0,0.0,50.0,0.3708730741012472
sinop,46,6474.65,1577.77,43,6,-10.75399090223945,46,3.9782608695652173,6.0,13.953488372093023,13.043478260869565,0.2436842145907501
siqueira campos,9,1478.08,185.54,9,0,-19.90557098765432,9,4.666666666666667,0.0,0.0,0.0,0.12552771162589305
siriji,1,39.99,37.04,1,0,-24.302407407407408,1,5.0,0.0,0.0,0.0,0.9262315578894723
sirinhaem,5,571.88,148.35,5,0,-12.442805555555555,5,4.2,1.0,0.0,20.0,0.2594075680212632
sitio do quinto,2,97.89,33.76,2,0,-9.971828703703704,2,3.5,0.0,0.0,0.0,0.34487690264582693
sitio novo,2,174.89000000000001,54.39,2,0,-25.055011574074072,2,4.5,0.0,0.0,0.0,0.31099548287494994
sitio novo do tocantins,2,314.9,161.37,2,1,-2.8092534722222227,2,3.0,1.0,50.0,50.0,0.5124483963162909
sobradinho,9,1015.59,287.2,9,2,-12.931031378600823,9,4.222222222222222,1.0,22.22222222222222,11.11111111111111,0.2827912838842446
sobral,36,11368.84,1926.8899999999999,33,6,-9.850773007856342,36,3.7777777777777777,8.0,18.181818181818183,22.22222222222222,0.16948870773095584
sobralia,1,24.9,15.1,1,0,-14.311157407407407,1,4.0,0.0,0.0,0.0,0.606425702811245
socorro,19,2319.45,320.77,19,0,-15.363780458089668,19,4.684210526315789,0.0,0.0,0.0,0.1382957166569661
solanea,1,440.0,79.28999999999999,1,0,-13.510648148148148,1,4.0,0.0,0.0,0.0,0.18020454545454542
soledade,8,827.69,412.72,8,0,-11.154921875,8,4.875,0.0,0.0,0.0,0.4986407954669019
soledade de minas,6,309.94,84.84,5,0,-17.696875,6,3.9166666666666665,1.0,0.0,16.666666666666664,0.27373039943214816
solonopole,2,729.89,55.85,2,0,-7.499490740740741,2,4.5,0.0,0.0,0.0,0.07651837948183973
sombrio,11,1225.82,280.79,10,3,-6.812605324074075,11,3.090909090909091,4.0,30.0,36.36363636363637,0.22906299456690218
sonora,2,57.98,33.4,2,0,-11.56671875,2,5.0,0.0,0.0,0.0,0.5760607105898585
sooretama,5,317.35999999999996,138.99,5,1,-8.44145138888889,5,4.4,0.0,20.0,0.0,0.43795689437862373
sorocaba,633,76551.76,10597.08,609,25,-10.40783427978471,627,4.258373205741627,69.0,4.105090311986864,11.004784688995215,0.1384302594741127
sorriso,20,3342.75,666.28,20,0,-16.238302662037036,20,4.15,3.0,0.0,15.0,0.19932091840550445
sousa,7,1042.59,313.84000000000003,7,0,-16.39350198412698,7,4.285714285714286,0.0,0.0,0.0,0.30101957624761416
sucesso,3,352.9,133.02,3,0,-8.517700617283952,3,4.0,0.0,0.0,0.0,0.3769339756304903
sucupira do norte,2,319.9,84.30000000000001,2,0,-24.61769097222222,2,1.0,2.0,0.0,100.0,0.2635198499531104
sud mennucci,5,377.87,70.14,5,0,-14.101097222222222,5,4.6,0.0,0.0,0.0,0.18561939291290655
sulina,1,29.9,15.1,1,0,-14.179293981481482,1,4.0,0.0,0.0,0.0,0.5050167224080268
sumare,183,21487.920000000002,3130.86,177,22,-8.696390392864616,183,3.9234972677595628,35.0,12.429378531073446,19.12568306010929,0.14570326025041044
sume,3,248.89,115.5,3,0,-10.914760802469138,3,4.666666666666667,0.0,0.0,0.0,0.4640604283016594
sumidouro,10,1060.68,265.29,10,4,-4.654800925925926,10,3.8,2.0,40.0,20.0,0.25011313497001925
surubim,5,546.87,164.35,5,0,-14.365060185185182,5,4.8,0.0,0.0,0.0,0.30052846197450944
suzanapolis,1,76.9,12.04,1,0,-4.159467592592593,1,5.0,0.0,0.0,0.0,0.1565669700910273
suzano,234,25334.87,3733.87,230,12,-10.166876409017714,232,4.219827586206897,27.0,5.217391304347826,11.637931034482758,0.14738066546226605
tabapora,2,214.9,71.17,2,0,-15.655538194444444,2,5.0,0.0,0.0,0.0,0.331177291763611
tabapua,12,1322.96,212.25,12,0,-12.640534336419753,12,4.583333333333333,0.0,0.0,0.0,0.16043568966559835
tabatinga,5,389.69,97.41999999999999,5,1,-9.82904861111111,5,3.2,2.0,20.0,40.0,0.24999358464420435
tabira,5,986.88,192.01,5,1,-12.329935185185185,5,3.6,2.0,20.0,40.0,0.19456266212710766
taboao da serra,296,35733.3,4666.8,284,13,-10.480531347809077,293,4.044368600682594,42.0,4.577464788732395,14.334470989761092,0.1306008680978247
tabocas do brejo velho,3,139.88,60.08,3,0,-13.009336419753085,3,4.0,0.0,0.0,0.0,0.42951100943666
taboquinhas,1,289.0,14.27,1,0,-9.35832175925926,1,5.0,0.0,0.0,0.0,0.04937716262975778
tabuleiro,2,324.89,57.89,2,0,-9.348148148148148,2,5.0,0.0,0.0,0.0,0.17818338514574164
tabuleiro do norte,1,44.99,26.89,1,1,6.942673611111111,1,1.0,1.0,100.0,100.0,0.5976883751944877
tacaratu,2,204.89000000000001,58.76,2,1,3.030798611111111,2,3.0,1.0,50.0,50.0,0.28678803260286007
taciba,2,348.98,70.62,2,0,-8.313096064814815,2,5.0,0.0,0.0,0.0,0.20236116682904465
tacuru,1,120.0,50.71,1,0,-14.105138888888888,1,5.0,0.0,0.0,0.0,0.42258333333333337
taguai,10,707.34,166.22,10,0,-12.984443287037038,10,4.4,1.0,0.0,10.0,0.23499307263833516
taguatinga,7,784.89,244.0,7,0,-12.017872023809522,7,4.571428571428571,0.0,0.0,0.0,0.31087158710137724
taiacu,1,60.5,10.01,1,0,-7.292719907407408,1,5.0,0.0,0.0,0.0,0.16545454545454544
tailandia,4,2113.18,143.28,4,1,-9.31201099537037,4,3.75,1.0,25.0,25.0,0.06780302671802686
taio,15,5965.23,510.57,14,1,-11.52653191137566,15,4.166666666666667,2.0,7.142857142857142,13.333333333333334,0.08559099984409654
taiobeiras,13,2684.71,419.09000000000003,13,0,-14.123888888888889,13,4.615384615384615,0.0,0.0,0.0,0.15610252131515137
taiuva,5,881.54,128.59,5,0,-12.108523148148148,5,3.6,1.0,0.0,20.0,0.14586972797604195
tamandare,1,49.0,24.84,1,0,-20.614305555555557,1,5.0,0.0,0.0,0.0,0.506938775510204
tamarana,2,103.9,56.94,2,0,-12.782876157407408,2,1.0,2.0,0.0,100.0,0.5480269489894128
tambau,20,1513.43,310.06,19,1,-9.698573343079921,20,4.1,3.0,5.263157894736842,15.0,0.20487237599360392
tamboara,1,8.99,15.1,1,0,-13.516423611111112,1,5.0,0.0,0.0,0.0,1.6796440489432702
tanabi,11,1404.39,253.75,11,0,-10.999817971380471,10,4.3,1.0,0.0,10.0,0.18068342839239812
tangara,1,354.9,18.92,1,0,-15.097604166666667,1,5.0,0.0,0.0,0.0,0.053310791772330245
tangara da serra,24,3970.6,899.62,23,4,-14.63324577294686,24,4.166666666666667,2.0,17.391304347826086,8.333333333333332,0.22657029164358033
tangua,6,504.88,131.16,6,0,-9.24433449074074,6,3.8333333333333335,1.0,0.0,16.666666666666664,0.2597845032482966
tanhacu,4,528.78,81.02,4,0,-10.218787615740741,4,4.25,0.0,0.0,0.0,0.15322062105223344
tanque d'arca,2,578.0,33.54,2,0,-8.297112268518518,2,5.0,0.0,0.0,0.0,0.05802768166089965
tanque novo,3,329.59,117.80000000000001,3,1,-4.53366512345679,3,4.333333333333333,0.0,33.33333333333333,0.0,0.3574137564853303
taparuba,1,89.0,15.37,1,0,-14.227569444444445,1,5.0,0.0,0.0,0.0,0.17269662921348314
tapejara,11,1521.03,236.7,11,0,-16.768373316498316,11,4.7272727272727275,0.0,0.0,0.0,0.15561823238200428
tapera,1,61.8,17.27,1,0,-19.37931712962963,1,5.0,0.0,0.0,0.0,0.27944983818770225
taperuaba,1,55.49,26.93,1,0,-20.160081018518518,1,5.0,0.0,0.0,0.0,0.4853126689493602
tapes,6,797.3499999999999,136.91,6,0,-19.510574845679013,6,5.0,0.0,0.0,0.0,0.17170627704270397
tapinas,1,89.99,45.09,1,0,-12.448032407407407,1,2.0,1.0,0.0,100.0,0.5010556728525393
tapirai,2,108.65,31.880000000000003,2,1,-5.240167824074074,2,3.0,1.0,50.0,50.0,0.29341923607915327
tapiramuta,2,1298.99,177.91,2,0,-12.306898148148148,2,3.5,1.0,0.0,50.0,0.13696025373559456
tapiratiba,12,2601.2200000000003,234.06,12,1,-11.397767168209876,12,4.166666666666667,1.0,8.333333333333332,8.333333333333332,0.08998085513720484
tapurah,1,125.0,20.11,1,0,-18.21361111111111,1,5.0,0.0,0.0,0.0,0.16088
taquara,21,4427.54,527.37,21,0,-14.065418871252204,21,4.238095238095238,2.0,0.0,9.523809523809524,0.119111289790719
taquaracu de minas,2,358.0,34.66,2,1,-4.2948206018518515,2,3.0,1.0,50.0,50.0,0.09681564245810055
taquarana,1,146.99,43.44,1,0,-13.251354166666667,1,3.0,0.0,0.0,0.0,0.2955303081842302
taquari,11,1619.28,251.58,11,0,-19.856723484848484,11,4.454545454545454,1.0,0.0,9.090909090909092,0.15536534756187936
taquaritinga,33,4604.03,633.04,33,2,-13.551400462962963,33,4.484848484848484,1.0,6.0606060606060606,3.0303030303030303,0.13749693203562965
taquaritinga do norte,7,2129.9,332.0,6,0,-13.79617862654321,7,4.285714285714286,1.0,0.0,14.285714285714285,0.15587586271655945
taquarituba,16,2548.52,394.08,15,0,-11.844984567901236,16,4.0,2.0,0.0,12.5,0.1546309230455323
taquarivai,3,674.89,64.01,3,0,-16.404506172839508,3,5.0,0.0,0.0,0.0,0.09484508586584481
taquarucu do sul,1,70.0,23.29,1,0,-14.198599537037037,1,5.0,0.0,0.0,0.0,0.3327142857142857
tarabai,5,982.35,192.05,5,0,-7.527263888888889,5,4.6,0.0,0.0,0.0,0.19550058533109382
taruma,9,997.72,192.23,9,0,-13.3182896090535,9,4.222222222222222,1.0,0.0,11.11111111111111,0.19266928597201619
tarumirim,4,775.49,136.76,4,0,-16.959398148148146,4,4.75,0.0,0.0,0.0,0.17635301551277255
tatui,75,11331.03,1401.31,72,1,-13.059730581275721,75,4.293333333333333,9.0,1.3888888888888888,12.0,0.1236701341360847
taua,10,933.13,318.24,10,0,-11.475641203703704,10,4.7,0.0,0.0,0.0,0.34104572781927495
taubate,270,29724.56,5018.35,260,8,-12.000968438390315,267,4.108614232209738,37.0,3.076923076923077,13.857677902621724,0.16882840317905462
tavares,1,176.99,96.63,1,0,-12.334756944444445,1,3.0,0.0,0.0,0.0,0.5459630487598169
tecainda,1,149.99,15.14,1,0,-2.215752314814815,1,5.0,0.0,0.0,0.0,0.10094006267084472
teixeira,1,34.9,34.15,1,0,-14.492719907407407,1,4.0,0.0,0.0,0.0,0.9785100286532952
teixeira de freitas,29,3439.17,779.22,28,3,-15.120739087301587,29,4.103448275862069,4.0,10.714285714285714,13.793103448275861,0.2265721089681522
teixeira soares,2,545.69,112.23,1,0,-26.421747685185185,2,2.5,1.0,0.0,50.0,0.20566622074804375
teixeiras,7,483.58,124.07,6,1,-9.54153549382716,7,3.2857142857142856,3.0,16.666666666666664,42.857142857142854,0.25656561478969353
tejupa,3,335.18,47.22,3,0,-13.50653549382716,3,5.0,0.0,0.0,0.0,0.1408795274181037
telemaco borba,35,4693.49,764.72,34,0,-14.964381127450979,35,4.0,4.0,0.0,11.428571428571429,0.16293206121670656
telha,1,212.4,17.25,1,0,-13.313958333333334,1,5.0,0.0,0.0,0.0,0.08121468926553672
tenente ananias,1,229.9,44.02,1,0,-15.233912037037037,1,4.0,0.0,0.0,0.0,0.19147455415398
tenente portela,3,482.79,121.26,3,0,-14.929440586419753,3,4.666666666666667,0.0,0.0,0.0,0.25116510283974397
teodoro sampaio,13,1324.67,236.51999999999998,13,0,-11.327731481481482,13,4.538461538461538,0.0,0.0,0.0,0.17855012946620666
teofilandia,3,183.88,53.04,3,1,-3.85210262345679,3,4.333333333333333,0.0,33.33333333333333,0.0,0.2884489884707418
teofilo otoni,75,7744.23,1842.4,75,4,-11.793616820987655,75,4.24,6.0,5.333333333333334,8.0,0.23790615722931785
teolandia,4,167.8,92.97,4,0,-15.972337962962964,4,4.75,0.0,0.0,0.0,0.554052443384982
teotonio vilela,8,2168.68,430.7,7,1,-6.180072751322752,8,3.125,3.0,14.285714285714285,37.5,0.19860007008871758
terenos,1,62.89,22.37,1,0,-2.4253472222222223,1,4.0,0.0,0.0,0.0,0.35570042932103674
teresina,281,49967.43,10536.92,271,60,-7.860006107352739,277,3.844765342960289,56.0,22.14022140221402,20.216606498194945,0.2108757644729777
teresina de goias,1,79.0,17.8,1,0,-17.30142361111111,1,4.0,0.0,0.0,0.0,0.22531645569620254
teresopolis,120,17115.29,3151.07,119,17,-9.261489262371615,120,3.941666666666667,22.0,14.285714285714285,18.333333333333332,0.1841084784423752
terezinha,1,39.99,25.63,1,0,-2.6066666666666665,1,2.0,1.0,0.0,100.0,0.6409102275568892
termas de ibira,1,71.9,15.25,1,0,-15.30832175925926,1,5.0,0.0,0.0,0.0,0.2121001390820584
terra boa,4,683.79,89.63,4,0,-12.904898726851853,4,4.75,0.0,0.0,0.0,0.13107825501981601
terra de areia,5,1137.29,113.64,5,0,-13.442976851851853,5,4.6,0.0,0.0,0.0,0.09992174379445876
terra nova,1,209.99,57.94,1,0,-20.278703703703705,1,5.0,0.0,0.0,0.0,0.2759179008524215
terra nova do norte,3,408.8,90.55000000000001,3,0,-15.542314814814816,3,5.0,0.0,0.0,0.0,0.22150195694716246
terra rica,7,644.6700000000001,124.96000000000001,7,0,-13.483746693121693,7,4.285714285714286,0.0,0.0,0.0,0.19383560581382722
terra roxa,7,1026.95,127.14,5,0,-10.421175925925926,7,3.4285714285714284,2.0,0.0,28.57142857142857,0.12380349578849992
teutonia,14,1493.6000000000001,332.62,14,2,-8.30134837962963,14,4.571428571428571,0.0,14.285714285714285,0.0,0.22269683985002675
tiangua,9,2377.09,355.59,9,4,6.369320987654322,9,3.4444444444444446,2.0,44.44444444444444,22.22222222222222,0.1495904656533829
tibagi,4,293.77,92.30000000000001,4,0,-16.11252314814815,4,4.5,0.0,0.0,0.0,0.31419137420430954
tibau do sul,1,99.99,44.8,1,0,-9.681909722222223,1,4.0,0.0,0.0,0.0,0.44804480448044803
tiete,37,4142.82,728.91,35,5,-11.635285714285715,37,4.162162162162162,6.0,14.285714285714285,16.216216216216218,0.17594537054470144
tijucas,30,3504.74,639.43,30,2,-13.157682098765433,30,4.166666666666667,2.0,6.666666666666667,6.666666666666667,0.18244720007760917
timbauba,7,567.67,236.78,7,1,-15.338296957671957,7,3.857142857142857,1.0,14.285714285714285,14.285714285714285,0.41710853136505366
timbe do sul,3,212.79000000000002,50.129999999999995,3,0,-15.068325617283952,3,5.0,0.0,0.0,0.0,0.2355843789651769
timbo,20,3957.67,510.45,20,2,-8.84202662037037,19,3.9473684210526314,2.0,10.0,10.526315789473683,0.12897740337117547
timburi,5,343.3,47.56,3,0,-12.714510030864197,5,3.6,1.0,0.0,20.0,0.1385377221089426
timon,15,1802.69,439.94,11,2,-7.157562079124579,15,3.2666666666666666,6.0,18.181818181818183,40.0,0.24404639732843694
timoteo,54,7783.7699999999995,1257.35,52,1,-13.056667334401709,52,4.221153846153846,5.0,1.9230769230769231,9.615384615384617,0.16153483466238083
tiradentes,4,510.86,142.72,4,0,-8.257876157407408,4,4.0,0.0,0.0,0.0,0.27937203930626786
tiradentes do sul,1,46.86,20.84,1,0,-11.997268518518519,1,5.0,0.0,0.0,0.0,0.44472897994024757
tiros,3,175.89,42.769999999999996,3,0,-10.284255401234567,3,4.666666666666667,0.0,0.0,0.0,0.24316334072431633
tobias barreto,2,209.99,54.53,2,0,-12.240497685185185,2,4.5,0.0,0.0,0.0,0.2596790323348731
tocantinopolis,7,731.65,215.63,7,1,-11.546362433862432,7,4.428571428571429,1.0,14.285714285714285,14.285714285714285,0.2947174195311966
tocantins,6,681.38,97.11,6,0,-16.20826388888889,6,4.166666666666667,1.0,0.0,16.666666666666664,0.14251959259150548
tocos,2,338.9,42.57,2,0,-11.124542824074073,2,4.5,0.0,0.0,0.0,0.12561227500737682
tocos do moji,1,55.0,19.36,1,0,-7.200694444444444,1,5.0,0.0,0.0,0.0,0.352
toledo,71,10053.64,1635.02,70,7,-10.709096395502646,71,4.084507042253521,9.0,10.0,12.676056338028168,0.16262965453308453
tomar do geru,2,228.79000000000002,104.68,2,0,-26.37751736111111,2,4.5,0.0,0.0,0.0,0.4575374797849556
tomazina,3,348.8,62.510000000000005,3,0,-22.66593364197531,3,5.0,0.0,0.0,0.0,0.1792144495412844
tombos,5,387.69,91.42,4,0,-7.997037037037037,5,3.2,2.0,0.0,40.0,0.23580695916840774
tome-acu,1,24.99,25.63,1,0,-7.239976851851852,1,3.0,0.0,0.0,0.0,1.0256102440976391
toritama,5,1072.79,205.2,5,0,-12.028085648148148,5,4.8,0.0,0.0,0.0,0.19127695075457452
toropi,3,1529.9,153.07999999999998,3,0,-18.68670138888889,3,4.666666666666667,0.0,0.0,0.0,0.10005882737433817
torres,17,1416.23,417.09,17,1,-18.287977260348583,17,4.294117647058823,1.0,5.88235294117647,5.88235294117647,0.2945072481164782
torrinha,6,422.67,96.75,6,1,-14.655815972222221,6,4.0,1.0,16.666666666666664,16.666666666666664,0.2289019802682944
trabiju,1,259.99,19.92,1,0,-11.046631944444444,1,3.0,0.0,0.0,0.0,0.07661833147428748
tracuateua,1,13.98,25.63,1,0,-7.3230208333333335,1,4.0,0.0,0.0,0.0,1.8333333333333333
tracunhaem,2,677.99,55.71,1,0,-34.61390046296296,2,3.0,1.0,0.0,50.0,0.08216935353028806
traipu,1,42.99,20.8,1,0,-9.655856481481482,1,4.0,0.0,0.0,0.0,0.483833449639451
trairi,2,457.0,86.53,2,0,-14.811921296296296,1,5.0,0.0,0.0,0.0,0.18934354485776805
trajano de moraes,8,775.1800000000001,137.85999999999999,8,3,-0.14609375000000058,8,3.0,3.0,37.5,37.5,0.17784256559766762
tramandai,25,2703.52,586.4,25,1,-13.140944444444445,25,3.96,4.0,4.0,16.0,0.2169024087116056
trancoso,6,754.2,240.98999999999998,6,2,0.9228414351851851,6,4.166666666666667,1.0,33.33333333333333,16.666666666666664,0.3195306284805091
travessao,4,414.09000000000003,96.34,4,0,-18.72767071759259,4,4.25,0.0,0.0,0.0,0.23265473689294597
travesseiro,1,16.6,16.11,1,0,-21.23689814814815,1,4.0,0.0,0.0,0.0,0.9704819277108433
tremembe,38,4876.03,586.67,38,4,-10.18656524122807,38,4.2894736842105265,5.0,10.526315789473683,13.157894736842104,0.1203171432497339
tres arroios,3,170.27,66.53,3,0,-19.993560956790123,3,4.666666666666667,0.0,0.0,0.0,0.39073236624185115
tres barras,5,297.34000000000003,83.22,5,0,-15.201023148148147,5,5.0,0.0,0.0,0.0,0.279881617004103
tres cachoeiras,7,646.27,185.15,7,0,-15.358217592592592,7,4.857142857142857,0.0,0.0,0.0,0.2864901666486144
tres coracoes,43,4493.83,982.39,41,5,-10.070785060975611,43,3.7906976744186047,11.0,12.195121951219512,25.581395348837212,0.21860862560443986
tres coroas,6,774.37,136.11,6,0,-12.806159336419753,6,4.833333333333333,0.0,0.0,0.0,0.17576868938621074
tres de maio,12,1969.05,365.8,12,0,-19.470875771604938,12,3.9166666666666665,2.0,0.0,16.666666666666664,0.18577486605215715
tres forquilhas,1,82.8,15.33,1,0,-5.068182870370371,1,4.0,0.0,0.0,0.0,0.18514492753623188
tres fronteiras,5,350.39,74.86,5,0,-14.769386574074073,5,4.8,0.0,0.0,0.0,0.21364764976169412
tres irmaos,1,139.8,31.4,1,0,-15.705983796296296,1,5.0,0.0,0.0,0.0,0.22460658082975676
tres lagoas,42,7431.320000000001,1113.63,42,6,-5.416423886684304,42,3.7142857142857144,8.0,14.285714285714285,19.047619047619047,0.14985628394417141
tres marias,13,840.44,255.46,13,2,-7.025175391737893,13,4.076923076923077,1.0,15.384615384615385,7.6923076923076925,0.3039598305649422
tres passos,11,1270.21,233.51000000000002,11,1,-14.572134890572391,11,3.8181818181818183,2.0,9.090909090909092,18.181818181818183,0.18383574369592431
tres pontas,20,2293.71,378.12,19,1,-15.335557383040937,20,4.3,2.0,5.263157894736842,10.0,0.16485083118615693
tres rios,40,7227.52,856.97,38,3,-15.585482760721247,40,3.825,9.0,7.894736842105263,22.5,0.118570408660232
treviso,1,118.9,18.08,1,0,-9.468738425925926,1,5.0,0.0,0.0,0.0,0.15206055508830948
treze tilias,11,885.6600000000001,273.7,11,1,-13.040756523569025,11,3.6363636363636362,3.0,9.090909090909092,27.27272727272727,0.3090350698913804
trindade,28,7510.37,903.24,28,3,-11.980497685185185,28,4.142857142857143,2.0,10.714285714285714,7.142857142857142,0.12026571260803397
trindade do sul,4,3266.99,105.74000000000001,4,0,-24.662685185185182,4,5.0,0.0,0.0,0.0,0.03236618416340424
triunfo,14,2297.43,378.53000000000003,14,0,-14.891951058201057,14,4.142857142857143,1.0,0.0,7.142857142857142,0.16476236490339208
trombas,1,16.97,15.1,1,0,-10.154988425925925,1,5.0,0.0,0.0,0.0,0.8898055391868003
trombudo central,5,182.89,67.97,4,1,-6.6838975694444445,5,3.8,1.0,25.0,20.0,0.37164415769041503
tubarao,60,10606.130000000001,1519.64,60,5,-10.652697916666666,60,4.166666666666667,9.0,8.333333333333332,15.0,0.1432794054004618
tucano,8,748.69,220.89,8,1,-10.918546006944444,8,4.5,0.0,12.5,0.0,0.2950353283735591
tucuma,4,1150.25,212.74,3,1,-12.378904320987653,4,3.0,2.0,33.33333333333333,50.0,0.184951097587481
tucunduva,3,374.99,62.370000000000005,3,0,-9.75434799382716,3,5.0,0.0,0.0,0.0,0.16632443531827515
tucurui,17,5096.7,835.05,16,0,-21.86769603587963,16,4.375,1.0,0.0,6.25,0.1638413090823474
tuiuti,1,49.0,11.85,1,0,-13.171793981481482,1,5.0,0.0,0.0,0.0,0.24183673469387754
tumiritinga,1,459.0,21.31,1,0,-23.150150462962962,1,4.0,0.0,0.0,0.0,0.046427015250544656
tunapolis,1,315.39,28.29,1,0,-17.035011574074073,1,5.0,0.0,0.0,0.0,0.08969846856273185
tunas do parana,2,198.9,34.400000000000006,2,0,-20.342042824074074,2,3.5,1.0,0.0,50.0,0.1729512317747612
tupa,53,6483.03,1007.91,52,3,-11.746667111823362,53,4.339622641509434,5.0,5.769230769230769,9.433962264150944,0.15546897052766992
tupaciguara,13,1331.21,314.15,13,0,-14.01039797008547,13,4.384615384615385,0.0,0.0,0.0,0.235988311385882
tupancireta,4,378.77000000000004,90.74,4,1,-11.785856481481481,4,4.0,1.0,25.0,25.0,0.23956490746363224
tupandi,3,285.99,75.05,3,0,-23.55749614197531,3,5.0,0.0,0.0,0.0,0.26242176299870623
tuparece,1,13.5,18.23,1,0,-10.086238425925925,1,3.0,0.0,0.0,0.0,1.3503703703703704
tuparendi,2,183.49,107.63,2,0,-24.75888310185185,2,5.0,0.0,0.0,0.0,0.5865714752847566
tuparetama,3,309.8,127.89000000000001,3,0,-24.23672839506173,3,5.0,0.0,0.0,0.0,0.41281471917366047
tupassi,1,19.9,12.48,1,0,-7.385798611111111,1,5.0,0.0,0.0,0.0,0.6271356783919598
tupi paulista,6,459.40999999999997,117.79,6,0,-11.772094907407407,5,3.0,2.0,0.0,40.0,0.25639407065584124
turmalina,10,1257.69,255.59,9,0,-13.22633359053498,10,3.6,1.0,0.0,10.0,0.20322177961182802
tururu,1,189.0,26.6,1,1,1.9505092592592592,1,5.0,0.0,100.0,0.0,0.14074074074074075
turvania,2,83.7,33.65,2,0,-5.7369212962962965,2,5.0,0.0,0.0,0.0,0.4020310633213859
turvelandia,1,27.3,15.1,1,0,-6.23431712962963,1,5.0,0.0,0.0,0.0,0.553113553113553
turvo,6,306.99,94.22,6,0,-16.182206790123455,6,4.0,1.0,0.0,16.666666666666664,0.30691553470797095
turvolandia,2,143.9,32.19,2,0,-16.70855324074074,2,4.0,0.0,0.0,0.0,0.22369701181375953
tutoia,2,449.89,106.98,2,0,-16.217314814814813,2,4.5,0.0,0.0,0.0,0.23779146013469962
uaua,4,519.0,99.17999999999999,3,1,-14.027673611111112,4,3.25,1.0,33.33333333333333,25.0,0.19109826589595375
uba,53,6369.76,1364.24,53,9,-10.095223619846262,52,3.980769230769231,8.0,16.9811320754717,15.384615384615385,0.21417447439149984
ubai,1,43.5,18.23,1,0,-15.9803125,1,3.0,0.0,0.0,0.0,0.41908045977011493
ubaira,6,704.79,180.12,6,1,-9.844382716049383,6,3.6666666666666665,1.0,16.666666666666664,16.666666666666664,0.2555654875920487
ubaitaba,4,517.23,150.7,4,0,-13.221192129629628,4,4.25,0.0,0.0,0.0,0.29135974324768477
ubajara,3,1178.9,235.73,3,1,-8.491693672839508,3,2.6666666666666665,2.0,33.33333333333333,66.66666666666666,0.1999575875816439
ubaporanga,3,288.78000000000003,71.93,3,0,-14.349363425925924,3,5.0,0.0,0.0,0.0,0.24908234642288246
ubata,2,144.0,66.17999999999999,1,0,-27.209467592592592,2,2.5,1.0,0.0,50.0,0.4595833333333333
ubatuba,76,8900.83,1402.33,72,6,-8.70059783307613,74,3.9662162162162162,12.0,8.333333333333332,16.216216216216218,0.15755047562980082
uberaba,191,28688.24,4649.51,186,9,-13.356221687076863,191,4.439790575916231,13.0,4.838709677419355,6.806282722513089,0.16207024202251516
uberlandia,374,48551.97,8234.12,367,15,-12.880877705873448,372,4.266129032258065,37.0,4.087193460490464,9.946236559139784,0.16959394232613015
ubirajara,1,79.9,16.19,1,0,-13.122511574074075,1,5.0,0.0,0.0,0.0,0.20262828535669586
ubirata,7,582.1800000000001,169.25,7,0,-15.189328703703705,7,5.0,0.0,0.0,0.0,0.29071764746298395
uchoa,3,582.64,58.65,3,0,-9.383676697530865,3,4.333333333333333,0.0,0.0,0.0,0.1006625017163257
uibai,4,549.98,89.38,4,0,-18.664513888888887,4,4.5,0.0,0.0,0.0,0.16251500054547438
uirauna,1,199.9,85.46,1,0,-22.192222222222224,1,4.0,0.0,0.0,0.0,0.4275137568784392
ulianopolis,1,27.3,37.1,1,0,-7.387662037037037,1,4.0,0.0,0.0,0.0,1.358974358974359
umbauba,3,178.9,136.49,3,1,-1.5723109567901237,3,3.3333333333333335,1.0,33.33333333333333,33.33333333333333,0.7629401900503074
umburanas,1,99.9,23.85,1,0,-12.10954861111111,1,5.0,0.0,0.0,0.0,0.23873873873873874
umburatiba,1,109.99,24.71,1,0,-21.03326388888889,1,5.0,0.0,0.0,0.0,0.22465678698063463
umuarama,41,5770.52,832.49,40,3,-10.66992505787037,41,3.951219512195122,7.0,7.5,17.073170731707318,0.14426602801827218
una,5,488.78,121.56,4,1,-4.268692129629629,5,3.0,2.0,25.0,40.0,0.24870084700683337
unai,54,6825.39,1239.1200000000001,54,5,-10.687482853223594,54,4.092592592592593,6.0,9.25925925925926,11.11111111111111,0.18154566991776294
uniao,1,329.0,64.32,1,0,-14.318726851851851,1,5.0,0.0,0.0,0.0,0.19550151975683888
uniao da serra,1,18.5,15.1,1,0,-9.22556712962963,1,4.0,0.0,0.0,0.0,0.8162162162162162
uniao da vitoria,29,5081.929999999999,955.8199999999999,29,2,-13.100554757343549,29,4.103448275862069,5.0,6.896551724137931,17.24137931034483,0.18808208692366876
uniao de minas,3,87.09,41.620000000000005,3,0,-17.766037808641975,3,3.0,1.0,0.0,33.33333333333333,0.4778964289815134
uniao do oeste,1,24.99,15.1,1,0,-5.1329513888888885,1,5.0,0.0,0.0,0.0,0.6042416966786714
uniao do sul,1,220.7,28.5,1,0,-5.188391203703704,1,5.0,0.0,0.0,0.0,0.1291345718169461
uniao dos palmares,2,259.99,49.26,1,0,-0.3270138888888889,2,3.5,1.0,0.0,50.0,0.1894688257240663
unistalda,1,37.9,26.57,1,0,-5.3939814814814815,1,4.0,0.0,0.0,0.0,0.7010554089709763
upanema,3,1343.6,132.65,3,0,-17.869317129629632,3,4.666666666666667,0.0,0.0,0.0,0.09872729979160466
urai,3,283.9,50.49,3,0,-17.4916512345679,3,3.3333333333333335,1.0,0.0,33.33333333333333,0.17784431137724552
urandi,2,707.94,59.870000000000005,2,0,-19.290902777777777,2,3.0,1.0,0.0,50.0,0.08456931378365398
urania,4,885.72,94.57,4,0,-14.010026041666666,4,3.5,2.0,0.0,50.0,0.10677189179424648
urbano santos,5,501.79,202.2,5,1,-6.810219907407408,5,3.2,2.0,20.0,40.0,0.40295741246338107
uruacu,17,1750.02,557.25,17,0,-15.251919934640522,17,4.470588235294118,0.0,0.0,0.0,0.31842493228648816
uruana,4,1142.29,213.66000000000003,3,0,-15.266670524691358,4,4.0,1.0,0.0,25.0,0.1870453212406657
uruana de minas,1,17.9,15.1,1,0,-2.163576388888889,1,4.0,0.0,0.0,0.0,0.8435754189944135
uruara,6,962.4,236.73000000000002,6,0,-14.906099537037036,6,4.166666666666667,1.0,0.0,16.666666666666664,0.24597880299251873
urubici,3,305.69,72.89,3,0,-12.881300154320988,3,4.0,0.0,0.0,0.0,0.2384441754718833
uruburetama,1,58.99,28.81,1,0,-21.344872685185184,1,4.0,0.0,0.0,0.0,0.4883878623495507
urucania,1,149.0,51.33,1,0,-7.251631944444444,1,5.0,0.0,0.0,0.0,0.344496644295302
urucuca,2,195.9,61.370000000000005,2,0,-10.732123842592593,2,4.0,0.0,0.0,0.0,0.3132720775906075
urucui,4,638.97,181.29,4,0,-13.495277777777778,4,4.75,0.0,0.0,0.0,0.2837222404807737
urucuia,1,149.99,18.3,1,0,-12.254247685185184,1,3.0,0.0,0.0,0.0,0.1220081338755917
urucurituba,2,169.8,73.14,2,0,-26.882858796296297,2,3.5,0.0,0.0,0.0,0.43074204946996464
uruguaiana,48,4653.96,1058.64,47,0,-16.166238918439717,48,4.458333333333333,2.0,0.0,4.166666666666666,0.22747079906144446
uruoca,2,219.70000000000002,75.87,2,1,-2.327303240740741,2,3.0,1.0,50.0,50.0,0.345334547109695
urupa,3,253.57,149.64,3,0,-19.120925925925928,3,3.6666666666666665,0.0,0.0,0.0,0.5901329021571952
urupes,10,1150.14,163.13,10,0,-10.260303240740742,10,4.4,1.0,0.0,10.0,0.14183490705479332
urussanga,10,893.6800000000001,189.4,10,1,-12.948565972222221,10,4.3,0.0,10.0,0.0,0.21193268283949512
urutai,3,133.48000000000002,51.31,3,1,-7.307905092592592,3,3.3333333333333335,1.0,33.33333333333333,33.33333333333333,0.3844021576266107
utinga,5,463.78,122.67,3,0,-16.627380401234568,5,3.6,1.0,0.0,20.0,0.26450040967700206
vacaria,23,2540.07,476.36,21,0,-15.864006283068782,22,4.181818181818182,3.0,0.0,13.636363636363635,0.18753813871271263
valao do barro,1,67.1,19.44,1,1,11.895787037037037,1,4.0,0.0,100.0,0.0,0.2897168405365127
vale do sol,1,21.99,15.1,1,0,-19.307974537037037,1,5.0,0.0,0.0,0.0,0.6866757617098681
vale real,3,210.53,53.81,3,0,-10.338530092592592,3,4.333333333333333,0.0,0.0,0.0,0.25559302712202536
valenca,63,10314.05,1702.58,62,8,-9.673138254181602,63,3.9682539682539684,11.0,12.903225806451612,17.46031746031746,0.1650738555659513
valenca do piaui,4,1043.0,204.87,4,0,-17.411354166666666,4,5.0,0.0,0.0,0.0,0.19642377756471716
valente,9,3209.58,404.52,9,2,-12.761222993827161,9,4.777777777777778,0.0,22.22222222222222,0.0,0.12603518217336848
valentim gentil,3,372.03000000000003,46.84,3,0,-15.085964506172841,3,4.666666666666667,0.0,0.0,0.0,0.12590382496035266
valinhos,183,22546.55,3114.07,181,10,-10.745059596889707,183,4.202185792349726,23.0,5.524861878453039,12.568306010928962,0.1381173616362592
valparaiso,8,506.92,151.57,8,0,-12.700227141203705,8,4.0,1.0,0.0,12.5,0.29900181488203265
valparaiso de goias,37,5437.85,986.66,37,2,-11.600200825825826,37,4.108108108108108,4.0,5.405405405405405,10.81081081081081,0.1814430335518633
vanini,1,89.0,17.87,1,0,-5.472939814814815,1,5.0,0.0,0.0,0.0,0.2007865168539326
vargeao,1,499.9,20.75,1,0,-18.155844907407406,1,5.0,0.0,0.0,0.0,0.04150830166033207
vargem,2,78.8,22.700000000000003,2,0,-37.883790509259256,2,2.0,1.0,0.0,50.0,0.2880710659898478
vargem alegre,3,273.89,49.120000000000005,1,0,-12.345775462962964,2,3.0,1.0,0.0,50.0,0.17934207163459787
vargem alta,5,278.89,93.46000000000001,5,2,2.7069537037037037,5,4.2,1.0,40.0,20.0,0.33511420273226006
vargem bonita,5,710.59,115.68,5,0,-14.787717592592594,5,4.6,0.0,0.0,0.0,0.16279429769628057
vargem grande,1,79.9,57.11,1,0,-13.351655092592592,1,5.0,0.0,0.0,0.0,0.7147684605757196
vargem grande do rio pardo,1,270.0,95.98,1,1,4.64068287037037,1,5.0,0.0,100.0,0.0,0.3554814814814815
vargem grande do soturno,1,89.9,21.12,1,1,7.627048611111111,1,3.0,0.0,100.0,0.0,0.23492769744160177
vargem grande do sul,14,864.6,231.55,12,0,-13.582251157407407,14,3.7857142857142856,3.0,0.0,21.428571428571427,0.2678117048346056
vargem grande paulista,44,5833.55,762.39,43,2,-11.473944605943153,44,4.068181818181818,6.0,4.651162790697675,13.636363636363635,0.13069057435009557
varginha,89,14223.0,2103.88,88,3,-13.853169981060605,88,4.375,7.0,3.4090909090909087,7.954545454545454,0.14792097307178514
varjao de minas,2,105.8,26.1,2,0,-16.095364583333335,2,2.5,1.0,0.0,50.0,0.24669187145557658
varjota,4,748.97,152.21,4,0,-13.045376157407407,4,3.75,1.0,0.0,25.0,0.2032257633817109
varre-sai,4,918.9,116.47,4,1,-7.871414930555556,3,4.666666666666667,0.0,25.0,0.0,0.12674937425182284
varzea,1,98.99,51.19,1,0,-7.316134259259259,1,5.0,0.0,0.0,0.0,0.5171229417112839
varzea alegre,2,140.29,58.36,2,0,-4.362708333333333,2,2.5,1.0,0.0,50.0,0.4159954380212417
varzea da palma,11,2171.77,269.2,11,0,-13.41774095117845,11,4.454545454545454,0.0,0.0,0.0,0.12395419404448905
varzea do poco,1,56.99,16.84,1,0,-15.239733796296296,1,4.0,0.0,0.0,0.0,0.29549043691875765
varzea grande,42,7055.55,1154.2,38,4,-10.478086622807018,42,3.761904761904762,9.0,10.526315789473683,21.428571428571427,0.16358753038388218
varzea nova,1,86.0,22.53,1,0,-17.241215277777776,1,5.0,0.0,0.0,0.0,0.26197674418604655
varzea paulista,80,10780.18,1879.3,75,3,-12.159436419753087,80,3.6875,18.0,4.0,22.5,0.17432918559801414
varzedo,1,39.9,25.63,1,0,-19.24517361111111,1,5.0,0.0,0.0,0.0,0.6423558897243108
varzelandia,3,218.89000000000001,59.010000000000005,2,0,-8.116140046296296,3,4.333333333333333,0.0,0.0,0.0,0.26958746402302525
vassouras,37,4491.8,844.76,36,4,-12.218014081790123,35,4.114285714285714,6.0,11.11111111111111,17.142857142857142,0.1880671445745581
vazante,6,1549.63,230.67000000000002,6,0,-13.775904706790124,6,5.0,0.0,0.0,0.0,0.14885488794099236
venancio aires,26,2764.62,588.22,26,1,-10.641529558404558,26,4.384615384615385,1.0,3.8461538461538463,3.8461538461538463,0.2127670348908711
venda branca,1,117.3,17.53,1,0,-9.052442129629629,1,5.0,0.0,0.0,0.0,0.1494458653026428
venda nova do imigrante,15,2647.83,523.39,15,0,-11.760070987654322,15,4.2,0.0,0.0,0.0,0.19766752397246046
ventania,3,166.76999999999998,43.11,3,0,-20.33858796296296,3,4.666666666666667,0.0,0.0,0.0,0.2584997301672963
venturosa,2,1228.9,68.16,2,1,1.6514525462962961,2,5.0,0.0,50.0,0.0,0.055464236308894126
vera,3,262.79,73.45,3,0,-11.255447530864197,3,3.3333333333333335,1.0,0.0,33.33333333333333,0.27950074203736824
vera cruz,22,2915.66,427.84,21,5,-3.763740630511463,22,4.0,3.0,23.809523809523807,13.636363636363635,0.1467386457954631
vera cruz do oeste,3,431.56,56.78,3,0,-12.68361111111111,3,4.0,1.0,0.0,33.33333333333333,0.1315691908425248
veranopolis,18,2394.04,484.03999999999996,18,0,-16.703140432098767,18,3.888888888888889,3.0,0.0,16.666666666666664,0.20218542714407445
vere,3,598.39,219.82999999999998,3,1,-3.974548611111111,3,4.333333333333333,0.0,33.33333333333333,0.0,0.36736910710406256
vereda,2,309.4,47.25,2,0,-16.077725694444446,2,5.0,0.0,0.0,0.0,0.15271493212669685
verissimo,3,294.12,58.89,3,0,-10.63394675925926,3,4.666666666666667,0.0,0.0,0.0,0.20022439820481436
vermelho,1,98.0,18.79,1,0,-6.218981481481482,1,5.0,0.0,0.0,0.0,0.19173469387755102
vermelho novo,1,33.87,18.23,1,1,6.168923611111111,1,1.0,1.0,100.0,100.0,0.5382344257454975
vertentes,1,23.99,25.63,1,0,-14.339074074074073,1,5.0,0.0,0.0,0.0,1.0683618174239267
vespasiano,45,6172.59,936.12,41,3,-12.46320573622403,45,3.888888888888889,10.0,7.317073170731707,22.22222222222222,0.15165756999897936
vespasiano correa,1,144.99,18.26,1,0,-20.336840277777778,1,4.0,0.0,0.0,0.0,0.1259397199806883
viamao,73,6655.1,1536.83,70,8,-10.743004298941798,73,3.8493150684931505,16.0,11.428571428571429,21.91780821917808,0.2309251551441751
viana,26,3994.79,787.62,26,5,-9.258883992165241,26,4.269230769230769,3.0,19.230769230769234,11.538461538461538,0.19716180324873148
vianopolis,3,529.6700000000001,87.09,3,0,-16.39894675925926,3,4.333333333333333,0.0,0.0,0.0,0.16442313138369172
vicencia,2,268.0,57.480000000000004,2,0,-13.18818287037037,2,5.0,0.0,0.0,0.0,0.21447761194029852
vicente dutra,1,12.99,18.23,1,0,-7.54412037037037,1,5.0,0.0,0.0,0.0,1.403387220939184
vicentina,1,189.9,26.17,1,0,-7.21,1,3.0,0.0,0.0,0.0,0.13780937335439705
vicentinopolis,2,384.79999999999995,35.75,2,0,-17.37111689814815,2,5.0,0.0,0.0,0.0,0.09290540540540541
vicosa,91,16474.05,2318.3,89,2,-13.217551368081564,91,4.0,13.0,2.247191011235955,14.285714285714285,0.1407243513283012
vicosa do ceara,1,18.95,24.84,1,1,5.3748611111111115,1,5.0,0.0,100.0,0.0,1.3108179419525066
victor graeff,2,142.8,38.45,2,0,-3.6696122685185184,2,4.5,0.0,0.0,0.0,0.2692577030812325
videira,47,8107.6,1504.29,44,4,-10.860288825757577,46,3.891304347826087,9.0,9.090909090909092,19.565217391304348,0.18554072721890572
vieiras,1,325.0,20.15,1,0,-11.488356481481482,1,5.0,0.0,0.0,0.0,0.06199999999999999
vigia,3,248.79000000000002,103.86,2,0,-25.381765046296294,3,4.666666666666667,0.0,0.0,0.0,0.4174605088628964
vila bela da santissima trindade,1,29.99,16.79,1,0,-17.40974537037037,1,4.0,0.0,0.0,0.0,0.5598532844281428
vila dos cabanos,4,451.23,146.44,4,1,-13.905483217592593,4,3.5,1.0,25.0,25.0,0.32453515945305056
vila flor,1,99.73,38.25,1,0,-19.18457175925926,1,3.0,0.0,0.0,0.0,0.38353554597413014
vila flores,3,289.89,172.61,3,0,-18.703649691358024,3,4.333333333333333,0.0,0.0,0.0,0.5954327503535825
vila langaro,3,140.64,51.27,3,0,-14.525586419753088,3,4.333333333333333,0.0,0.0,0.0,0.3645477815699659
vila muriqui,7,731.76,124.69,7,0,-20.909080687830688,7,4.285714285714286,1.0,0.0,14.285714285714285,0.17039739805400678
vila nelita,2,119.9,48.08,2,2,9.203628472222222,2,4.5,0.0,100.0,0.0,0.40100083402835696
vila nova,2,85.47,31.72,2,1,1.4517476851851852,2,4.5,0.0,50.0,0.0,0.37112437112437113
vila nova do sul,1,84.99,16.35,1,1,0.4005787037037037,1,5.0,0.0,100.0,0.0,0.19237557359689378
vila pereira,1,92.8,16.41,1,1,1.5780902777777779,1,5.0,0.0,100.0,0.0,0.17683189655172415
vila reis,1,69.9,16.25,1,0,-0.3655671296296296,1,4.0,0.0,0.0,0.0,0.23247496423462086
vila rica,3,221.82,113.53999999999999,3,0,-11.593742283950618,3,3.6666666666666665,1.0,0.0,33.33333333333333,0.5118564601929492
vila valerio,8,1369.4,262.89,8,1,-8.518420138888889,8,4.5,1.0,12.5,12.5,0.19197458741054474
vila velha,334,48285.18,7897.46,326,50,-8.2516349267212,326,3.8987730061349692,61.0,15.337423312883436,18.711656441717793,0.16355867369656693
vilhena,18,2207.95,868.58,16,0,-20.776217447916668,18,3.888888888888889,4.0,0.0,22.22222222222222,0.3933875314205485
vinhedo,95,9152.87,1565.96,90,1,-10.649264531893005,95,4.105263157894737,11.0,1.1111111111111112,11.578947368421053,0.17108950525900618
viradouro,18,2081.54,399.41,18,1,-13.891572145061728,18,4.611111111111111,0.0,5.555555555555555,0.0,0.1918819720014989
virgem da lapa,3,737.9,126.53999999999999,3,1,-6.244672067901234,3,4.0,1.0,33.33333333333333,33.33333333333333,0.17148665130776528
virginia,1,35.9,18.23,1,0,-12.211967592592593,1,5.0,0.0,0.0,0.0,0.507799442896936
virginopolis,8,881.64,210.58,7,0,-14.24425925925926,8,3.875,1.0,0.0,12.5,0.23885032439544487
virgolandia,2,380.0,33.44,2,0,-25.826863425925925,2,5.0,0.0,0.0,0.0,0.088
visconde de maua,3,140.59,47.46,3,2,1.7652199074074073,3,3.3333333333333335,1.0,66.66666666666666,33.33333333333333,0.3375773525855324
visconde do rio branco,19,1557.3400000000001,395.32,18,0,-12.812713477366255,19,4.052631578947368,1.0,0.0,5.263157894736842,0.2538430914251223
viseu,1,301.0,39.02,1,0,-28.310902777777777,1,5.0,0.0,0.0,0.0,0.12963455149501663
vista alegre,1,22.0,15.1,1,0,-16.119305555555556,1,1.0,1.0,0.0,100.0,0.6863636363636364
vista alegre do alto,3,272.99,54.68,3,1,-2.9300347222222225,3,3.6666666666666665,1.0,33.33333333333333,33.33333333333333,0.2003003773031979
vitoria,380,53189.78,9532.64,374,43,-10.576565935086155,375,4.045333333333334,55.0,11.497326203208557,14.666666666666666,0.17921939139436185
vitoria da conquista,92,16497.2,3052.73,88,6,-11.300446654040405,92,3.967391304347826,15.0,6.8181818181818175,16.304347826086957,0.1850453410275683
vitoria das missoes,1,33.8,30.2,1,0,-21.30146990740741,1,5.0,0.0,0.0,0.0,0.893491124260355
vitoria de santo antao,15,2455.15,533.32,15,1,-14.674350308641976,14,4.0,3.0,6.666666666666667,21.428571428571427,0.21722501680141745
vitoria do jari,1,85.95,51.32,1,0,-7.2,1,4.0,0.0,0.0,0.0,0.5970913321698662
vitoria do mearim,2,78.9,85.1,1,0,-0.03642361111111111,2,3.0,1.0,0.0,50.0,1.0785804816223066
vitorino,1,49.0,18.23,1,0,-20.533136574074074,1,5.0,0.0,0.0,0.0,0.37204081632653063
vitorino freire,3,1588.0,156.37,3,0,-19.138973765432098,3,5.0,0.0,0.0,0.0,0.09846977329974811
vitorinos,1,89.99,15.38,1,0,-7.590115740740741,1,3.0,0.0,0.0,0.0,0.17090787865318371
volta grande,4,308.38,71.58,4,1,-8.166218171296297,3,3.0,1.0,25.0,33.33333333333333,0.23211622024774628
volta redonda,232,33354.0,5291.95,227,41,-7.32260233113069,229,3.8820960698689957,46.0,18.06167400881057,20.087336244541483,0.15866013071895424
votorantim,85,10901.220000000001,1343.93,84,5,-8.986364500661375,85,4.294117647058823,6.0,5.952380952380952,7.0588235294117645,0.1232825316799404
votuporanga,63,8372.9,1367.29,63,1,-12.445152667548502,63,4.603174603174603,2.0,1.5873015873015872,3.1746031746031744,0.16329945419149877
wagner,1,119.9,27.79,1,0,-11.206944444444444,1,4.0,0.0,0.0,0.0,0.2317764804003336
wanderley,2,288.98,44.129999999999995,2,1,-10.31089699074074,2,4.0,0.0,50.0,0.0,0.15270953007128518
wenceslau braz,2,188.0,62.510000000000005,2,0,-20.657673611111115,2,5.0,0.0,0.0,0.0,0.3325
wenceslau guimaraes,2,110.0,27.5,1,0,-17.216261574074075,2,4.0,0.0,0.0,0.0,0.25
werneck,2,403.89,41.72,2,1,3.582893518518519,2,3.0,1.0,50.0,50.0,0.1032954517319072
witmarsum,3,147.79,82.56,3,0,-13.195378086419753,3,5.0,0.0,0.0,0.0,0.5586304892076596
xambioa,3,333.67999999999995,96.08,3,0,-16.62471450617284,3,3.6666666666666665,1.0,0.0,33.33333333333333,0.2879405418364901
xambre,2,511.0,36.739999999999995,2,0,-5.119450231481482,2,4.5,0.0,0.0,0.0,0.0718982387475538
xangri-la,8,1013.58,179.29000000000002,8,1,-13.510423900462962,8,4.375,1.0,12.5,12.5,0.1768878628228655
xanxere,29,4175.87,730.62,29,0,-13.394466794380588,29,4.413793103448276,1.0,0.0,3.4482758620689653,0.174962343176392
xapuri,2,288.93,156.96,2,0,-24.30980324074074,2,5.0,0.0,0.0,0.0,0.5432457688713529
xavantina,2,176.02,41.69,2,0,-16.26486689814815,2,4.0,0.0,0.0,0.0,0.2368480854448358
xaxim,10,1718.58,209.67,10,2,-7.945640046296296,10,4.3,1.0,20.0,10.0,0.12200188527738016
xexeu,1,87.5,38.66,1,0,-40.58184027777778,1,5.0,0.0,0.0,0.0,0.4418285714285714
xinguara,9,1282.22,326.29,9,2,-8.629821244855966,9,3.6666666666666665,2.0,22.22222222222222,22.22222222222222,0.25447271139118094
xique-xique,3,179.79000000000002,50.769999999999996,3,0,-15.642168209876544,3,4.0,1.0,0.0,33.33333333333333,0.28238500472773786
zacarias,2,198.8,31.05,2,1,-4.727378472222222,2,4.0,0.0,50.0,0.0,0.1561871227364185
ze doca,5,688.5999999999999,190.32,5,2,-3.615324074074075,5,2.6,2.0,40.0,40.0,0.2763868719140285
zortea,2,99.80000000000001,37.769999999999996,2,0,-15.496608796296297,2,4.0,0.0,0.0,0.0,0.37845691382765523
