seller_id,total_orders,total_items,total_revenue,total_freight,freight_ratio,delivery_orders,late_orders,avg_delivery_delay_days,late_delivery_rate,reviewed_orders,avg_review_score,negative_reviews,negative_review_rate,reliable_review_volume,seller_segment
0015a82c2db000af6aaaf3ae2ecb0532,3,3,2685.0,63.06,0.023486033519553074,3.0,0.0,-15.593379629629629,0.0,3.0,3.6666666666666665,1.0,33.33333333333333,False,Insufficient Review Volume
001cca7ae9ae17fb1caed9dfb1094831,200,239,25080.03,8854.14,0.35303546287624055,195.0,13.0,-12.225614078822412,6.666666666666667,197.0,3.984771573604061,32.0,16.243654822335024,True,High Revenue + Lower Experience
001e6ad469a905060d959994f1b41e4f,1,1,250.0,17.94,0.07176,,,,,1.0,1.0,1.0,100.0,False,Insufficient Review Volume
002100f778ceb8431b7a1020ff7ab48f,51,55,1234.5,793.66,0.6428999594977723,50.0,9.0,-7.389838425925927,18.0,51.0,3.9038461538461537,8.0,15.686274509803921,True,High Revenue + Lower Experience
003554e2dce176b5555353e4f3555ac8,1,1,120.0,19.38,0.1615,1.0,0.0,-26.06679398148148,0.0,1.0,5.0,0.0,0.0,False,Insufficient Review Volume
004c9cd9d87a3c30c522c48c4fc07416,158,170,19712.71,3551.23,0.1801492539584867,156.0,13.0,-11.063156531932574,8.333333333333332,155.0,4.136645962732919,22.0,14.193548387096774,True,High Revenue + Lower Experience
00720abe85ba0859807595bbf045a33b,13,26,1007.5,315.98,0.31362779156327547,13.0,2.0,-7.076196581196582,15.384615384615385,13.0,3.6153846153846154,3.0,23.076923076923077,False,Insufficient Review Volume
00ab3eff1b5192e5f1a63bcecfee11c8,1,1,98.0,12.08,0.12326530612244899,1.0,0.0,-9.461099537037038,0.0,1.0,5.0,0.0,0.0,False,Insufficient Review Volume
00d8b143d12632bad99c0ad66ad52825,1,1,86.0,51.1,0.5941860465116279,1.0,0.0,-21.296087962962964,0.0,1.0,5.0,0.0,0.0,False,Insufficient Review Volume
00ee68308b45bc5e2660cd833c3f81cc,135,172,20260.0,3180.66,0.15699210266535044,135.0,12.0,-10.066531121399178,8.88888888888889,134.0,4.303703703703704,15.0,11.194029850746269,True,High Revenue + High Experience
00fc707aaaad2d31347cf883cd2dfe10,103,135,12684.9,2285.09,0.18014253167151498,103.0,5.0,-14.833631000539373,4.854368932038835,102.0,4.047169811320755,17.0,16.666666666666664,True,High Revenue + Lower Experience
010543a62bd80aa422851e79a3bc7540,2,2,1416.0,31.950000000000003,0.0225635593220339,2.0,0.0,-7.753888888888889,0.0,2.0,4.5,0.0,0.0,False,Insufficient Review Volume
010da0602d7774602cd1b3f5fb7b709e,1,5,849.5,230.25,0.27104178928781636,1.0,0.0,-9.109456018518518,0.0,1.0,1.0,1.0,100.0,False,Insufficient Review Volume
011b0eaba87386a2ae96a7d32bb531d1,1,2,99.98,29.18,0.29185837167433487,1.0,0.0,-29.522291666666668,0.0,1.0,4.0,0.0,0.0,False,Insufficient Review Volume
01266d4c46afa519678d16a8b683d325,3,3,90.25,47.230000000000004,0.5233240997229918,3.0,0.0,-8.601331018518518,0.0,3.0,5.0,0.0,0.0,False,Insufficient Review Volume
013900e863eace745d3ec7614cab5b1a,23,26,1619.7,469.67,0.2899734518738038,23.0,0.0,-14.726748691626408,0.0,23.0,4.695652173913044,1.0,4.3478260869565215,False,Insufficient Review Volume
014c0679dd340a0e338872e7ec85666a,14,15,7058.0,628.3100000000001,0.0890209691130632,14.0,2.0,-10.454716435185185,14.285714285714285,14.0,3.857142857142857,2.0,14.285714285714285,False,Insufficient Review Volume
014d9a685fd57276679edd00e07089e5,11,12,729.88,146.93,0.20130706417493288,11.0,0.0,-12.253013468013467,0.0,11.0,3.727272727272727,2.0,18.181818181818183,False,Insufficient Review Volume
0176f73cc1195f367f7b32db1e5b3aa8,38,39,4733.1,1287.01,0.27191692548224206,37.0,4.0,-8.273140015015015,10.81081081081081,38.0,4.078947368421052,6.0,15.789473684210526,True,High Revenue + Lower Experience
01bcc9d254a0143f0ce9791b960b2a47,11,11,1521.21,277.65999999999997,0.1825257525259497,10.0,0.0,-17.622724537037037,0.0,10.0,4.4,0.0,0.0,False,Insufficient Review Volume
01c97ebb5cdac52891c0ed1c37ba0012,9,12,577.5,178.5,0.3090909090909091,9.0,0.0,-7.471925154320989,0.0,9.0,4.222222222222222,1.0,11.11111111111111,False,Insufficient Review Volume
01cf7e3d21494c41fb86034f2e714fa1,61,67,9729.36,2008.82,0.20646990141180918,59.0,3.0,-14.493196406151915,5.084745762711865,60.0,4.15,7.0,11.666666666666666,True,High Revenue + Lower Experience
01ed254b9ff8407dfb9d99ba1e17d923,5,5,1465.99,67.72,0.046194039522779826,5.0,0.0,-16.234027777777776,0.0,5.0,5.0,0.0,0.0,False,Insufficient Review Volume
01fd077212124329bac32490e8ef80d9,31,39,1208.0,575.36,0.4762913907284768,31.0,1.0,-10.51898222819594,3.225806451612903,31.0,4.161290322580645,5.0,16.129032258064516,True,High Revenue + High Experience
01fdefa7697d26ad920e9e0346d4bd1b,129,131,14921.43,2768.64,0.1855478998996745,128.0,8.0,-13.005218460648148,6.25,128.0,4.3515625,8.0,6.25,True,High Revenue + High Experience
0241d4d5d36f10f80c644447315af0bd,238,246,31397.7,6853.91,0.2182933781773824,238.0,14.0,-12.289720374260815,5.88235294117647,237.0,4.334728033472803,26.0,10.970464135021098,True,High Revenue + High Experience
0249d282d911d23cb8b869ab49c99f53,11,11,393.0,138.88,0.35338422391857505,11.0,2.0,-7.532287457912459,18.181818181818183,11.0,4.2727272727272725,2.0,18.181818181818183,False,Insufficient Review Volume
024b564ae893ce8e9bfa02c10a401ece,2,8,706.4000000000001,212.0,0.3001132502831257,2.0,0.0,-36.505017361111115,0.0,2.0,4.5,0.0,0.0,False,Insufficient Review Volume
028872bfa080090a9d0abd4f1af168f8,1,3,70.5,47.37,0.6719148936170213,1.0,0.0,-14.136261574074075,0.0,1.0,5.0,0.0,0.0,False,Insufficient Review Volume
02a2272692e13558373c66db98f05e2e,2,2,54.98,38.870000000000005,0.706984357948345,,,,,2.0,3.0,1.0,50.0,False,Insufficient Review Volume
02b72cdeb9cfcc429f1af6f4e3f3b737,4,4,522.65,225.99,0.43239261456041334,4.0,0.0,-8.285228587962962,0.0,4.0,4.75,0.0,0.0,False,Insufficient Review Volume
02c988090b766852e088c69d7fb3b551,13,17,1618.65,218.3,0.1348654743150156,12.0,0.0,-10.409305555555555,0.0,12.0,4.583333333333333,1.0,8.333333333333332,False,Insufficient Review Volume
02d35243ea2e497335cd0f076b45675d,14,16,5794.0,605.95,0.10458232654470143,14.0,5.0,-5.428723544973545,35.714285714285715,14.0,2.642857142857143,6.0,42.857142857142854,False,Insufficient Review Volume
02dcd3e8e25bee036e32512bcf175493,14,17,1491.9,312.17,0.20924324686641196,13.0,4.0,-5.60326834045584,30.76923076923077,14.0,3.6666666666666665,5.0,35.714285714285715,False,Insufficient Review Volume
02ecc2a19303f05e59ce133fd923fff7,21,24,5264.19,478.21,0.09084208586696149,21.0,0.0,-14.193614969135803,0.0,21.0,4.619047619047619,1.0,4.761904761904762,False,Insufficient Review Volume
02f5837340d7eb4f653d676c7256523a,30,30,3883.05,580.83,0.14958087070730483,30.0,1.0,-16.664940972222222,3.3333333333333335,30.0,4.833333333333333,1.0,3.3333333333333335,True,High Revenue + High Experience
02f623a8eb246f3c5f7c2f96462654e6,44,44,6378.0,829.63,0.13007682659140796,44.0,4.0,-9.968340961700337,9.090909090909092,43.0,4.558139534883721,2.0,4.651162790697675,True,High Revenue + High Experience
0307f7565ff85b299b6e5ef162b1b1a9,7,7,4728.8,274.77,0.05810565048215192,6.0,0.0,-16.086398533950618,0.0,7.0,3.142857142857143,3.0,42.857142857142854,False,Insufficient Review Volume
0336182e1b3e92f029d5354832045fdf,1,2,29.8,17.57,0.5895973154362416,1.0,0.0,-41.140590277777775,0.0,1.0,2.0,1.0,100.0,False,Insufficient Review Volume
034b9387752bfa309f350a70cd45ffa3,8,8,96.0,144.26,1.5027083333333333,8.0,0.0,-14.651976273148147,0.0,8.0,4.5,0.0,0.0,False,Insufficient Review Volume
038b75b729c8a9a04b0d07cba7eabe86,2,2,467.0,90.85,0.19453961456102783,2.0,1.0,-0.8001678240740739,50.0,2.0,3.5,0.0,0.0,False,Insufficient Review Volume
039b29ff3b3473435d0cd59040575de9,9,9,114.9,100.65,0.8759791122715405,9.0,0.0,-9.961698816872428,0.0,9.0,4.444444444444445,0.0,0.0,False,Insufficient Review Volume
039e6ad9dae79614493083e241147386,5,5,12925.0,348.42,0.026957059961315283,5.0,1.0,-11.414537037037038,20.0,5.0,4.0,1.0,20.0,False,Insufficient Review Volume
03a2a6dcbe45d639c4dc2a0d24769c40,9,9,1078.41,172.25,0.15972589274951085,9.0,1.0,-11.9935558127572,11.11111111111111,9.0,4.111111111111111,1.0,11.11111111111111,False,Insufficient Review Volume
03bd479e1d9484cdb14104d3023f7321,3,3,359.70000000000005,57.72,0.1604670558798999,3.0,1.0,-4.887588734567902,33.33333333333333,3.0,4.333333333333333,0.0,0.0,False,Insufficient Review Volume
0417b067eeab773d2f7061a726dc477f,13,13,1859.18,642.57,0.3456201120924279,13.0,4.0,-3.193831018518518,30.76923076923077,13.0,3.923076923076923,3.0,23.076923076923077,False,Insufficient Review Volume
042573af89b6d931f672efaf789d8358,3,3,413.48,65.09,0.15741994776047208,3.0,1.0,-0.38885030864197506,33.33333333333333,3.0,3.6666666666666665,1.0,33.33333333333333,False,Insufficient Review Volume
04308b1ee57b6625f47df1d56f00eedf,94,94,60130.6,3054.39,0.0507959341832611,92.0,11.0,-10.881928844605476,11.956521739130435,94.0,3.882978723404255,20.0,21.27659574468085,True,High Revenue + Lower Experience
0432ead42b6c8a0bdf68154add917fdf,85,90,7792.1,1207.52,0.15496721037974356,82.0,3.0,-12.485699525745257,3.6585365853658534,85.0,4.458823529411765,8.0,9.411764705882353,True,High Revenue + High Experience
044668ccd5316b12a7cf0d54a156e3e9,3,4,137.8,53.55,0.3886066763425253,3.0,0.0,-29.760408950617286,0.0,3.0,5.0,0.0,0.0,False,Insufficient Review Volume
04843805947f0fc584fc1969b6e50fe7,1,2,1400.0,74.76,0.0534,1.0,1.0,0.6587615740740741,100.0,1.0,5.0,0.0,0.0,False,Insufficient Review Volume
048c2757535328e0d7dac690ad3c0aae,51,51,9264.78,1286.28,0.13883546074488545,50.0,7.0,-9.286541203703704,14.000000000000002,50.0,4.18,8.0,16.0,True,High Revenue + High Experience
04aa0a1c5ce6b222003403a3e11c3cc0,11,17,5518.0,821.51,0.14887821674519752,11.0,2.0,-11.009306607744108,18.181818181818183,11.0,4.090909090909091,2.0,18.181818181818183,False,Insufficient Review Volume
04aba03279157f6d4e0fe8ccaf21963c,16,16,2575.9,346.43,0.13448891649520556,15.0,1.0,-13.255569444444443,6.666666666666667,16.0,4.3125,2.0,12.5,False,Insufficient Review Volume
04e38a233f726ef161074ab1c9b0399a,23,28,1352.2,459.07,0.33949859488241385,19.0,3.0,-4.9486580165692,15.789473684210526,23.0,3.652173913043478,5.0,21.73913043478261,False,Insufficient Review Volume
04ee0ec01589969663ba5967c0e0bdc0,1,1,289.49,24.83,0.08577152924107913,1.0,0.0,-12.453877314814815,0.0,1.0,5.0,0.0,0.0,False,Insufficient Review Volume
04fdea0c111866e6cf812f1570d6b5bd,10,10,1055.0,206.95,0.19616113744075828,8.0,1.0,-9.533265335648148,12.5,10.0,3.2,3.0,30.0,False,Insufficient Review Volume
0509040ea3fe50071181bbc359eb7738,89,98,3737.95,1445.1499999999999,0.38661565831538675,87.0,6.0,-9.959831976372925,6.896551724137931,87.0,4.482758620689655,1.0,1.1494252873563218,True,High Revenue + High Experience
052577151711aec5c744fe12e66db3e1,4,4,2748.0,222.42,0.08093886462882095,1.0,0.0,-11.191400462962964,0.0,4.0,2.25,3.0,75.0,False,Insufficient Review Volume
054694fa03fe82cec4b7551487331d74,21,22,9983.1,720.65,0.07218699602327934,20.0,6.0,-0.30947627314814785,30.0,21.0,3.4761904761904763,6.0,28.57142857142857,False,Insufficient Review Volume
056b4ada5bbc2c50cc7842547dda6b51,65,66,12333.390000000001,1306.02,0.10589302697798414,64.0,7.0,-11.708633355034722,10.9375,64.0,4.171875,9.0,14.0625,True,High Revenue + High Experience
0570350b23eda5444f8d1d9544932058,6,11,626.9,124.86,0.19917052161429255,6.0,0.0,-13.94592785493827,0.0,6.0,5.0,0.0,0.0,False,Insufficient Review Volume
05730013efda596306417c3b09302475,4,4,952.0,216.67,0.22759453781512604,4.0,0.0,-10.727526041666668,0.0,4.0,5.0,0.0,0.0,False,Insufficient Review Volume
058cb5aeb36d7c0fcae20fc85d5e0a59,12,13,1328.0,779.42,0.5869126506024096,11.0,1.0,-10.312072811447813,9.090909090909092,12.0,3.5833333333333335,3.0,25.0,False,Insufficient Review Volume
058fd0aa2bfdb2274e05e1ae971dabb6,61,64,7667.9,887.9,0.11579441568095568,60.0,4.0,-11.245855516975308,6.666666666666667,61.0,4.387096774193548,6.0,9.836065573770492,True,High Revenue + High Experience
05a48cc8859962767935ab9087417fbb,1,1,42.9,16.49,0.38438228438228433,1.0,0.0,-17.21957175925926,0.0,1.0,5.0,0.0,0.0,False,Insufficient Review Volume
05a940b4ecae36cadfd8e93bd9c43257,10,10,952.0,196.94,0.20686974789915966,9.0,0.0,-14.193740997942387,0.0,10.0,3.9,2.0,20.0,False,Insufficient Review Volume
05aebce0b5c8f0d41b29b686f2d05fd3,2,2,74.99000000000001,45.89,0.611948259767969,2.0,1.0,-1.8186689814814816,50.0,2.0,5.0,0.0,0.0,False,Insufficient Review Volume
05ca864204d09595ae591b93ea9cf93d,1,1,179.9,8.52,0.04735964424680378,1.0,1.0,0.5562615740740741,100.0,1.0,5.0,0.0,0.0,False,Insufficient Review Volume
05d2173d43ea568aa0540eba70d2ca76,62,66,5759.66,1679.27,0.291557140525656,62.0,4.0,-10.928309251792117,6.451612903225806,60.0,4.183333333333334,7.0,11.666666666666666,True,High Revenue + High Experience
05e107217c7266362fd44b75b2cd4cc4,5,8,193.38,82.00999999999999,0.42408728927500255,5.0,2.0,-5.2043333333333335,40.0,5.0,4.2,0.0,0.0,False,Insufficient Review Volume
05f51e13da97139648b8125c31e5f51b,60,63,13769.01,2019.29,0.14665469775967915,57.0,9.0,-9.064117730669265,15.789473684210526,60.0,4.066666666666666,11.0,18.333333333333332,True,High Revenue + Lower Experience
05feb94f19d094d4b0f9281f0b1d4c99,6,6,9353.0,697.04,0.07452582059232331,6.0,0.0,-12.475007716049383,0.0,6.0,4.5,0.0,0.0,False,Insufficient Review Volume
05ff92fedb5be47920fea08e501238b9,59,62,21992.78,1815.39,0.08254481698084554,57.0,3.0,-17.09200881254061,5.263157894736842,59.0,4.19672131147541,4.0,6.779661016949152,True,High Revenue + High Experience
062c325cd6a2b87845fab56b4ec2eeae,2,2,133.22,23.86,0.17910223690136615,2.0,0.0,-8.809195601851851,0.0,2.0,5.0,0.0,0.0,False,Insufficient Review Volume
062ce95fa2ad4dfaedfc79260130565f,55,60,7521.0,1200.44,0.15961175375614944,54.0,2.0,-12.55610853909465,3.7037037037037033,55.0,4.036363636363636,6.0,10.909090909090908,True,High Revenue + Lower Experience
06532f10282704ef4c69168b914b77be,8,9,10220.5,698.24,0.0683175969864488,7.0,0.0,-12.23813988095238,0.0,8.0,4.25,1.0,12.5,False,Insufficient Review Volume
06579cb253ecd5a3a12a9e6eb6bf8f47,62,72,4727.2,1499.41,0.3171877644271451,61.0,8.0,-9.162210458409229,13.114754098360656,62.0,4.080645161290323,10.0,16.129032258064516,True,High Revenue + Lower Experience
066a6914e1ebf3ea95a216c73a986b91,68,74,9410.380000000001,1705.57,0.18124347794669288,66.0,2.0,-16.52405636223345,3.0303030303030303,67.0,4.08955223880597,8.0,11.940298507462686,True,High Revenue + Lower Experience
0691148aee60ca47977c187804f935ae,47,53,5868.51,1490.94,0.25405767392404544,47.0,1.0,-13.12783146178093,2.127659574468085,47.0,4.1875,7.0,14.893617021276595,True,High Revenue + High Experience
0692610d8abe24f287e9fae90ea0bbee,4,4,173.99,31.73,0.18236680268980976,4.0,1.0,-5.438012152777778,25.0,4.0,4.0,0.0,0.0,False,Insufficient Review Volume
06a2c3af7b3aee5d69171b0e14f0ee87,392,405,36408.95,12141.29,0.3334699297837483,389.0,90.0,-10.657199579881938,23.13624678663239,388.0,3.992287917737789,65.0,16.752577319587626,True,High Revenue + Lower Experience
06bb3a2fe5e7b7a845b13e8fb91bd944,17,18,1536.19,326.14,0.21230446754633214,17.0,0.0,-13.076287445533769,0.0,17.0,4.588235294117647,0.0,0.0,False,Insufficient Review Volume
06df0c10d34e459d9672bc77388742eb,26,30,9070.0,525.77,0.057968026460859974,26.0,3.0,-12.781903044871795,11.538461538461538,26.0,4.346153846153846,2.0,7.6923076923076925,False,Insufficient Review Volume
06e5eefc71ec47ae763c5c6f8db7064f,92,95,22188.56,2193.28,0.09884733394145452,90.0,2.0,-15.983813014403292,2.2222222222222223,90.0,3.922222222222222,14.0,15.555555555555555,True,High Revenue + Lower Experience
07017df32dc5f2f1d2801e579548d620,8,9,946.49,181.75,0.1920252723219474,8.0,0.0,-23.896261574074074,0.0,8.0,4.0,2.0,25.0,False,Insufficient Review Volume
070d165398b553f3b4b851c216b8a358,32,39,3393.16,1003.5899999999999,0.2957685461339872,31.0,5.0,-7.782931974313023,16.129032258064516,31.0,3.3225806451612905,11.0,35.483870967741936,True,High Revenue + Lower Experience
0725b8c0f3f906e58f70cbe76b7c748c,17,37,2190.3,715.69,0.3267543258914304,16.0,6.0,-10.116081452546297,37.5,17.0,3.5,6.0,35.294117647058826,False,Insufficient Review Volume
0743a0239d764b9a0f959a57d07e36ab,4,4,336.96,66.26,0.1966405508072175,4.0,0.0,-6.329782986111111,0.0,4.0,4.75,0.0,0.0,False,Insufficient Review Volume
0747d5bb69f0586cc869d8af4c50f93e,14,15,346.59999999999997,208.89,0.6026832083092902,12.0,1.0,-15.082401620370371,8.333333333333332,14.0,3.357142857142857,5.0,35.714285714285715,False,Insufficient Review Volume
0761743cbffb25d7148189e9f1a5f03a,3,7,241.2,86.2,0.35737976782752906,3.0,0.0,-8.893360339506172,0.0,3.0,4.666666666666667,0.0,0.0,False,Insufficient Review Volume
077c5fae4bea9500e3737b16f71b9d3a,4,6,106.80000000000001,70.44,0.6595505617977527,4.0,0.0,-7.043793402777777,0.0,4.0,4.5,0.0,0.0,False,Insufficient Review Volume
0791d9fc1e30678ecf03d3e55fa108d3,5,11,842.0,186.99,0.22207838479809977,5.0,0.0,-15.64292824074074,0.0,5.0,4.0,1.0,20.0,False,Insufficient Review Volume
079d295dcbf06ee8bb1b65ba964eb2b6,5,10,349.3,190.79,0.5462066991125107,5.0,0.0,-10.586030092592592,0.0,5.0,4.6,0.0,0.0,False,Insufficient Review Volume
07a9bc7f61396b658ddf3ac534efe44c,1,1,119.9,15.59,0.1300250208507089,1.0,0.0,-4.515717592592592,0.0,1.0,3.5,0.0,0.0,False,Insufficient Review Volume
07bf9669d84d1f11be443a9dd938f698,18,24,1776.0,646.22,0.3638626126126126,18.0,0.0,-17.427906378600824,0.0,18.0,3.7222222222222223,5.0,27.77777777777778,False,Insufficient Review Volume
07d75e33f2750d97d467fb57e4dfdd8a,2,2,722.4,37.19,0.05148117386489479,2.0,0.0,-10.805295138888889,0.0,2.0,2.5,1.0,50.0,False,Insufficient Review Volume
07de60b03d150fb3ea09eab5da5e4c8b,9,9,719.1,169.9,0.2362675566680573,9.0,1.0,-11.927708333333333,11.11111111111111,9.0,4.333333333333333,1.0,11.11111111111111,False,Insufficient Review Volume
07e8e8fc5222bb358e6f259da3197074,2,2,51.8,23.06,0.4451737451737452,2.0,0.0,-5.764548611111111,0.0,2.0,4.0,0.0,0.0,False,Insufficient Review Volume
080102cd0a76b09e0dcf55fcacc60e05,124,130,5716.78,2195.93,0.38412008158438843,122.0,5.0,-11.112329804189436,4.098360655737705,124.0,4.475806451612903,6.0,4.838709677419355,True,High Revenue + High Experience
080199a181c46c657dc5aa235411be3b,79,83,14504.2,1040.68,0.07175025165124585,79.0,2.0,-8.892990359821848,2.5316455696202533,78.0,4.615384615384615,1.0,1.282051282051282,True,High Revenue + High Experience
08061dc0fc165ed41288cc7acde738ee,4,4,123.80000000000001,58.42,0.47189014539579965,4.0,1.0,-0.46992187500000027,25.0,4.0,4.5,0.0,0.0,False,Insufficient Review Volume
08084d990eb3f53af056ccbc1730c8a7,12,12,372.5,234.29,0.6289664429530201,12.0,0.0,-14.99122299382716,0.0,11.0,4.454545454545454,0.0,0.0,False,Insufficient Review Volume
081acf3de680d554796c9cf041be7bc2,4,8,1597.3,205.5,0.128654604645339,4.0,1.0,-13.245419560185185,25.0,4.0,3.25,1.0,25.0,False,Insufficient Review Volume
082e0bf4cb865a6533b1e8e498cc0255,11,23,2073.3,991.03,0.4779964308107847,11.0,2.0,-13.88454335016835,18.181818181818183,11.0,3.272727272727273,4.0,36.36363636363637,False,Insufficient Review Volume
085f6f7e049c996695fb2074fe38d45e,6,8,305.4,130.56,0.4275049115913556,6.0,0.0,-13.022399691358023,0.0,6.0,4.0,1.0,16.666666666666664,False,Insufficient Review Volume
08633c14ef2db992c11f840f04fad4cd,74,97,7644.3,1424.52,0.18635061418311683,74.0,5.0,-10.187189846096095,6.756756756756757,74.0,4.364864864864865,5.0,6.756756756756757,True,High Revenue + High Experience
0873d9f8f36123f8d910f4760e788cfb,6,6,7265.59,161.06,0.022167504634861036,6.0,3.0,-7.1665528549382715,50.0,6.0,3.1666666666666665,2.0,33.33333333333333,False,Insufficient Review Volume
0885aaf116795758dfeb5f1032487bcd,28,30,2648.0,514.32,0.1942296072507553,27.0,1.0,-11.221086676954734,3.7037037037037033,28.0,4.214285714285714,3.0,10.714285714285714,False,Insufficient Review Volume
0887a9f087bcd5d9f6642b52f897fc6c,12,12,1642.0,220.35,0.13419610231425091,12.0,1.0,-11.862310956790123,8.333333333333332,12.0,4.416666666666667,0.0,0.0,False,Insufficient Review Volume
08ad4ac1388e4420ca531c3edfc46198,6,7,221.61999999999998,89.05,0.40181391571157843,6.0,0.0,-9.876232638888888,0.0,6.0,2.8333333333333335,3.0,50.0,False,Insufficient Review Volume
08cdbae123ff67ca4e36d9d641ce0119,4,6,3098.99,1096.47,0.3538152752993718,4.0,2.0,1.816750578703704,50.0,4.0,3.0,3.0,75.0,False,Insufficient Review Volume
08d0949a9a17c027262db1f3c450c26c,12,12,324.8,233.04000000000002,0.7174876847290641,12.0,0.0,-11.100522762345678,0.0,12.0,3.5384615384615383,4.0,33.33333333333333,False,Insufficient Review Volume
08d1c9478fb0d7d7fcac9c0da4e82fc7,1,1,538.0,67.57,0.12559479553903344,1.0,0.0,-12.253541666666667,0.0,1.0,5.0,0.0,0.0,False,Insufficient Review Volume
08d2d642cf72b622b14dde1d2f5eb2f5,17,21,914.0,321.26,0.3514879649890591,16.0,3.0,-10.861705729166667,18.75,16.0,4.294117647058823,0.0,0.0,False,Insufficient Review Volume
08f5819815f3d06545011850bd70f0a8,3,3,452.0,70.83,0.15670353982300886,3.0,0.0,-14.61341049382716,0.0,3.0,4.666666666666667,0.0,0.0,False,Insufficient Review Volume
091065b789659bc3cd9af9cb3a6253ff,2,2,1359.0,85.37,0.06281824871228846,2.0,0.0,-10.104918981481482,0.0,2.0,3.5,1.0,50.0,False,Insufficient Review Volume
0936e1837d0c79253456bbb2ffaaef10,1,2,38.9,31.12,0.8,1.0,0.0,-11.709918981481481,0.0,1.0,5.0,0.0,0.0,False,Insufficient Review Volume
093805f8f2aeb63881444571e1f48f30,22,27,1215.79,343.94,0.2828942498293291,22.0,1.0,-9.489322916666667,4.545454545454546,22.0,4.181818181818182,3.0,13.636363636363635,False,Insufficient Review Volume
094ced053e257ae8cae57205592d6712,19,19,1519.2,459.03,0.302152448657188,19.0,0.0,-14.948047636452241,0.0,19.0,4.052631578947368,3.0,15.789473684210526,False,Insufficient Review Volume
0951a6e282947e09cd47969f4ed0b47f,7,7,492.3,88.02,0.17879341864716636,7.0,0.0,-7.330393518518519,0.0,7.0,4.857142857142857,0.0,0.0,False,Insufficient Review Volume
09883d9ab71c8fe8a9bfc7fc3075b07e,5,5,329.5,76.67,0.23268588770864948,4.0,1.0,-4.489267939814814,25.0,5.0,3.4,2.0,40.0,False,Insufficient Review Volume
099095b050cfe8eb1ddff5317587e96e,17,20,5193.83,715.3199999999999,0.13772495441706795,16.0,3.0,-8.982743055555556,18.75,17.0,3.235294117647059,7.0,41.17647058823529,False,Insufficient Review Volume
09bad886111255c5b5030314fc7f1a4a,5,5,487.5,72.86,0.14945641025641027,5.0,0.0,-3.648627314814815,0.0,5.0,5.0,0.0,0.0,False,Insufficient Review Volume
09f952a5f58d2285b0372551ae8f9b01,50,56,11821.5,1524.96,0.12899885801294253,50.0,3.0,-11.07747314814815,6.0,50.0,3.84,9.0,18.0,True,High Revenue + Lower Experience
0a198e95d32b1be2da9424c962a6ebfa,1,1,69.99,16.68,0.2383197599657094,1.0,0.0,-3.4454050925925928,0.0,1.0,5.0,0.0,0.0,False,Insufficient Review Volume
0a82f5fb06a4fe4ac2cf7cb412ec71b8,2,2,462.0,22.799999999999997,0.049350649350649346,2.0,0.0,-9.189409722222223,0.0,2.0,5.0,0.0,0.0,False,Insufficient Review Volume
0a85ebe4e328db81ac9109781205e2f7,12,12,667.9,137.75,0.20624344961820631,12.0,1.0,-7.655358796296295,8.333333333333332,12.0,4.583333333333333,0.0,0.0,False,Insufficient Review Volume
0aa124728afc1131dff5655f4c6f487b,2,2,850.92,107.86,0.12675692191980445,,,,,2.0,1.0,2.0,100.0,False,Insufficient Review Volume
0aa2205ca24f113f4658a5c536667426,4,11,815.62,172.48,0.21147102817488536,4.0,0.0,-10.54377314814815,0.0,4.0,4.0,1.0,25.0,False,Insufficient Review Volume
0ac4201fda2c68ebc0e47cb9423cf3c9,13,14,1676.88,233.99,0.1395389055865655,13.0,1.0,-11.525150462962964,7.6923076923076925,13.0,4.285714285714286,2.0,15.384615384615385,False,Insufficient Review Volume
0ad80de75c811326389cfb1daba7d45e,6,6,1449.3999999999999,115.32,0.07956395749965503,6.0,0.0,-11.758626543209877,0.0,5.0,5.0,0.0,0.0,False,Insufficient Review Volume
0adac9fbd9a2b63cccaac4f8756c1ca8,110,142,15960.95,2499.27,0.15658654403403305,106.0,7.0,-10.229222353249476,6.60377358490566,109.0,4.045454545454546,15.0,13.761467889908257,True,High Revenue + Lower Experience
0ade5cc4a305ed7093a23f68ca47519c,2,2,158.88,42.39,0.26680513595166166,2.0,0.0,-20.133894675925923,0.0,2.0,5.0,0.0,0.0,False,Insufficient Review Volume
0aea4c6ae1505b3228ddf3dd7822ee5b,8,8,1427.91,151.75,0.10627420495689503,8.0,2.0,-5.943143807870371,25.0,8.0,3.875,1.0,12.5,False,Insufficient Review Volume
0af2ab31141893d26aca5a404a537dab,1,1,59.0,15.51,0.2628813559322034,1.0,0.0,-5.24761574074074,0.0,1.0,5.0,0.0,0.0,False,Insufficient Review Volume
0af977692321d895349eded183341d28,2,2,257.75,19.47,0.07553831231813772,2.0,0.0,-7.558622685185185,0.0,2.0,4.5,0.0,0.0,False,Insufficient Review Volume
0afccdb8a34ee5c79f7c06faf2b4d56e,25,25,1225.5,388.28,0.31683394532843734,24.0,2.0,-9.689338348765432,8.333333333333332,24.0,4.041666666666667,3.0,12.5,False,Insufficient Review Volume
0b09101900100c0e9d312861fad5a1b9,1,1,153.75,14.61,0.09502439024390244,1.0,0.0,-60.837662037037035,0.0,1.0,4.0,0.0,0.0,False,Insufficient Review Volume
0b0ddbc7b9d9584f442c7ac92b0ff6c9,3,3,1416.76,133.88,0.09449730370704988,3.0,0.0,-17.139070216049383,0.0,3.0,4.666666666666667,0.0,0.0,False,Insufficient Review Volume
0b18d63d0cd1d723567903fd34a07df2,9,14,1678.1399999999999,265.89,0.15844327648467946,9.0,0.0,-15.298112139917695,0.0,9.0,4.777777777777778,0.0,0.0,False,Insufficient Review Volume
0b1ca3ef18a63d7eb0c8897fa0849c08,1,1,55.0,7.87,0.1430909090909091,1.0,0.0,-5.282650462962963,0.0,1.0,5.0,0.0,0.0,False,Insufficient Review Volume
0b35c634521043bf4b47e21547b99ab5,51,78,13533.65,1475.09,0.10899424767154463,50.0,8.0,-11.949300231481482,16.0,50.0,3.36,18.0,36.0,True,High Revenue + Lower Experience
0b36063d5818f81ccb94b54adfaebbf5,1,15,765.0,18.0,0.023529411764705882,1.0,0.0,-20.549884259259258,0.0,1.0,5.0,0.0,0.0,False,Insufficient Review Volume
0b3f27369a4d8df98f7eb91077e438ac,2,2,146.51,24.88,0.1698177598798717,2.0,0.0,-9.130734953703705,0.0,2.0,3.6666666666666665,0.0,0.0,False,Insufficient Review Volume
0b46f784306be7200ca1700aa55d819f,1,1,19.9,10.96,0.5507537688442212,1.0,0.0,-14.397592592592593,0.0,1.0,5.0,0.0,0.0,False,Insufficient Review Volume
0b64bcdb0784abc139af04077d49a20e,4,4,137.6,68.21000000000001,0.4957122093023257,4.0,0.0,-17.217757523148148,0.0,4.0,4.75,0.0,0.0,False,Insufficient Review Volume
0b90b6df587eb83608a64ea8b390cf07,164,210,28592.32,3615.32,0.12644374433414288,163.0,6.0,-17.716007796523517,3.6809815950920246,163.0,4.011834319526627,29.0,17.791411042944784,True,High Revenue + Lower Experience
0bae85eb84b9fb3bd773911e89288d54,137,146,7482.21,2924.19,0.39081902272189634,136.0,1.0,-14.44342933006536,0.7352941176470588,137.0,4.2700729927007295,10.0,7.2992700729927,True,High Revenue + High Experience
0bb27263628258b8111a0262769fa9db,1,1,22.2,10.96,0.49369369369369376,1.0,0.0,-16.593923611111112,0.0,1.0,5.0,0.0,0.0,False,Insufficient Review Volume
0bb738e4d789e63e2267697c42d35a2d,30,31,2388.3,642.34,0.2689528116233304,28.0,1.0,-13.266982886904762,3.571428571428571,30.0,4.6,0.0,0.0,True,High Revenue + High Experience
0be8ff43f22e456b4e0371b2245e4d01,161,180,11805.5,2579.15,0.21847020456566854,156.0,10.0,-11.02065111585945,6.41025641025641,161.0,3.950310559006211,31.0,19.25465838509317,True,High Revenue + Lower Experience
0bebbb2cea103a4a020c95d43fd7d754,9,9,1367.2,147.14000000000001,0.1076214160327677,9.0,0.0,-9.713931327160493,0.0,9.0,4.888888888888889,0.0,0.0,False,Insufficient Review Volume
0bf0150d5b9d60d9cd2906003332f085,39,62,5774.6,1097.74,0.19009801544695734,39.0,8.0,-6.141216168091168,20.51282051282051,38.0,3.789473684210526,8.0,21.052631578947366,True,High Revenue + Lower Experience
0bfd0b434243adc5c2e1aa6baf19c6aa,6,6,371.20000000000005,65.78999999999999,0.17723599137931031,6.0,0.0,-19.80938271604938,0.0,6.0,3.6666666666666665,1.0,16.666666666666664,False,Insufficient Review Volume
0c7533c71df861ec58ad7ff999ed0e8d,61,73,2989.2999999999997,874.21,0.2924463921319373,61.0,3.0,-9.40291875379478,4.918032786885246,61.0,4.096774193548387,10.0,16.39344262295082,True,High Revenue + Lower Experience
0c7f30ae9b147eca07affbef92832a6a,5,5,479.5,87.61,0.182711157455683,5.0,0.0,-16.200020833333333,0.0,5.0,5.0,0.0,0.0,False,Insufficient Review Volume
0c8380b62e38e8a1e6adbeba7eb9688c,182,220,17348.79,4107.04,0.23673351282711935,180.0,10.0,-11.250096386316873,5.555555555555555,180.0,4.049450549450549,26.0,14.444444444444443,True,High Revenue + Lower Experience
0cab2da43793a6f3c5ed8514c5f54627,3,3,309.70000000000005,57.2,0.1846948659993542,3.0,0.0,-20.467916666666667,0.0,3.0,5.0,0.0,0.0,False,Insufficient Review Volume
0cbcee27c791afa0cdcb08587a2013a8,39,41,5324.15,817.16,0.15348177643379696,38.0,4.0,-14.655497380604288,10.526315789473683,39.0,3.8461538461538463,7.0,17.94871794871795,True,High Revenue + Lower Experience
0d33a55da925bbf1ff02af5f6059fc7f,22,24,547.3,385.61,0.7045678786771424,22.0,1.0,-10.850410353535354,4.545454545454546,22.0,4.478260869565218,2.0,9.090909090909092,False,Insufficient Review Volume
0d4c8269e7f0401201794deef160edd6,3,4,792.64,99.39,0.1253910981025434,3.0,0.0,-5.105219907407407,0.0,3.0,3.6666666666666665,1.0,33.33333333333333,False,Insufficient Review Volume
0d83f8e03188682112cc0d93523705cc,4,8,696.26,124.31,0.17853962600178094,4.0,1.0,-10.273819444444445,25.0,4.0,3.75,1.0,25.0,False,Insufficient Review Volume
0d85bbda9889ce1f7e63778d24f346eb,51,58,4845.2,1624.5,0.3352802773879303,51.0,6.0,-10.91588598402324,11.76470588235294,50.0,4.2,6.0,12.0,True,High Revenue + High Experience
0daf5180aa44356f60f8effa533b55a2,2,2,144.8,38.83,0.26816298342541434,2.0,1.0,-4.919953703703704,50.0,2.0,5.0,0.0,0.0,False,Insufficient Review Volume
0db783cfcd3b73998abc6e10e59a102f,132,137,9077.4,1999.1499999999999,0.22023376737832417,132.0,5.0,-12.430169226992145,3.787878787878788,131.0,4.206106870229007,17.0,12.977099236641221,True,High Revenue + High Experience
0dd184061fb0eaa7ca37932c68ab91c5,161,193,18446.92,5319.5,0.288367922666765,161.0,19.0,-9.788533543248217,11.801242236024844,160.0,4.03125,22.0,13.750000000000002,True,High Revenue + Lower Experience
0ddefe3c7a032b91f4e25b9c3a08fca1,9,10,402.9,150.0,0.37230081906180196,9.0,0.0,-8.362939814814816,0.0,9.0,4.555555555555555,0.0,0.0,False,Insufficient Review Volume
0df3984f9dfb3d49ac6366acbd3bbb85,87,89,10021.49,1498.72,0.14955061572680312,86.0,1.0,-14.1242923664944,1.1627906976744187,87.0,4.344827586206897,9.0,10.344827586206897,True,High Revenue + High Experience
0dfbed20065e425d2eaefb101f9816c0,3,3,84.35,49.25,0.5838767042086545,3.0,1.0,-1.3014891975308636,33.33333333333333,3.0,2.6666666666666665,2.0,66.66666666666666,False,Insufficient Review Volume
0e44d110fa6a54e121cb2c095a77762f,6,6,223.32,70.06,0.31372022210281214,6.0,1.0,-6.673611111111111,16.666666666666664,6.0,4.333333333333333,1.0,16.666666666666664,False,Insufficient Review Volume
0e72c1a751b496722a6cb1f10653b62a,3,3,140.8,51.300000000000004,0.3643465909090909,3.0,0.0,-11.699143518518518,0.0,3.0,4.666666666666667,0.0,0.0,False,Insufficient Review Volume
0e982cff76cc0579f632cea8a0e38c9d,7,12,1307.34,172.97,0.1323068214848471,6.0,0.0,-10.898396990740741,0.0,7.0,4.0,1.0,14.285714285714285,False,Insufficient Review Volume
0ea22c1cfbdc755f86b9b54b39c16043,237,269,10711.7,4363.61,0.40736857828355905,234.0,4.0,-16.221681851456157,1.7094017094017095,234.0,4.401673640167364,15.0,6.41025641025641,True,High Revenue + High Experience
0eaa7e33d73809f1f925f7d07c506cbd,15,15,1552.0,194.9,0.1255798969072165,15.0,0.0,-14.114783179012345,0.0,14.0,4.714285714285714,1.0,7.142857142857142,False,Insufficient Review Volume
0ebd97a106433a45a4aebe57c1799778,31,32,3046.8,614.88,0.20181173690429302,31.0,0.0,-16.36799245818399,0.0,31.0,4.483870967741935,2.0,6.451612903225806,True,High Revenue + High Experience
0ec28cec4046a4a199b6de9b4c891d97,3,4,296.6,56.04,0.1889413351314902,3.0,0.0,-6.115497685185185,0.0,3.0,5.0,0.0,0.0,False,Insufficient Review Volume
0ed6ce5d87fd9c69eaacaeb778d67235,43,43,2141.42,687.83,0.32120275331322207,42.0,6.0,-12.075429894179894,14.285714285714285,42.0,4.404761904761905,2.0,4.761904761904762,True,High Revenue + High Experience
0ee4fb99ac55ffbbc98795aa01b7f8fa,1,1,59.9,11.03,0.18414023372287144,1.0,0.0,-14.679085648148147,0.0,1.0,5.0,0.0,0.0,False,Insufficient Review Volume
0ef83d7d83ed97cd2a0049ac8be5f88a,48,55,4421.01,1026.8,0.23225462055050766,48.0,1.0,-13.370540364583334,2.083333333333333,47.0,4.166666666666667,9.0,19.148936170212767,True,High Revenue + High Experience
0f0c984a4a955310903b6b6008660bad,4,4,369.81,111.57,0.30169546523890645,4.0,1.0,-9.277511574074074,25.0,4.0,3.75,1.0,25.0,False,Insufficient Review Volume
0f519b0d2e5eb2227c93dd25038bfc01,1,1,79.9,23.0,0.2878598247809762,1.0,0.0,-39.22060185185185,0.0,1.0,5.0,0.0,0.0,False,Insufficient Review Volume
0f7eea709efdf942b5f95c7516dbacd7,3,3,195.74,44.32,0.22642280576274648,3.0,0.0,-19.538587962962964,0.0,3.0,4.0,0.0,0.0,False,Insufficient Review Volume
0f80a40c312b2472dca482cf50f5186f,1,1,129.9,20.1,0.15473441108545036,1.0,0.0,-16.20837962962963,0.0,1.0,3.0,0.0,0.0,False,Insufficient Review Volume
0f94588695d71662beec8d883ffacf09,1,1,9.0,18.59,2.0655555555555556,1.0,0.0,-11.65667824074074,0.0,1.0,5.0,0.0,0.0,False,Insufficient Review Volume
0fe2d9733ed841eb064503920015a8c0,3,3,389.64,108.71000000000001,0.2790011292475105,3.0,0.0,-12.552743055555554,0.0,3.0,4.666666666666667,0.0,0.0,False,Insufficient Review Volume
0ff83046c3fa22efee8ecf291888b191,10,11,768.9000000000001,254.48000000000002,0.33096631551567174,10.0,0.0,-16.982393518518517,0.0,10.0,4.8,0.0,0.0,False,Insufficient Review Volume
0ffa40d54288e4f3499b8780dd0f144f,33,35,2162.8,583.67,0.2698677640096171,33.0,5.0,-11.25031390291807,15.151515151515152,33.0,4.484848484848484,3.0,9.090909090909092,True,High Revenue + High Experience
10076e5788b8ee532724bcd460baf762,23,26,821.48,377.29999999999995,0.4592929833958221,23.0,1.0,-11.617694746376811,4.3478260869565215,23.0,4.565217391304348,1.0,4.3478260869565215,False,Insufficient Review Volume
10089e9f2fd0c668a8fd4e52e1698888,3,3,1139.9,59.41,0.05211860689534169,3.0,0.0,-16.142033179012344,0.0,3.0,4.333333333333333,0.0,0.0,False,Insufficient Review Volume
101921376b577a4540dc30e9009133ca,1,1,373.0,21.49,0.057613941018766754,,,,,1.0,2.0,1.0,100.0,False,Insufficient Review Volume
101a3a003516bc11253298b2fad3cb65,5,6,450.0,74.0,0.16444444444444445,5.0,0.0,-7.844372685185185,0.0,5.0,4.8,0.0,0.0,False,Insufficient Review Volume
1025f0e2d44d7041d6cf58b6550e0bfa,915,1428,138968.55,33892.14,0.24388352616473297,910.0,92.0,-10.18234918091168,10.10989010989011,907.0,3.989059080962801,160.0,17.640573318632853,True,High Revenue + Lower Experience
10264f60a8f0a4d2f30810f5c661c673,4,4,284.6,41.86,0.1470836261419536,4.0,0.0,-7.955245949074074,0.0,4.0,5.0,0.0,0.0,False,Insufficient Review Volume
1099a00e0ee3a50935e6c2447ca090c5,3,3,849.6999999999999,61.129999999999995,0.07194303871954807,3.0,1.0,-9.257461419753087,33.33333333333333,3.0,3.6666666666666665,1.0,33.33333333333333,False,Insufficient Review Volume
10cdd491d1dbea8fb4ead97b19c334ce,3,3,208.9,78.86,0.377501196744854,3.0,0.0,-17.32085262345679,0.0,3.0,5.0,0.0,0.0,False,Insufficient Review Volume
10ff823eda2b032e2c93d17a7d294736,9,9,1294.97,164.56,0.1270763029259365,8.0,0.0,-13.587378472222222,0.0,9.0,3.888888888888889,2.0,22.22222222222222,False,Insufficient Review Volume
112453736dbe3889cfb74e1aaa0ba0c1,7,14,1890.0,264.77,0.14008994708994707,7.0,0.0,-6.300881283068783,0.0,7.0,4.142857142857143,1.0,14.285714285714285,False,Insufficient Review Volume
1127b7f2594683f2510f1c2c834a486b,114,132,6851.33,1821.71,0.2658914400561643,110.0,3.0,-10.51401978114478,2.727272727272727,114.0,4.095652173913043,20.0,17.543859649122805,True,High Revenue + Lower Experience
11305281b50fff20ae8bb473f8e11876,35,40,6528.7,1444.51,0.2212553800909829,35.0,4.0,-12.171936507936508,11.428571428571429,35.0,4.314285714285714,3.0,8.571428571428571,True,High Revenue + High Experience
113e3a788b935f48aad63e1c41dac1bd,39,48,847.35,686.6,0.810290906945182,39.0,2.0,-14.287372981956315,5.128205128205128,38.0,4.315789473684211,2.0,5.263157894736842,True,High Revenue + High Experience
116ccb1a1604bc88e4d234a8c23f33de,61,73,2004.89,943.4399999999999,0.4705694576759822,61.0,4.0,-9.518174332119004,6.557377049180328,61.0,4.639344262295082,2.0,3.278688524590164,True,High Revenue + High Experience
11742f81550ac064cc9a40f67151d9ad,2,2,781.9,49.11,0.06280854329198107,2.0,0.0,-4.203096064814815,0.0,2.0,5.0,0.0,0.0,False,Insufficient Review Volume
117cfc326c6d50da67ca858ff5c0c852,5,5,454.6,81.47999999999999,0.17923449186097665,5.0,0.0,-8.429453703703704,0.0,5.0,4.6,0.0,0.0,False,Insufficient Review Volume
11938fcc75f6902fea1d0a6f72b54a57,2,2,594.98,142.16,0.23893240108911223,2.0,0.0,-20.204184027777774,0.0,2.0,3.0,1.0,50.0,False,Insufficient Review Volume
119c7f1a00ef43fad0e57604e76a747c,2,2,189.8,17.02,0.08967334035827186,2.0,0.0,-6.046383101851852,0.0,2.0,4.5,0.0,0.0,False,Insufficient Review Volume
119d1aef1b4144adba89163f6cd9f5d4,4,4,1094.0,204.24,0.186691042047532,4.0,0.0,-11.337977430555556,0.0,4.0,4.75,0.0,0.0,False,Insufficient Review Volume
11bfa66332777660bd0640ee84d47006,76,102,3925.87,1682.67,0.42861072832263936,76.0,12.0,-8.354531402290448,15.789473684210526,76.0,3.883116883116883,18.0,23.684210526315788,True,High Revenue + Lower Experience
11d4c477d09821164bca4f70a2eae031,3,4,83.04,57.81999999999999,0.6962909441233139,3.0,0.0,-11.24533950617284,0.0,3.0,5.0,0.0,0.0,False,Insufficient Review Volume
11eac105f3f90a9b87b19c89d91e24f3,5,5,802.89,124.94,0.15561284858448854,5.0,0.0,-13.247516203703702,0.0,5.0,3.6,1.0,20.0,False,Insufficient Review Volume
11fb6f6d341adbe19e81733701704635,3,3,1197.0,399.65999999999997,0.3338847117794486,3.0,0.0,-6.647939814814815,0.0,3.0,5.0,0.0,0.0,False,Insufficient Review Volume
120476eb7a04c149d14772edaf5d9bf2,4,6,2368.8,150.83,0.06367359000337723,4.0,0.0,-12.600888310185185,0.0,4.0,4.25,0.0,0.0,False,Insufficient Review Volume
1284de4ae8aa26997e748c851557cf0e,3,3,1459.97,86.86999999999999,0.059501222627862206,3.0,0.0,-8.335586419753087,0.0,3.0,2.6666666666666665,2.0,66.66666666666666,False,Insufficient Review Volume
128639473a139ac0f3e5f5ade55873a5,533,560,11908.849999999999,9785.6,0.8217082253953993,527.0,33.0,-11.522904719235365,6.261859582542694,527.0,4.185958254269449,59.0,11.195445920303605,True,High Revenue + High Experience
128f9bfbe4c7d5185033914b1de3d39a,14,16,1277.29,373.2,0.29218110217726595,13.0,1.0,-12.142137642450141,7.6923076923076925,14.0,4.714285714285714,0.0,0.0,False,Insufficient Review Volume
12a8eb0f8d1cd3270695bf2a99f55966,2,2,397.0,39.67,0.09992443324937028,2.0,1.0,-9.123460648148148,50.0,2.0,3.5,1.0,50.0,False,Insufficient Review Volume
12b9676b00f60f3b700e83af21824c0e,135,135,26774.0,3568.69,0.1332893852244715,133.0,2.0,-20.567278613199665,1.5037593984962405,134.0,4.511111111111111,7.0,5.223880597014925,True,High Revenue + High Experience
12c2ed9cded6138cf0c75f525f565fc7,4,4,314.96,51.05,0.16208407416814835,4.0,2.0,-3.385413773148148,50.0,4.0,4.25,0.0,0.0,False,Insufficient Review Volume
13074f016982ff2bd6c58ced8682f000,14,15,2116.0,995.7,0.4705576559546314,13.0,4.0,-7.284553952991454,30.76923076923077,14.0,3.9285714285714284,2.0,14.285714285714285,False,Insufficient Review Volume
131fcb0a0c9a47bba4474aacff0f14b7,4,4,369.8,36.61,0.09899945916711736,4.0,0.0,-7.159372106481481,0.0,4.0,4.0,0.0,0.0,False,Insufficient Review Volume
1336efc61c316ddf92c899eb817f7cae,74,85,4837.31,1517.98,0.31380664046753254,74.0,7.0,-10.937485454204204,9.45945945945946,74.0,4.0,11.0,14.864864864864865,True,High Revenue + Lower Experience
134285d1f41da5c13a756ee8142c8a4e,3,4,1572.6999999999998,80.93,0.05145927386024036,3.0,0.0,-8.856566358024692,0.0,3.0,3.3333333333333335,1.0,33.33333333333333,False,Insufficient Review Volume
134a288e7de827ec5ec62e3ec9c3a295,9,9,877.45,126.55,0.14422474215054987,9.0,0.0,-10.154197530864197,0.0,9.0,4.777777777777778,0.0,0.0,False,Insufficient Review Volume
134b867a0f7f8bbe6abf10f91874891e,1,1,789.89,132.95,0.16831457544721415,1.0,0.0,-18.14679398148148,0.0,1.0,4.0,0.0,0.0,False,Insufficient Review Volume
13511db12ac61e2f89c53b72a944a60b,6,6,798.0,265.97,0.333295739348371,6.0,1.0,-12.185244984567902,16.666666666666664,6.0,3.5,2.0,33.33333333333333,False,Insufficient Review Volume
1352e06ae67b410cdae0b2a22361167b,4,4,696.0,69.22,0.09945402298850574,2.0,2.0,3.0939814814814817,100.0,3.0,2.3333333333333335,2.0,66.66666666666666,False,Insufficient Review Volume
1354d51653f645349064725ed204e85e,18,20,2410.0,284.72,0.11814107883817429,18.0,1.0,-18.161185699588476,5.555555555555555,18.0,3.789473684210526,4.0,22.22222222222222,False,Insufficient Review Volume
138dbe45fc62f1e244378131a6801526,49,58,1125.56,689.24,0.6123529620810975,49.0,2.0,-10.036824688208617,4.081632653061225,49.0,4.081632653061225,8.0,16.3265306122449,True,High Revenue + Lower Experience
139157dd4daa45c25b0807ffff348363,1,1,29.9,7.78,0.2602006688963211,1.0,0.0,-12.320752314814815,0.0,1.0,4.0,0.0,0.0,False,Insufficient Review Volume
13c2ed7698b3ca92dad49e849219da59,8,9,498.61,154.68,0.3102224183229378,8.0,0.0,-9.311898148148149,0.0,8.0,4.375,1.0,12.5,False,Insufficient Review Volume
13d058e4eeac2ce8217660b2f8a05812,23,23,3829.77,926.11,0.24181869929525796,22.0,3.0,-9.519669086700336,13.636363636363635,23.0,4.217391304347826,3.0,13.043478260869565,False,Insufficient Review Volume
13d95f0f6f73943d4ceffad0fc2cd32c,1,1,249.99,59.33,0.23732949317972718,1.0,1.0,2.855462962962963,100.0,1.0,3.0,0.0,0.0,False,Insufficient Review Volume
13dd308f81fea30cc670c656b2b46cc3,3,3,117.69999999999999,33.440000000000005,0.28411214953271036,3.0,1.0,-5.63858024691358,33.33333333333333,3.0,5.0,0.0,0.0,False,Insufficient Review Volume
13e85aac53340018b40c2af68001b7e0,1,1,17.8,14.12,0.793258426966292,1.0,0.0,-34.33631944444444,0.0,1.0,5.0,0.0,0.0,False,Insufficient Review Volume
13f57c12a00ed4610db646b913a7f5c6,7,13,645.2,175.95,0.27270613763174206,7.0,1.0,-7.221917989417989,14.285714285714285,7.0,4.857142857142857,0.0,0.0,False,Insufficient Review Volume
13fa2a6c6b9d0f43cb588d7c82117a12,9,10,4528.0,191.44,0.0422791519434629,9.0,3.0,-5.041058384773662,33.33333333333333,9.0,4.2,1.0,11.11111111111111,False,Insufficient Review Volume
141440cad9341e553f8401c574a2aa38,11,12,1288.2,290.8,0.2257413445117218,11.0,0.0,-21.298554292929293,0.0,11.0,4.454545454545454,1.0,9.090909090909092,False,Insufficient Review Volume
1430239a858e7682bbc43b20758af153,18,23,660.79,268.75,0.4067101499720032,17.0,0.0,-9.662880582788672,0.0,18.0,4.111111111111111,2.0,11.11111111111111,False,Insufficient Review Volume
1444c08e64d55fb3c25f0f09c07ffcf2,1,1,2749.0,69.74,0.025369225172790104,1.0,0.0,-21.088784722222222,0.0,1.0,1.0,1.0,100.0,False,Insufficient Review Volume
1464afc72f696af775557a821c2e253f,29,30,1059.36,454.42,0.42895710617731464,29.0,1.0,-11.819672733077905,3.4482758620689653,29.0,4.241379310344827,3.0,10.344827586206897,False,Insufficient Review Volume
14a08204d03bb6b6bde8029f801ae0eb,28,38,2185.4,593.7,0.271666514139288,28.0,0.0,-13.704660631613757,0.0,28.0,3.892857142857143,5.0,17.857142857142858,False,Insufficient Review Volume
14d7985702e72162bbf13b6beb74ab2b,37,38,3887.0,554.0,0.14252636995111911,37.0,5.0,-7.976643518518518,13.513513513513514,37.0,4.324324324324325,3.0,8.108108108108109,True,High Revenue + High Experience
14ee35374a7876217954b5fa08e50463,6,6,809.0,114.05,0.14097651421508034,6.0,1.0,-7.119226466049383,16.666666666666664,6.0,4.333333333333333,0.0,0.0,False,Insufficient Review Volume
14f2b3587172b9db894c9bad8dab520b,2,2,244.0,86.06,0.3527049180327869,2.0,0.0,-11.889890046296296,0.0,2.0,2.5,1.0,50.0,False,Insufficient Review Volume
152ee17e4c8aaf53dac99f3462e4999b,6,6,308.96000000000004,95.97,0.31062273433454163,6.0,0.0,-13.563597608024692,0.0,6.0,4.333333333333333,0.0,0.0,False,Insufficient Review Volume
154bdf805377afea75a3bd158e9eab10,1,1,89.9,19.82,0.22046718576195773,1.0,1.0,2.700451388888889,100.0,1.0,1.0,1.0,100.0,False,Insufficient Review Volume
1554a68530182680ad5c8b042c3ab563,247,269,29052.53,6798.26,0.23399889785846537,246.0,17.0,-13.206829691734416,6.910569105691057,245.0,4.32258064516129,26.0,10.612244897959183,True,High Revenue + High Experience
157c3e4b42f81ac4a44e8b1ca2fe9876,23,31,2548.5,583.32,0.2288875809299588,23.0,2.0,-13.39455565619968,8.695652173913043,23.0,3.6956521739130435,5.0,21.73913043478261,False,Insufficient Review Volume
1588ac4010787100dddef64568f0ae35,3,3,599.97,46.0,0.07667050019167625,3.0,0.0,-8.147862654320988,0.0,3.0,3.0,1.0,33.33333333333333,False,Insufficient Review Volume
15aac934c58d886785ac1b17953ea898,25,26,4353.9,665.7,0.1528974023289465,25.0,3.0,-8.468013425925927,12.0,25.0,4.24,2.0,8.0,False,Insufficient Review Volume
15ac3c501e2599e4917316fde5c5669a,1,1,144.2,51.61,0.35790568654646326,,,,,1.0,1.0,1.0,100.0,False,Insufficient Review Volume
15aec03fe4cf30dfa574cf550f5ff5ff,1,1,28.9,10.96,0.37923875432525955,,,,,1.0,1.0,1.0,100.0,False,Insufficient Review Volume
15b3b1b81484422eb41df68ac87f1f50,2,2,78.35,24.54,0.3132099553286535,1.0,0.0,-4.411273148148148,0.0,2.0,1.0,2.0,100.0,False,Insufficient Review Volume
15cd6eefe58588619aaed41dfa6621b1,16,18,1622.74,566.12,0.3488667315774554,16.0,1.0,-10.02373191550926,6.25,16.0,4.25,3.0,18.75,False,Insufficient Review Volume
15ead3a5037a918ddb520dfe39a3d2b9,7,8,275.5,158.45,0.5751361161524501,6.0,1.0,-7.246072530864197,16.666666666666664,7.0,4.285714285714286,1.0,14.285714285714285,False,Insufficient Review Volume
15fa791d5e017f66402dc28c44480657,8,8,1802.0,181.29,0.10060488346281908,8.0,1.0,-7.887003761574075,12.5,8.0,4.25,1.0,12.5,False,Insufficient Review Volume
160851d3ece7aa1a510f8d1a4bb8a8af,2,2,102.05,39.099999999999994,0.38314551690347864,2.0,0.0,-12.36245949074074,0.0,2.0,5.0,0.0,0.0,False,Insufficient Review Volume
16090f2ca825584b5a147ab24aa30c86,402,410,25716.44,5456.67,0.21218605685701444,398.0,43.0,-8.980279231807184,10.804020100502512,400.0,4.06,56.0,14.000000000000002,True,High Revenue + Lower Experience
160e4f13fd3a64b1b86807be88b5ffb0,4,4,886.0,94.45,0.10660270880361174,4.0,0.0,-14.590185185185184,0.0,4.0,4.25,1.0,25.0,False,Insufficient Review Volume
164a5a8794e6d42e14f55e447b12a3bc,1,1,73.99,62.77,0.8483578862008381,1.0,0.0,-18.11684027777778,0.0,1.0,5.0,0.0,0.0,False,Insufficient Review Volume
165b1235e9e9942cb5fae67103576fb0,11,16,2085.15,404.65,0.1940627772582308,11.0,1.0,-7.125226220538721,9.090909090909092,11.0,4.363636363636363,0.0,0.0,False,Insufficient Review Volume
165fc07beebdcb6190fba8a06db2a449,50,64,17481.4,1600.03,0.09152756644204697,50.0,6.0,-10.746649074074073,12.0,50.0,3.8,11.0,22.0,True,High Revenue + Lower Experience
1660ad786c27fd935378b6192a90b417,12,13,1570.0,248.28,0.15814012738853503,12.0,1.0,-10.303095100308642,8.333333333333332,12.0,4.583333333333333,1.0,8.333333333333332,False,Insufficient Review Volume
166e8f1381e09651983c38b1f6f91c11,2,2,78.8,30.2,0.383248730964467,2.0,0.0,-7.722372685185185,0.0,2.0,5.0,0.0,0.0,False,Insufficient Review Volume
167fd940acebc789debd6eb418c46e38,5,5,1077.58,100.9,0.09363573934185862,5.0,1.0,-8.025578703703705,20.0,5.0,3.0,2.0,40.0,False,Insufficient Review Volume
1690cada046eb7e92c12f98b1f8a8167,11,11,1959.0,252.38,0.12883103624298112,10.0,1.0,-13.461581018518519,10.0,11.0,4.545454545454546,1.0,9.090909090909092,False,Insufficient Review Volume
16bdc8cefd0e32a6f0824d296c5ad14a,1,1,41.76,19.32,0.46264367816091956,1.0,0.0,-11.33420138888889,0.0,1.0,5.0,0.0,0.0,False,Insufficient Review Volume
1703bc09972dab9782e7a9194943b69f,1,1,249.9,106.21,0.4250100040016006,1.0,0.0,-17.13019675925926,0.0,1.0,5.0,0.0,0.0,False,Insufficient Review Volume
1710c3aaa9c6b44ec3883ee0fe300e21,2,2,1188.9,37.650000000000006,0.031667928337118345,2.0,0.0,-8.234936342592592,0.0,2.0,5.0,0.0,0.0,False,Insufficient Review Volume
17306570e772e7718c92a562d33f5f1d,29,32,9669.8,930.83,0.09626155659889554,27.0,2.0,-8.991842421124828,7.4074074074074066,29.0,3.6206896551724137,7.0,24.137931034482758,False,Insufficient Review Volume
173d56ffbd4c56cb80fc3615487d712b,2,2,358.0,39.61,0.11064245810055866,2.0,0.0,-16.248275462962965,0.0,2.0,5.0,0.0,0.0,False,Insufficient Review Volume
1746c1ae87ac63d530c7c943d0ac42e2,1,1,229.9,22.45,0.09765115267507611,1.0,0.0,-3.058773148148148,0.0,1.0,5.0,0.0,0.0,False,Insufficient Review Volume
1771297ac436903d1dd6b0e9279aa505,28,36,2881.27,585.16,0.20309099806682468,28.0,1.0,-14.598690889550266,3.571428571428571,27.0,4.62962962962963,0.0,0.0,False,Insufficient Review Volume
1782ce2db72c3dda627d5e7c898104e1,9,10,2010.8,207.37,0.10312810821563557,9.0,1.0,0.43869984567901316,11.11111111111111,9.0,4.333333333333333,0.0,0.0,False,Insufficient Review Volume
17908cf9b444ee34047cadd5c0f4a516,11,11,1993.99,501.42,0.2514656542911449,11.0,1.0,-11.186450968013467,9.090909090909092,11.0,4.545454545454546,0.0,0.0,False,Insufficient Review Volume
17998cf586426bf0f2c3726cb0a4b211,2,2,69.8,45.72,0.6550143266475644,2.0,0.0,-21.735364583333336,0.0,2.0,4.0,0.0,0.0,False,Insufficient Review Volume
179d859f51292aac5c10806a356f7af9,18,19,404.46999999999997,395.8,0.9785645412515144,18.0,3.0,-8.173802726337449,16.666666666666664,18.0,4.388888888888889,1.0,5.555555555555555,False,Insufficient Review Volume
17a053fcb14bd219540cbde0df490be0,125,149,40703.14,8828.43,0.216898008360043,124.0,10.0,-9.372935334528076,8.064516129032258,123.0,4.233870967741935,13.0,10.569105691056912,True,High Revenue + High Experience
17adeba047385fb0c67d8e90b4296d21,1,3,809.6999999999999,287.61,0.3552056317154502,,,,,1.0,1.0,1.0,100.0,False,Insufficient Review Volume
17ca9b9e9b9ef8fdb529001b49ebb50f,116,129,9754.83,2365.89,0.24253523639058805,115.0,3.0,-13.40370269726248,2.608695652173913,116.0,4.051282051282051,17.0,14.655172413793101,True,High Revenue + Lower Experience
17e34d8224d27a541263c4c64b11a56b,255,268,56363.24,5239.96,0.09296768603082435,247.0,21.0,-9.862153012070776,8.502024291497975,253.0,4.1857707509881426,32.0,12.648221343873518,True,High Revenue + High Experience
17eea220a40cc0d2c0c5346379682398,4,4,1414.98,98.01,0.06926599669253276,3.0,2.0,0.02585262345679003,66.66666666666666,4.0,3.75,1.0,25.0,False,Insufficient Review Volume
17f51e7198701186712e53a39c564617,56,61,48019.0,9793.43,0.2039490618296924,56.0,5.0,-11.171850198412699,8.928571428571429,56.0,4.339285714285714,5.0,8.928571428571429,True,High Revenue + High Experience
180c3376aff0e43dd5788709df48a843,5,10,4513.0,209.97,0.04652559273210725,5.0,1.0,-4.1263703703703705,20.0,5.0,4.4,1.0,20.0,False,Insufficient Review Volume
1835b56ce799e6a4dc4eddc053f04066,423,558,33344.21,8741.95,0.2621729529654474,417.0,49.0,-9.62402713939959,11.750599520383693,420.0,3.637440758293839,104.0,24.761904761904763,True,High Revenue + Lower Experience
1838dd9b8977065acf51d95e0053ea7a,64,67,2820.3,1255.58,0.4451937737120164,62.0,3.0,-10.286911402329748,4.838709677419355,64.0,4.265625,9.0,14.0625,True,High Revenue + High Experience
184725737946a1a938bbbd1a9e978103,3,3,359.70000000000005,43.870000000000005,0.12196274673338893,3.0,0.0,-2.0355131172839505,0.0,3.0,4.666666666666667,0.0,0.0,False,Insufficient Review Volume
184a67a8f9f63234d3a92340bbdb727f,8,11,268.66,208.34,0.7754782997096702,7.0,0.0,-15.846048280423279,0.0,8.0,3.7777777777777777,2.0,25.0,False,Insufficient Review Volume
186cdd1b2df32caa72cfb410bba768d3,6,6,1341.45,268.28000000000003,0.19999254537999928,6.0,0.0,-27.634864969135805,0.0,6.0,5.0,0.0,0.0,False,Insufficient Review Volume
189ca3538ce9f920cacf0f982cbe223b,4,5,419.0,62.67,0.14957040572792363,4.0,0.0,-9.220760995370371,0.0,4.0,4.25,1.0,25.0,False,Insufficient Review Volume
18a349e75d307f4b4cc646a691ed4216,121,148,8711.53,2198.03,0.2523127395532128,109.0,7.0,-13.83158203788651,6.422018348623854,120.0,3.441666666666667,38.0,31.666666666666664,True,High Revenue + Lower Experience
18e694e0e48ed6f7aa3f24aade5fd697,31,34,701.54,504.23,0.7187473273084928,31.0,1.0,-12.079112903225806,3.225806451612903,31.0,4.67741935483871,0.0,0.0,True,Lower Revenue + High Experience
1900267e848ceeba8fa32d80c1a5f5a8,411,529,24982.53,8138.06,0.3257500341238458,406.0,42.0,-9.409087444125161,10.344827586206897,404.0,3.842751842751843,79.0,19.554455445544555,True,High Revenue + Lower Experience
191d55f7edb8524d525ed01b20fe32e8,3,3,747.0,65.8,0.08808567603748327,3.0,1.0,-2.183819444444444,33.33333333333333,3.0,2.3333333333333335,2.0,66.66666666666666,False,Insufficient Review Volume
1927cdb9fa74f5270097f6250e8e8f34,1,1,120.0,58.92,0.491,1.0,0.0,-8.212916666666667,0.0,1.0,5.0,0.0,0.0,False,Insufficient Review Volume
19484c79cef6c062cb177aa4ef2fcc3c,1,1,201.9,10.16,0.05032194155522536,1.0,1.0,3.5027662037037035,100.0,1.0,1.0,1.0,100.0,False,Insufficient Review Volume
1961c3e1272bfeceb05d0b78b5bbfdaf,3,4,896.0,49.43,0.055167410714285714,2.0,0.0,-6.802690972222223,0.0,3.0,3.3333333333333335,1.0,33.33333333333333,False,Insufficient Review Volume
1967a9e2ad6f51802b093147d861df58,2,2,380.0,45.760000000000005,0.12042105263157896,,,,,2.0,1.0,2.0,100.0,False,Insufficient Review Volume
1976a05ecf2996d6ffb7b5430e635fe7,8,9,1796.2,394.46000000000004,0.21960806146308876,8.0,2.0,-7.432793692129629,25.0,8.0,3.875,2.0,25.0,False,Insufficient Review Volume
1987cd4be10fe09ee50454f9c354d1c6,14,16,2877.7,257.53000000000003,0.08949160788129411,14.0,1.0,-12.9824041005291,7.142857142857142,14.0,4.357142857142857,1.0,7.142857142857142,False,Insufficient Review Volume
198c7ea11960a9844b544d9bcdca860c,25,25,1733.75,491.63,0.28356452775775054,25.0,3.0,-10.203111111111111,12.0,25.0,3.88,6.0,24.0,False,Insufficient Review Volume
1992f8fb6b19fcccd97ca819811e7267,1,1,28.8,11.22,0.38958333333333334,,,,,1.0,1.0,1.0,100.0,False,Insufficient Review Volume
1996942dc085d7773ba77a529b163cd0,10,10,2943.51,239.92,0.08150813144850874,9.0,0.0,-17.953494084362138,0.0,10.0,3.9,2.0,20.0,False,Insufficient Review Volume
19a7c9f66ffa6452ff4b4c0cca71da27,1,1,279.0,59.74,0.21412186379928316,1.0,0.0,-27.136944444444445,0.0,1.0,5.0,0.0,0.0,False,Insufficient Review Volume
19d62d484cba71963c93f0f00ab42013,1,1,139.9,22.69,0.16218727662616156,1.0,0.0,-7.352303240740741,0.0,1.0,4.0,0.0,0.0,False,Insufficient Review Volume
19e0f40a907ec568c34bfac15de4f4a1,4,4,178.0,41.620000000000005,0.23382022471910116,4.0,0.0,-12.439722222222223,0.0,4.0,5.0,0.0,0.0,False,Insufficient Review Volume
1a3df491d1c4f1589fc2b934ada68bf2,167,178,23302.7,4291.42,0.1841597754766615,160.0,9.0,-12.391423032407406,5.625,167.0,4.183431952662722,19.0,11.377245508982035,True,High Revenue + High Experience
1a6245add4353f18ed55138808906979,1,1,30.0,9.34,0.31133333333333335,,,,,1.0,3.0,1.0,100.0,False,Insufficient Review Volume
1a8e2d9c38b84a9702ac7922924b0573,1,1,80.0,17.0,0.2125,1.0,0.0,-14.947430555555556,0.0,1.0,5.0,0.0,0.0,False,Insufficient Review Volume
1a932caad4f9d804097d7f8e615baed1,20,30,4661.0,1040.45,0.22322462990774514,20.0,4.0,-7.8827187499999996,20.0,20.0,3.9,4.0,20.0,False,Insufficient Review Volume
1acde099eb406aa220b1169b188b42da,9,10,311.1,147.4,0.4738026358084217,9.0,0.0,-7.26826774691358,0.0,9.0,4.222222222222222,1.0,11.11111111111111,False,Insufficient Review Volume
1b0b0f4f95e962d6f32fe90c759d0479,2,2,139.8,23.37,0.1671673819742489,2.0,0.0,-8.99924189814815,0.0,2.0,5.0,0.0,0.0,False,Insufficient Review Volume
1b1ae47a313a825a7ccceb8e2e30fa9d,11,11,2243.9,246.5,0.10985338027541333,10.0,0.0,-13.567356481481482,0.0,10.0,3.9,3.0,30.0,False,Insufficient Review Volume
1b45169b635ef59425637e9a33eb5fb3,7,8,308.9,110.45,0.35755908060861125,7.0,0.0,-18.823642526455025,0.0,7.0,4.571428571428571,1.0,14.285714285714285,False,Insufficient Review Volume
1b4b28463457a256e9a784ebe2a8f630,1,1,699.42,15.92,0.0227617168511052,1.0,1.0,7.846111111111111,100.0,1.0,1.0,1.0,100.0,False,Insufficient Review Volume
1b4c3a6f53068f0b6944d2d005c9fc89,113,117,14760.300000000001,3031.37,0.20537319702174073,111.0,7.0,-12.091396604938272,6.306306306306306,112.0,4.221238938053097,12.0,10.714285714285714,True,High Revenue + High Experience
1b61fb1f0f2185d89e9a126c498e9cc7,1,1,49.7,16.11,0.32414486921529173,1.0,0.0,-13.338900462962963,0.0,1.0,5.0,0.0,0.0,False,Insufficient Review Volume
1b65c144b17e607c0f37f10bb7dfec8d,5,5,1109.5,144.85,0.13055430374042362,5.0,0.0,-28.005888888888887,0.0,5.0,2.0,3.0,60.0,False,Insufficient Review Volume
1b7e5006cb25dd23ce8686691013b121,11,11,2636.74,149.22,0.05659261057214591,11.0,2.0,-5.683180765993266,18.181818181818183,11.0,4.363636363636363,1.0,9.090909090909092,False,Insufficient Review Volume
1b8356dabde1d35e17cef975c3f82730,56,61,3426.39,987.22,0.28812248459749185,55.0,1.0,-13.201664983164983,1.8181818181818181,56.0,4.160714285714286,6.0,10.714285714285714,True,High Revenue + High Experience
1b8b75e227c9a9c100d0c210fb6176ce,19,19,1914.8300000000002,280.78000000000003,0.14663442707707733,15.0,1.0,-18.928371141975312,6.666666666666667,19.0,3.3684210526315788,7.0,36.84210526315789,False,Insufficient Review Volume
1b938a7ec6ac5061a66a3766e0e75f90,30,33,3987.6,910.23,0.22826512187782125,29.0,1.0,-14.011802362707535,3.4482758620689653,30.0,4.3,3.0,10.0,True,High Revenue + High Experience
1bb2bdb95f4841f1bba2c0d2cd83d3c9,81,85,5002.71,1146.56,0.22918778022311906,79.0,6.0,-12.600108122362869,7.59493670886076,80.0,4.6419753086419755,3.0,3.75,True,High Revenue + High Experience
1bb3812d5f0747a3ab7348f199001a10,9,9,834.4000000000001,215.17,0.25787392138063275,9.0,0.0,-19.353514660493826,0.0,9.0,4.888888888888889,0.0,0.0,False,Insufficient Review Volume
1bc2e21de46adfea6b98cc96b00f3b40,3,5,1039.95,102.60000000000001,0.09865858935525747,3.0,0.0,-4.847986111111111,0.0,3.0,3.3333333333333335,1.0,33.33333333333333,False,Insufficient Review Volume
1c129092bf23f28a5930387c980c0dfc,201,220,9553.619999999999,3035.67,0.3177507583512847,200.0,11.0,-9.343424131944445,5.5,200.0,4.235,24.0,12.0,True,High Revenue + High Experience
1c40343cc5d18c2d8248ac2f3366de34,21,22,2461.41,378.01,0.15357457717324624,21.0,2.0,-11.014780092592593,9.523809523809524,21.0,4.619047619047619,0.0,0.0,False,Insufficient Review Volume
1c56ffe0e9dea2657fc6e95b53f40b13,3,3,183.0,84.39,0.46114754098360655,3.0,0.0,-8.654961419753088,0.0,3.0,4.333333333333333,0.0,0.0,False,Insufficient Review Volume
1c5e4e49b9079480255b49d50aac1aa9,12,12,10173.11,889.61,0.08744720149492141,12.0,0.0,-11.531357060185186,0.0,12.0,4.333333333333333,1.0,8.333333333333332,False,Insufficient Review Volume
1c68394e931a64f90ea236c5ea590300,142,171,24832.75,2896.41,0.11663669951978738,142.0,5.0,-14.60207241131977,3.5211267605633805,142.0,3.918918918918919,24.0,16.901408450704224,True,High Revenue + Lower Experience
1c742ac33582852aaf3bcfbf5893abcf,1,1,97.9,15.79,0.16128702757916238,1.0,0.0,-19.310625,0.0,1.0,5.0,0.0,0.0,False,Insufficient Review Volume
1c83418358f249c9d6affa52d579db0e,1,1,24.9,14.52,0.5831325301204819,1.0,0.0,-22.522997685185185,0.0,1.0,5.0,0.0,0.0,False,Insufficient Review Volume
1ca4bdb0cd7fc48e949bac066188ed26,4,4,1520.0,443.08,0.2915,3.0,1.0,-9.802546296296297,33.33333333333333,4.0,4.5,0.0,0.0,False,Insufficient Review Volume
1ca7077d890b907f89be8c954a02686a,115,137,13341.57,1659.8600000000001,0.12441264408911397,108.0,24.0,-5.961805662722908,22.22222222222222,114.0,2.3333333333333335,70.0,61.40350877192983,True,High Revenue + Lower Experience
1caf283236cd69af44cbc09a0a1e7d32,33,37,917.6,612.65,0.6676656495204882,33.0,3.0,-11.1239656986532,9.090909090909092,33.0,4.606060606060606,2.0,6.0606060606060606,True,High Revenue + High Experience
1cbcd2ee0afb3fc09963b87eb65e7e4f,1,3,90.0,40.650000000000006,0.4516666666666667,1.0,0.0,-12.212650462962962,0.0,1.0,5.0,0.0,0.0,False,Insufficient Review Volume
1cbd32d00d01bb8087a5eb088612fd9c,11,12,1045.47,244.06,0.2334452447224693,11.0,1.0,-10.368041877104377,9.090909090909092,11.0,4.181818181818182,1.0,9.090909090909092,False,Insufficient Review Volume
1cbd50a8c52e6cf8e315c5709fab386f,9,9,785.97,220.69,0.2807867984783134,9.0,1.0,-12.062681327160496,11.11111111111111,9.0,3.7777777777777777,1.0,11.11111111111111,False,Insufficient Review Volume
1cbdc7cf130a41fd13a3c2a7d2fcfda7,2,2,165.8,59.81,0.36073582629674306,2.0,0.0,-12.850619212962963,0.0,2.0,5.0,0.0,0.0,False,Insufficient Review Volume
1cd9e0cc1839d55516843def5600816d,5,5,825.0,101.72,0.1232969696969697,5.0,0.0,-9.396141203703703,0.0,5.0,5.0,0.0,0.0,False,Insufficient Review Volume
1ce3ae5a399804d1a87e706f8a813c3e,40,44,2563.0,853.69,0.333082325399922,40.0,4.0,-14.673606770833334,10.0,40.0,3.75,8.0,20.0,True,High Revenue + Lower Experience
1d0646a72178a6fb37ee8082140e06ec,2,2,61.0,36.62,0.6003278688524589,2.0,0.0,-6.654791666666666,0.0,2.0,5.0,0.0,0.0,False,Insufficient Review Volume
1d0997ff06b524ce9289ffd75114ecd3,3,3,3747.0,126.57,0.03377902321857486,3.0,1.0,-18.723460648148148,33.33333333333333,3.0,3.6666666666666665,1.0,33.33333333333333,False,Insufficient Review Volume
1d139e3a3b14025640d8df1b230aace0,2,2,36.49,34.69,0.9506714168265277,2.0,0.0,-19.69909722222222,0.0,2.0,3.5,0.0,0.0,False,Insufficient Review Volume
1d1bbb8ac1581824986f582583fff01d,4,4,166.88,59.589999999999996,0.3570829338446788,4.0,1.0,-4.972531828703704,25.0,4.0,3.5,1.0,25.0,False,Insufficient Review Volume
1d2732ef8321502ee8488e8bed1ab8cd,4,5,1148.0,80.18,0.0698432055749129,4.0,1.0,-4.471857638888888,25.0,4.0,3.0,1.0,25.0,False,Insufficient Review Volume
1d29dfba02015238dfbe2449a5eaa361,12,12,612.8,177.12,0.28903394255874676,12.0,1.0,-8.706571180555557,8.333333333333332,12.0,4.5,1.0,8.333333333333332,False,Insufficient Review Volume
1d4587203296c8f4ad134dc286fa6db0,42,43,2323.3,704.24,0.30312056127060644,40.0,2.0,-10.516272280092592,5.0,42.0,4.285714285714286,4.0,9.523809523809524,True,High Revenue + High Experience
1d503743d2526f03f0c2c89540ee008c,12,17,516.04,204.49,0.39626773118362923,12.0,1.0,-8.874623842592593,8.333333333333332,12.0,3.9166666666666665,2.0,16.666666666666664,False,Insufficient Review Volume
1d8dbc4f32378d715c717c1c1fc57bae,92,98,11315.89,2105.16,0.18603574265921638,91.0,9.0,-10.861656618844119,9.89010989010989,90.0,4.022222222222222,14.0,15.555555555555555,True,High Revenue + Lower Experience
1d953075c2f0dd990bacf27b83b330f1,1,1,59.0,19.32,0.32745762711864407,1.0,0.0,-23.23414351851852,0.0,1.0,5.0,0.0,0.0,False,Insufficient Review Volume
1da366cade6d8276e7d8beea7af5d4bf,43,49,6917.589999999999,1756.14,0.2538658694718826,42.0,5.0,-7.8560317460317455,11.904761904761903,42.0,3.9285714285714284,8.0,19.047619047619047,True,High Revenue + Lower Experience
1da3aeb70d7989d1e6d9b0e887f97c23,265,328,8823.52,4231.84,0.47960904491631456,261.0,15.0,-10.665790008159501,5.747126436781609,263.0,4.154716981132076,34.0,12.927756653992395,True,High Revenue + High Experience
1dc2de47ee26a0a5b12dc14fd6dc0dea,25,27,1670.3,617.1999999999999,0.36951445848051245,25.0,3.0,-8.128699074074074,12.0,25.0,4.56,1.0,4.0,False,Insufficient Review Volume
1dcfa3835714681d4ba4a93bc1e0fd41,13,15,1278.5,323.6,0.2531091122409073,12.0,0.0,-14.90652199074074,0.0,12.0,4.0,2.0,16.666666666666664,False,Insufficient Review Volume
1dd33b8119b3cb1056ed5dc88cd0aaf4,8,8,1513.0,128.74,0.08508922670191672,8.0,1.0,-15.002196180555556,12.5,8.0,3.75,1.0,12.5,False,Insufficient Review Volume
1de62b6f2fd96227629786db492433db,2,2,208.8,28.73,0.13759578544061302,2.0,0.0,-14.601319444444444,0.0,2.0,5.0,0.0,0.0,False,Insufficient Review Volume
1dfe5347016252a7884b694d4f10f5c4,21,27,1693.5,436.23,0.2575907883082374,20.0,5.0,-6.81793287037037,25.0,20.0,3.4,6.0,30.0,False,Insufficient Review Volume
1e26c56af8d48424e1df0140a2401f83,2,2,258.9,33.49,0.1293549633062959,2.0,0.0,-15.580636574074074,0.0,2.0,5.0,0.0,0.0,False,Insufficient Review Volume
1e47d8b6546eb3a77b1acddcc9406242,1,1,149.9,16.81,0.11214142761841227,1.0,0.0,-10.131041666666667,0.0,1.0,1.0,1.0,100.0,False,Insufficient Review Volume
1e47defeeadeca0e9a18fa5a9311e735,3,3,234.12,57.5,0.24560054672817358,3.0,0.0,-11.723958333333334,0.0,3.0,5.0,0.0,0.0,False,Insufficient Review Volume
1e483cc5c76fef08d3ca05f9a8af7d01,10,11,171.99,123.08000000000001,0.7156230013372871,9.0,0.0,-10.71158693415638,0.0,10.0,4.1,1.0,10.0,False,Insufficient Review Volume
1e8b33f18b4f7598d87f5cbee2282cc2,123,140,17309.06,2702.24,0.1561170855031989,122.0,6.0,-10.188898660443229,4.918032786885246,121.0,4.371900826446281,14.0,11.570247933884298,True,High Revenue + High Experience
1e8c6a4c538f286aee9573239740a4b4,5,5,359.7,87.12,0.24220183486238533,5.0,0.0,-13.413328703703703,0.0,5.0,3.8,1.0,20.0,False,Insufficient Review Volume
1e9d5a33694bddb76316fd1f54734d20,2,2,318.0,150.94,0.47465408805031445,2.0,0.0,-7.723489583333333,0.0,2.0,4.5,0.0,0.0,False,Insufficient Review Volume
1eade46fba20122dc4aefb379f8c636b,58,75,3635.37,1038.34,0.28562154608746837,58.0,8.0,-7.006488864942528,13.793103448275861,58.0,4.431034482758621,5.0,8.620689655172415,True,High Revenue + High Experience
1f1bb1f0859883505541bdd6606193e5,27,29,16040.84,522.03,0.032543806932804016,27.0,3.0,-10.161443758573387,11.11111111111111,27.0,4.333333333333333,2.0,7.4074074074074066,False,Insufficient Review Volume
1f2eebc0e970fd3c463e4f5d9652687a,1,1,44.99,8.48,0.18848633029562126,1.0,1.0,5.1224537037037035,100.0,1.0,5.0,0.0,0.0,False,Insufficient Review Volume
1f50f920176fa81dab994f9023523100,1404,1931,106939.20999999999,35165.770000000004,0.3288388795840179,1399.0,148.0,-9.634086235538613,10.578984989278057,1399.0,4.130341880341881,200.0,14.295925661186562,True,High Revenue + Lower Experience
1f7dfad2cb384ea4d2d7e1ffbd78c407,1,1,49.0,8.29,0.16918367346938773,1.0,0.0,-3.085150462962963,0.0,1.0,1.0,1.0,100.0,False,Insufficient Review Volume
1f7fd2a6fcd5a6fa5d8a4dabc72aaae0,3,3,531.8,100.88,0.18969537420082738,3.0,0.0,-15.922824074074072,0.0,3.0,5.0,0.0,0.0,False,Insufficient Review Volume
1f867308a0ce13133a4e639ff4de0c02,7,13,875.1,209.82,0.2397668837847103,7.0,0.0,-15.0880291005291,0.0,7.0,4.142857142857143,1.0,14.285714285714285,False,Insufficient Review Volume
1f9ab4708f3056ede07124aad39a2554,78,79,13602.73,2440.78,0.17943309909113833,76.0,4.0,-12.733447703460039,5.263157894736842,77.0,4.077922077922078,6.0,7.792207792207792,True,High Revenue + Lower Experience
1fa2d3def6adfa70e58c276bb64fe5bb,1,1,6.9,9.0,1.3043478260869565,1.0,0.0,-35.20011574074074,0.0,1.0,1.0,1.0,100.0,False,Insufficient Review Volume
1fbe10c70e30765ed1de86d9f7e98409,2,6,98.75,59.36,0.6011139240506329,2.0,0.0,-3.759195601851852,0.0,2.0,2.5,1.0,50.0,False,Insufficient Review Volume
1fdc574883ef3b33ad41562d93f3a74a,18,18,4251.0,273.27,0.06428369795342272,18.0,1.0,-10.745678369341563,5.555555555555555,18.0,4.444444444444445,0.0,0.0,False,Insufficient Review Volume
1fddcb7b326905d3ad5efe82187db347,1,1,92.0,13.22,0.14369565217391306,,,,,1.0,1.0,1.0,100.0,False,Insufficient Review Volume
1fe5540d7c1c37a595fefbacd5570d9e,20,25,4537.6,581.15,0.12807431241184766,20.0,1.0,-12.696949074074073,5.0,20.0,4.3,1.0,5.0,False,Insufficient Review Volume
1fe61aa5494bd3ae92a2c13e067c810f,1,2,537.76,100.82,0.18748140434394525,1.0,0.0,-16.50079861111111,0.0,1.0,4.0,0.0,0.0,False,Insufficient Review Volume
2009a095de2a2a41626f6c6d7722678d,8,12,388.89,193.54,0.49767286379181774,8.0,0.0,-12.29343894675926,0.0,8.0,4.375,1.0,12.5,False,Insufficient Review Volume
2039c5e51785b5dde7cf93ccb3b7be2c,1,1,159.9,13.78,0.08617886178861787,1.0,0.0,-7.188472222222222,0.0,1.0,5.0,0.0,0.0,False,Insufficient Review Volume
204b4e07bddef3c9b317f70189135b22,1,1,73.4,14.73,0.20068119891008174,1.0,0.0,-10.083055555555555,0.0,1.0,5.0,0.0,0.0,False,Insufficient Review Volume
2059c39f76271d4ca3f15b5ffaccc8b8,12,12,604.9,186.39000000000001,0.30813357579765255,12.0,0.0,-12.75741512345679,0.0,12.0,4.5,0.0,0.0,False,Insufficient Review Volume
20611af7866c6068fd5ae1f9dbe15c92,2,2,219.8,114.5,0.5209281164695178,2.0,0.0,-12.851203703703703,0.0,2.0,4.5,0.0,0.0,False,Insufficient Review Volume
2063dd1b9f568df1c16741ea7d3e6adb,3,3,763.1,57.17,0.07491809723496265,3.0,0.0,-25.488348765432097,0.0,3.0,5.0,0.0,0.0,False,Insufficient Review Volume
2075d8cd4dd63ff12df0749a5866bb06,3,3,184.70000000000002,57.53,0.3114780725500812,3.0,0.0,-6.508051697530864,0.0,3.0,5.0,0.0,0.0,False,Insufficient Review Volume
2078fe5066350e7d220c0ad3a3bbc6c1,1,1,29.9,38.14,1.2755852842809365,,,,,1.0,2.0,1.0,100.0,False,Insufficient Review Volume
2089a6d640999f9b9141ac719b2af596,44,44,8830.82,695.12,0.07871522689852131,41.0,6.0,-10.751182531616983,14.634146341463413,44.0,3.727272727272727,13.0,29.545454545454547,True,High Revenue + Lower Experience
20a7efa9721046319bdde5d60b6b5365,3,6,501.20000000000005,95.39,0.19032322426177173,3.0,0.0,-13.063105709876544,0.0,3.0,5.0,0.0,0.0,False,Insufficient Review Volume
20a8b0dc55da94fe74d112082427c84f,7,7,407.4,123.98,0.3043200785468827,7.0,1.0,-3.8480555555555553,14.285714285714285,7.0,4.285714285714286,1.0,14.285714285714285,False,Insufficient Review Volume
20b54c376b794ed028df09a3cd88e8dc,11,11,1342.95,163.6,0.1218213634163595,7.0,2.0,-2.269943783068783,28.57142857142857,11.0,3.0,4.0,36.36363636363637,False,Insufficient Review Volume
20cb7c2fde3e5bf10f0bbe7394e1c6a9,32,51,861.9,798.38,0.9263023552616313,31.0,3.0,-11.502584378733571,9.67741935483871,32.0,4.0,5.0,15.625,True,High Revenue + Lower Experience
20d53aad4fe5ee93a64f8839609d3586,2,2,51.9,34.54,0.6655105973025048,1.0,1.0,17.70753472222222,100.0,2.0,2.5,1.0,50.0,False,Insufficient Review Volume
20d83f3ef0e6925fd74bfd59170babf7,40,54,2903.6,653.61,0.22510332001653122,40.0,2.0,-11.000626157407407,5.0,40.0,4.4,3.0,7.5,True,High Revenue + High Experience
20f0aeea30bc3b8c4420be8ced4226c0,1,1,14.9,14.52,0.9744966442953019,1.0,1.0,13.517222222222221,100.0,,,,,False,Insufficient Review Volume
20fd2d2080ed85fa67fad3fcbb2c1813,1,1,85.9,19.57,0.22782305005820722,,,,,1.0,1.0,1.0,100.0,False,Insufficient Review Volume
2138ccb85b11a4ec1e37afbd1c8eda1f,396,429,12357.03,6069.22,0.49115523714031606,388.0,21.0,-11.954930167764413,5.412371134020619,395.0,3.941919191919192,67.0,16.962025316455694,True,High Revenue + Lower Experience
213b25e6f54661939f11710a6fddb871,155,194,15379.5,3460.46,0.22500471406742742,152.0,13.0,-10.817642467714425,8.552631578947368,154.0,3.793548387096774,33.0,21.428571428571427,True,High Revenue + Lower Experience
213fafb0ca06fb3d5886579c2565791b,3,3,189.70000000000002,27.16,0.14317343173431732,3.0,0.0,-5.483043981481482,0.0,3.0,2.3333333333333335,2.0,66.66666666666666,False,Insufficient Review Volume
2156f2671501a81034d7d07f217609d0,22,22,2981.5,452.39,0.1517323494885125,21.0,3.0,-5.8106112213403875,14.285714285714285,22.0,3.8636363636363638,4.0,18.181818181818183,False,Insufficient Review Volume
217f005bb37ff3aeef5b2ae1788e75ba,3,3,74.97,45.25,0.6035747632386288,2.0,0.0,-8.935538194444444,0.0,3.0,3.75,1.0,33.33333333333333,False,Insufficient Review Volume
218d46b86c1881d022bce9c68a7d4b15,388,427,55093.28,7644.26,0.1387512233796935,382.0,36.0,-10.818113244134187,9.424083769633508,386.0,4.149484536082475,51.0,13.21243523316062,True,High Revenue + Lower Experience
218f991754f360af9c2daa5e0b8e990c,14,17,3554.32,265.22,0.07461905512165477,14.0,2.0,-5.965501818783069,14.285714285714285,14.0,3.642857142857143,3.0,21.428571428571427,False,Insufficient Review Volume
2199e7fe213c16213bf5d6a7eadc9a5d,25,31,4078.29,569.49,0.13963940769293012,24.0,1.0,-13.062567997685186,4.166666666666666,25.0,4.24,3.0,12.0,False,Insufficient Review Volume
21c62b998a043ebe31161d38f84929fc,4,4,750.49,90.84,0.12104091993231089,4.0,0.0,-15.420567129629628,0.0,4.0,4.5,0.0,0.0,False,Insufficient Review Volume
21d59342ba150175ca2aa4f8faddeca6,2,2,259.9,74.39,0.28622547133512893,2.0,0.0,-17.836394675925927,0.0,2.0,4.5,0.0,0.0,False,Insufficient Review Volume
21e83881401b92b49fb09a16d3852291,14,15,3588.0499999999997,594.48,0.16568330987583788,12.0,0.0,-12.894152199074073,0.0,14.0,4.357142857142857,2.0,14.285714285714285,False,Insufficient Review Volume
2235cf78d3e2073a88146a9cb60f0dd0,1,1,178.99,25.77,0.14397452371640873,1.0,0.0,-10.984675925925925,0.0,1.0,5.0,0.0,0.0,False,Insufficient Review Volume
226b05fe067266c59c15dae208213d06,10,11,1056.9,188.68,0.1785220929132368,10.0,0.0,-12.958864583333334,0.0,10.0,4.5,1.0,10.0,False,Insufficient Review Volume
228e4c1a0be164f613d41c24345f9d2c,5,5,539.7,229.74,0.42568093385214006,5.0,0.0,-19.434162037037037,0.0,5.0,5.0,0.0,0.0,False,Insufficient Review Volume
229c3efbfb0ea2058de4ccdfbc3d784a,121,148,15744.0,2362.57,0.15006161077235775,118.0,2.0,-11.954225223634651,1.694915254237288,120.0,3.625,30.0,25.0,True,High Revenue + Lower Experience
22a23e5ac7061fc538cc2a019afaaf16,1,1,95.0,14.42,0.15178947368421053,1.0,0.0,-15.51226851851852,0.0,1.0,3.0,0.0,0.0,False,Insufficient Review Volume
22c32ec35d0116ef02c281798a25bf8b,4,6,119.58,90.43,0.7562301388192006,4.0,0.0,-14.313469328703704,0.0,4.0,3.75,0.0,0.0,False,Insufficient Review Volume
2305ab43e846518f58dd9d59f3f54e96,3,3,788.89,42.370000000000005,0.05370837505862668,3.0,0.0,-10.79204475308642,0.0,3.0,3.6666666666666665,1.0,33.33333333333333,False,Insufficient Review Volume
232a6014e7b10cba61c6c2b2ea6bb4b0,33,36,3919.87,1213.4,0.30955108205119053,32.0,2.0,-13.270305627893519,6.25,32.0,4.15625,4.0,12.5,True,High Revenue + High Experience
23613d49c3ac2bd302259e55c06c050c,70,80,4293.0,2167.7599999999998,0.5049522478453295,69.0,10.0,-10.35792270531401,14.492753623188406,69.0,3.8260869565217392,17.0,24.637681159420293,True,High Revenue + Lower Experience
236585a4ddb5fea9fa40233e2249ed91,11,11,649.53,188.14,0.28965559712407435,11.0,1.0,-12.473392255892257,9.090909090909092,11.0,4.090909090909091,1.0,9.090909090909092,False,Insufficient Review Volume
2379bdc3888025689a9deb7b141507d5,9,9,999.5,126.11,0.12617308654327164,9.0,3.0,-5.024538323045268,33.33333333333333,9.0,4.333333333333333,1.0,11.11111111111111,False,Insufficient Review Volume
238fac594e170b59c6d228f5a4f4f1d9,29,30,3126.0,1419.52,0.4541010876519514,29.0,3.0,-10.106131066411239,10.344827586206897,28.0,4.0,4.0,14.285714285714285,False,Insufficient Review Volume
23a0ffca143a15b9b5bbdb7d552f626a,23,24,3718.51,585.77,0.1575281497158808,23.0,3.0,-10.603278482286635,13.043478260869565,23.0,3.9130434782608696,5.0,21.73913043478261,False,Insufficient Review Volume
23c38debaffe4a25a30fdbd9b586a13f,41,46,5382.18,834.38,0.15502640194122083,41.0,6.0,-9.36287093495935,14.634146341463413,41.0,4.317073170731708,1.0,2.4390243902439024,True,High Revenue + High Experience
23ca5f678e0b3ea6c630b30fa8bf51ea,6,7,183.0,96.39,0.5267213114754098,6.0,0.0,-16.79510802469136,0.0,6.0,5.0,0.0,0.0,False,Insufficient Review Volume
23d7c96d4a1160db1c726b248601b25a,53,55,11766.94,1379.58,0.11724203573741346,50.0,6.0,-10.26334699074074,12.0,50.0,3.803921568627451,10.0,20.0,True,High Revenue + Lower Experience
23ff42c4bf1f8f16cddb19d8b972974a,2,3,174.70000000000002,52.97,0.3032054951345163,2.0,0.0,-15.213541666666668,0.0,2.0,4.0,0.0,0.0,False,Insufficient Review Volume
240b9776d844d37535668549a396af32,36,36,13592.08,860.57,0.06331407702132419,35.0,2.0,-10.563041997354496,5.714285714285714,36.0,4.277777777777778,4.0,11.11111111111111,True,High Revenue + High Experience
244b04680fdbded0acf5aebd9c92b44a,3,3,3477.7000000000003,138.81,0.03991431118267821,2.0,1.0,5.128229166666666,50.0,2.0,1.0,2.0,100.0,False,Insufficient Review Volume
244c2f1bff6afe1f2eaf9bfe9b2aed38,23,27,2580.0,1214.87,0.47087984496124025,23.0,2.0,-9.52698520531401,8.695652173913043,23.0,3.68,5.0,21.73913043478261,False,Insufficient Review Volume
247587846358bb1d2e4c6522020b36fe,1,1,99.0,22.51,0.2273737373737374,1.0,0.0,-12.269097222222221,0.0,1.0,5.0,0.0,0.0,False,Insufficient Review Volume
2493dc3f20131696a0ecdb9948051a8d,4,4,504.38,70.69,0.1401522661485388,4.0,0.0,-23.336918402777776,0.0,4.0,4.75,0.0,0.0,False,Insufficient Review Volume
249f0e9905a6e06ad6c6bea7547ab9f6,3,3,347.95,39.04,0.11220002873976147,3.0,0.0,-18.920628858024692,0.0,3.0,3.6666666666666665,1.0,33.33333333333333,False,Insufficient Review Volume
24a6daf925d9d591870a66660416de31,2,2,60.0,30.08,0.5013333333333333,2.0,0.0,-11.250729166666666,0.0,2.0,4.5,0.0,0.0,False,Insufficient Review Volume
24c1de8d9551c0b4fbc53317d53efda8,1,1,355.0,57.12,0.16090140845070422,1.0,0.0,-22.441875,0.0,1.0,5.0,0.0,0.0,False,Insufficient Review Volume
2528513dd95219a6013d4d05176e391a,161,167,32689.1,3749.65,0.11470643119571969,160.0,8.0,-11.595177445023149,5.0,158.0,3.949367088607595,28.0,17.72151898734177,True,High Revenue + Lower Experience
2528744c5ef5d955adc318720a94d2e7,5,5,6245.0,263.7,0.042225780624499595,5.0,0.0,-8.749944444444445,0.0,5.0,2.4,3.0,60.0,False,Insufficient Review Volume
252e76235acb79183cfca6e34f13337d,3,4,261.2,60.57,0.23189127105666157,3.0,0.0,-16.627623456790122,0.0,3.0,3.3333333333333335,1.0,33.33333333333333,False,Insufficient Review Volume
253c025bab43881055aeecde5e2d8b77,2,2,94.82,29.509999999999998,0.3112212613372706,2.0,1.0,-6.271886574074074,50.0,2.0,4.5,0.0,0.0,False,Insufficient Review Volume
253f95b3a0e6983ae18aed49fbc2b845,5,5,799.5,91.44,0.11437148217636023,5.0,0.0,-13.266921296296294,0.0,5.0,4.4,0.0,0.0,False,Insufficient Review Volume
257e61d3251fb5efb9daadddbc2cf7ca,12,12,7729.0,1077.18,0.13936861172208567,12.0,0.0,-17.01090760030864,0.0,12.0,4.75,0.0,0.0,False,Insufficient Review Volume
258447aad3f7b01e2643c89f64dc5647,1,1,51.9,19.55,0.37668593448940274,1.0,0.0,-11.231215277777778,0.0,1.0,5.0,0.0,0.0,False,Insufficient Review Volume
259f7b5e6e482c230e5bfaa670b6bb8f,138,165,8526.04,2739.21,0.3212757622530506,136.0,3.0,-12.741610243055556,2.2058823529411766,137.0,4.297101449275362,16.0,11.678832116788321,True,High Revenue + High Experience
25be943a321c8938947bdaabca979a90,5,5,769.0,138.55,0.18016905071521458,3.0,0.0,-9.076033950617285,0.0,5.0,3.0,2.0,40.0,False,Insufficient Review Volume
25c5c91f63607446a97b143d2d535d31,158,269,54679.22,7000.11,0.12802139459926457,156.0,11.0,-11.147756558641975,7.051282051282051,157.0,3.8,33.0,21.019108280254777,True,High Revenue + Lower Experience
25cf099de44674fde97473224f9d59ab,50,50,1654.36,705.19,0.42626151502695914,50.0,2.0,-12.233253009259261,4.0,49.0,4.326530612244898,5.0,10.204081632653061,True,High Revenue + High Experience
25debeafbce801fdd479539350185eee,6,7,302.84000000000003,100.01,0.3302403909655263,5.0,0.0,-8.164861111111112,0.0,6.0,2.6666666666666665,3.0,50.0,False,Insufficient Review Volume
25e47381a6c510ddeb36084e33b89f0c,16,17,1289.6000000000001,282.11,0.21875775434243175,16.0,0.0,-12.345716869212962,0.0,16.0,4.25,1.0,6.25,False,Insufficient Review Volume
25e6ffe976bd75618accfe16cefcbd0d,108,117,11691.61,1705.24,0.14585159785521412,106.0,6.0,-12.900293937805731,5.660377358490567,108.0,4.407407407407407,9.0,8.333333333333332,True,High Revenue + High Experience
262237171f48e85819065498cac80d7b,4,10,599.0,150.0,0.25041736227045075,4.0,0.0,-9.493449074074075,0.0,4.0,4.25,0.0,0.0,False,Insufficient Review Volume
2646baaf662d4d92ac48f047e35db92d,15,18,1263.05,286.34,0.2267051977356399,15.0,2.0,-10.021923611111111,13.333333333333334,15.0,4.466666666666667,2.0,13.333333333333334,False,Insufficient Review Volume
26562f211dd1364af2a8596dc945e8ae,2,2,99.0,16.11,0.16272727272727272,2.0,0.0,-4.166134259259259,0.0,2.0,5.0,0.0,0.0,False,Insufficient Review Volume
265fdc289dffa9f1ad801c74f7d0de47,1,1,495.0,51.55,0.10414141414141413,1.0,0.0,-7.127997685185186,0.0,1.0,5.0,0.0,0.0,False,Insufficient Review Volume
26785a546900236d66f2e4197c211158,15,15,1019.2,225.45,0.2212029042386185,15.0,0.0,-17.954417438271605,0.0,15.0,4.666666666666667,1.0,6.666666666666667,False,Insufficient Review Volume
269c5fc9fcadee614364c3620c30a1f9,3,6,209.6,45.12,0.21526717557251906,3.0,1.0,-1.9217476851851851,33.33333333333333,3.0,5.0,0.0,0.0,False,Insufficient Review Volume
269cff2d3c8d205c11f37a52402ea93b,4,5,1281.59,133.41,0.1040972541920583,4.0,0.0,-8.523900462962963,0.0,4.0,4.5,0.0,0.0,False,Insufficient Review Volume
26af45f5dfd967225a832838aa4e24a3,10,11,573.1,198.51,0.34637934042924445,10.0,0.0,-13.513180555555556,0.0,10.0,4.1,2.0,20.0,False,Insufficient Review Volume
26b482dccfa29bd2e40703ba45523702,3,4,344.78,67.63,0.1961540692615581,3.0,0.0,-6.148993055555555,0.0,3.0,5.0,0.0,0.0,False,Insufficient Review Volume
26bad72add1f86e08a776ce4ffdaf1ca,7,7,622.0,123.92,0.1992282958199357,7.0,0.0,-12.741071428571429,0.0,7.0,4.428571428571429,0.0,0.0,False,Insufficient Review Volume
26d6bbee02420494d471c9f6436929c0,12,13,434.51,247.19,0.56889369634761,12.0,0.0,-10.078781828703704,0.0,12.0,4.666666666666667,0.0,0.0,False,Insufficient Review Volume
26d8a1c7c75d513045798992ead43aa2,36,38,8244.12,701.66,0.0851103574426379,34.0,3.0,-11.45106651688453,8.823529411764707,36.0,4.305555555555555,4.0,11.11111111111111,True,High Revenue + High Experience
26e13b6ff5b641b329e5524241ee2c93,4,4,119.69999999999999,69.97999999999999,0.5846282372598162,4.0,0.0,-9.701082175925926,0.0,4.0,4.0,1.0,25.0,False,Insufficient Review Volume
26e2c91ef821e1ff8985f408788fe35b,12,14,1649.4,274.47,0.16640596580574754,12.0,5.0,2.2378645833333333,41.66666666666667,12.0,3.0,4.0,33.33333333333333,False,Insufficient Review Volume
26e2e5033827d2ba53929f43e03d8ffe,1,1,139.49,15.29,0.10961359237221305,1.0,0.0,-13.195520833333333,0.0,1.0,5.0,0.0,0.0,False,Insufficient Review Volume
26f6b7ab07be3e9e69ce82a6552efc19,2,2,54.8,25.95,0.47354014598540145,2.0,1.0,-2.1773842592592594,50.0,2.0,3.0,1.0,50.0,False,Insufficient Review Volume
270297ead4c65a6cd2593960d2af6b21,18,20,9422.4,546.1,0.05795763287485142,17.0,0.0,-13.248894335511983,0.0,17.0,3.823529411764706,5.0,29.411764705882355,False,Insufficient Review Volume
270572bb714b00531be85e16e1550f26,1,1,96.99,14.77,0.1522837405918136,1.0,0.0,-15.033252314814815,0.0,1.0,5.0,0.0,0.0,False,Insufficient Review Volume
2709af9587499e95e803a6498a5a56e9,26,47,1279.56,579.46,0.45285879521085376,25.0,3.0,-9.469196296296296,12.0,25.0,3.84,6.0,24.0,False,Insufficient Review Volume
270d3ef21830ad0ecf3a6c53d08a533a,6,18,509.0,234.67,0.461041257367387,5.0,0.0,-8.429375,0.0,6.0,2.3333333333333335,3.0,50.0,False,Insufficient Review Volume
271b8923c6a549e02d3c9fd1f8c0422b,1,1,105.19,13.4,0.12738853503184713,1.0,1.0,4.994236111111111,100.0,1.0,4.0,0.0,0.0,False,Insufficient Review Volume
271c58a1d139c45eaf3316107c6d3a3b,29,29,3897.52,671.19,0.17220950758431003,27.0,2.0,-10.538530949931411,7.4074074074074066,29.0,4.068965517241379,5.0,17.24137931034483,False,Insufficient Review Volume
272f092de69afedd4d2969440b37f18f,26,40,1935.3300000000002,536.01,0.27696051836120966,25.0,0.0,-15.947840277777777,0.0,25.0,3.730769230769231,7.0,28.000000000000004,False,Insufficient Review Volume
2745f798279e0ed033addcc1474776d7,32,32,3668.53,696.46,0.18984715948895062,32.0,3.0,-9.98487377025463,9.375,31.0,3.967741935483871,4.0,12.903225806451612,True,High Revenue + Lower Experience
276677b5d08786d5dce7c2149dcce48b,33,47,3522.0,798.64,0.22675752413401476,31.0,3.0,-8.122091920549583,9.67741935483871,33.0,3.909090909090909,7.0,21.21212121212121,True,High Revenue + Lower Experience
278b6e0b20c4f61fefaa0577943d7a35,1,2,1078.0,74.62,0.06922077922077922,,,,,1.0,1.0,1.0,100.0,False,Insufficient Review Volume
27a56ff04b34c2ba34ce6ba4d3b9d616,8,8,349.28999999999996,102.98,0.29482664834378314,8.0,1.0,-9.328110532407408,12.5,8.0,4.125,1.0,12.5,False,Insufficient Review Volume
282c7480173bb9c01dd41cc739fec010,5,8,4274.2,192.11,0.0449464227223808,5.0,1.0,-10.658854166666666,20.0,4.0,4.0,1.0,25.0,False,Insufficient Review Volume
282f23a9769b2690c5dda22e316f9941,99,110,6505.08,1881.88,0.2892939056860177,98.0,5.0,-10.395335175736962,5.1020408163265305,99.0,4.333333333333333,5.0,5.05050505050505,True,High Revenue + High Experience
28405831a29823802aa22c084cfd0649,7,7,245.0,88.18,0.35991836734693883,6.0,0.0,-5.261581790123457,0.0,7.0,4.285714285714286,0.0,0.0,False,Insufficient Review Volume
28872dc528e978a639754bc8c2ce5a4c,1,1,1009.9,29.0,0.028715714427171007,1.0,0.0,-30.005532407407408,0.0,1.0,5.0,0.0,0.0,False,Insufficient Review Volume
289cdb325fb7e7f891c38608bf9e0962,110,126,13544.95,2094.34,0.15462146408809188,109.0,2.0,-9.661951771151886,1.834862385321101,110.0,4.572727272727272,6.0,5.454545454545454,True,High Revenue + High Experience
28a26ebce31d5918b181ede016fd693b,1,1,29.9,17.14,0.5732441471571906,1.0,0.0,-9.265405092592593,0.0,1.0,5.0,0.0,0.0,False,Insufficient Review Volume
28c7d8743fbc8679f484868cc0fcaefb,3,3,201.5,68.86,0.34173697270471465,3.0,0.0,-10.486496913580247,0.0,3.0,5.0,0.0,0.0,False,Insufficient Review Volume
28d162ab86bb49d719c32f0ee6186eaa,1,1,109.99,17.21,0.15646876988817165,1.0,0.0,-11.180289351851853,0.0,1.0,4.0,0.0,0.0,False,Insufficient Review Volume
28ea411b354f14b1a494be4e79f0ce02,6,6,820.0,76.93,0.09381707317073172,6.0,1.0,-10.8407137345679,16.666666666666664,6.0,4.666666666666667,0.0,0.0,False,Insufficient Review Volume
28f10b1c5e5abb9d4857745bede6147c,28,28,835.0,350.42,0.4196646706586827,28.0,6.0,-5.966380208333334,21.428571428571427,28.0,4.0,5.0,17.857142857142858,False,Insufficient Review Volume
28fb0829fd777877cdc350d25cb5bd5b,4,4,499.6,69.66,0.13943154523618895,2.0,0.0,-10.117546296296297,0.0,4.0,3.75,1.0,25.0,False,Insufficient Review Volume
293dee954235e4e4e43f129313625ebe,8,8,1778.92,240.3,0.1350819598408023,8.0,0.0,-16.984992766203703,0.0,8.0,5.0,0.0,0.0,False,Insufficient Review Volume
2953ce3a88f5e3c3b696d77fc9e4c8eb,14,15,470.0,161.32,0.34323404255319145,14.0,3.0,-4.453941798941799,21.428571428571427,14.0,4.642857142857143,1.0,7.142857142857142,False,Insufficient Review Volume
296729ffb9b684050dd24836dac4494a,2,2,114.0,35.61,0.3123684210526316,2.0,0.0,-12.103043981481482,0.0,2.0,5.0,0.0,0.0,False,Insufficient Review Volume
297d5eccd19fa9a83b2630071ff105e4,8,8,834.97,141.76,0.16977855491814076,8.0,0.0,-12.015079571759259,0.0,8.0,5.0,0.0,0.0,False,Insufficient Review Volume
299c89a525fee36c567f4fe72f038100,2,2,658.0,99.75,0.15159574468085107,1.0,0.0,-4.946851851851852,0.0,2.0,2.0,1.0,50.0,False,Insufficient Review Volume
29c322e3f09f886f8bacbe91dfbd979e,1,2,48.98,56.59,1.1553695385871785,1.0,0.0,-19.433483796296297,0.0,1.0,5.0,0.0,0.0,False,Insufficient Review Volume
29e6e05b65f93bc224c644319dc52ecf,4,4,475.6,83.32,0.17518923465096717,4.0,0.0,-14.186218171296296,0.0,4.0,4.75,0.0,0.0,False,Insufficient Review Volume
29fe9f200d3fa0c668d2aa1ec7e08dfb,5,5,400.0,114.16,0.2854,5.0,0.0,-15.182108796296296,0.0,5.0,4.0,1.0,20.0,False,Insufficient Review Volume
2a1348e9addc1af5aaa619b1a3679d6b,52,55,2843.0,788.4,0.2773126978543792,48.0,13.0,1.6164293981481486,27.083333333333332,51.0,3.1176470588235294,19.0,37.254901960784316,True,High Revenue + Lower Experience
2a167ca73899c85001a837d8fb4962f6,2,3,4097.0,100.62,0.024559433731999026,2.0,0.0,-13.72788773148148,0.0,2.0,4.5,0.0,0.0,False,Insufficient Review Volume
2a261b5b644fa05f4f2700eb93544f2c,51,82,5355.0,2041.73,0.3812754435107376,51.0,10.0,-8.953562545388525,19.607843137254903,51.0,3.826923076923077,11.0,21.568627450980394,True,High Revenue + Lower Experience
2a50b7ee5aebecc6fd0ff9784a4747d6,1,2,199.8,64.44,0.3225225225225225,1.0,1.0,17.64377314814815,100.0,1.0,1.0,1.0,100.0,False,Insufficient Review Volume
2a5b78b41cd05baeac8df54c6606b92c,49,60,19025.36,1107.47,0.05821019943906449,46.0,1.0,-18.616229871175523,2.1739130434782608,49.0,4.326530612244898,5.0,10.204081632653061,True,High Revenue + High Experience
2a61c271b1ac763450d846849783e922,18,23,1516.76,496.37,0.3272567841978955,18.0,4.0,-5.800652649176955,22.22222222222222,18.0,4.055555555555555,3.0,16.666666666666664,False,Insufficient Review Volume
2a6fbeaa7ab9e5d59a35841a8da71ce4,30,30,1632.79,632.49,0.387367634539653,30.0,2.0,-12.08352237654321,6.666666666666667,29.0,3.9310344827586206,5.0,17.24137931034483,False,Insufficient Review Volume
2a73cba571d90c694b7caca072ccf6ce,1,2,342.78,38.7,0.1129004025905829,1.0,1.0,0.7170949074074074,100.0,1.0,5.0,0.0,0.0,False,Insufficient Review Volume
2a7c6c0b0d5efde2bf75ec1e1cec2d41,3,3,147.6,44.44,0.3010840108401084,3.0,0.0,-14.454845679012346,0.0,3.0,3.3333333333333335,1.0,33.33333333333333,False,Insufficient Review Volume
2a7dc43cecabf23403078e2188437d1d,52,54,4795.91,833.71,0.17383770754663871,52.0,4.0,-9.295263977920227,7.6923076923076925,52.0,4.096153846153846,6.0,11.538461538461538,True,High Revenue + Lower Experience
2a84855fd20af891be03bc5924d2b453,164,168,15819.1,3451.51,0.2181862432123193,155.0,5.0,-11.728997535842293,3.225806451612903,162.0,4.245398773006135,18.0,11.11111111111111,True,High Revenue + High Experience
2aa3443d7bf9d9bb11133f420d75e083,10,10,647.0,134.12,0.2072952086553323,10.0,2.0,-8.216180555555555,20.0,10.0,3.0,4.0,40.0,False,Insufficient Review Volume
2aafae69bf4c41fbd94053d9413e87ee,2,2,94.0,29.869999999999997,0.31776595744680847,2.0,0.0,-26.93728009259259,0.0,2.0,4.5,0.0,0.0,False,Insufficient Review Volume
2addf05f476d0637864454e93ba673d5,12,12,4552.0,325.64,0.07153778558875219,12.0,0.0,-14.366703317901234,0.0,12.0,5.0,0.0,0.0,False,Insufficient Review Volume
2b03ac196f5ed62ac483960fe0fa3b65,7,7,843.1,92.09,0.10922784960265686,7.0,1.0,-8.812829034391536,14.285714285714285,7.0,4.142857142857143,1.0,14.285714285714285,False,Insufficient Review Volume
2b1a40c1daabc6ca280c4b815c101841,23,35,12732.6,1902.28,0.14940232159967326,22.0,1.0,-13.52120580808081,4.545454545454546,23.0,3.6956521739130435,5.0,21.73913043478261,False,Insufficient Review Volume
2b2fed75b8e5ea3a052fc4c0825da485,3,4,510.9,59.93,0.1173027989821883,3.0,0.0,-19.62926311728395,0.0,3.0,5.0,0.0,0.0,False,Insufficient Review Volume
2b3b9ce054da76a7428df143a567b156,5,6,301.0,62.28,0.20691029900332225,5.0,0.0,-14.075854166666668,0.0,5.0,3.6,1.0,20.0,False,Insufficient Review Volume
2b3e4a2a3ea8e01938cabda2a3e5cc79,52,54,23629.15,905.95,0.03834035502758246,52.0,0.0,-11.204939903846155,0.0,52.0,4.365384615384615,4.0,7.6923076923076925,True,High Revenue + High Experience
2b402d5dc42554061f8ea98d1916f148,1,1,299.89,63.9,0.21307812864717063,1.0,0.0,-24.320833333333333,0.0,1.0,5.0,0.0,0.0,False,Insufficient Review Volume
2b5ed0c9139dae8883a200dfcb272ece,4,4,85.41,59.34,0.6947664207938181,4.0,1.0,-4.531976273148148,25.0,4.0,4.25,0.0,0.0,False,Insufficient Review Volume
2ba91c7ad80ff88b23b7db823b43c233,6,6,740.4,99.93,0.13496758508914103,6.0,2.0,-2.5156346450617284,33.33333333333333,6.0,3.8333333333333335,1.0,16.666666666666664,False,Insufficient Review Volume
2bd05d410a8fd26dc4184a15f4f2f588,6,7,1316.73,198.54,0.1507826205828074,6.0,0.0,-18.397681327160495,0.0,6.0,5.0,0.0,0.0,False,Insufficient Review Volume
2bdb95a56a36ebbc6640337ac5eac174,1,1,89.9,18.0,0.20022246941045604,1.0,0.0,-33.22650462962963,0.0,1.0,5.0,0.0,0.0,False,Insufficient Review Volume
2be17df1c49978426251562096c3cc09,16,16,2165.0,312.55,0.14436489607390302,16.0,1.0,-15.444670138888888,6.25,16.0,4.1875,1.0,6.25,False,Insufficient Review Volume
2bf28e311bba65237358230cabac3f15,7,8,294.0,183.88,0.6254421768707483,7.0,2.0,-10.316833664021164,28.57142857142857,7.0,3.7142857142857144,2.0,28.57142857142857,False,Insufficient Review Volume
2bf6a2c1e71bbd29a4ad64e6d3c3629f,30,31,50628.9,1000.59,0.01976321824096514,30.0,3.0,-13.775566743827161,10.0,30.0,4.166666666666667,4.0,13.333333333333334,True,High Revenue + High Experience
2c00c85d30361cd2ced2969cffbbffa3,1,1,49.8,7.71,0.15481927710843374,1.0,0.0,-7.314872685185185,0.0,1.0,5.0,0.0,0.0,False,Insufficient Review Volume
2c2c9832d1bb38c5b0034a3b47d313ee,1,1,49.9,18.45,0.3697394789579158,1.0,0.0,-13.459143518518518,0.0,1.0,3.0,0.0,0.0,False,Insufficient Review Volume
2c3d56f92f360fb89d849b84e8f50eae,8,8,465.6,124.84,0.268127147766323,7.0,2.0,-4.674560185185185,28.57142857142857,8.0,3.125,4.0,50.0,False,Insufficient Review Volume
2c43fb513632d29b3b58df74816f1b06,3,3,858.0,72.17,0.08411421911421911,3.0,0.0,-15.929961419753086,0.0,3.0,3.6666666666666665,1.0,33.33333333333333,False,Insufficient Review Volume
2c4c47cb51acd5ea5db5e0ae0e26542a,12,15,2575.9,341.47,0.13256337590744982,12.0,0.0,-13.247910879629629,0.0,12.0,4.666666666666667,0.0,0.0,False,Insufficient Review Volume
2c538755f1ca9540af144f266e70df6c,1,1,334.99,24.92,0.07439028030687483,1.0,0.0,-16.135752314814816,0.0,1.0,5.0,0.0,0.0,False,Insufficient Review Volume
2c54051840f19eca309a5423cf22df36,2,2,23.7,28.57,1.2054852320675107,2.0,0.0,-13.842175925925925,0.0,2.0,4.5,0.0,0.0,False,Insufficient Review Volume
2c9005d8043aff18b8557ffb7b13cda4,1,1,109.9,19.74,0.17961783439490445,1.0,0.0,-7.2723148148148145,0.0,1.0,5.0,0.0,0.0,False,Insufficient Review Volume
2c9e548be18521d1c43cde1c582c6de8,126,174,6109.44,2493.61,0.4081568850827572,124.0,20.0,-5.926114377986858,16.129032258064516,124.0,4.112903225806452,17.0,13.709677419354838,True,High Revenue + Lower Experience
2cb4700db635baa1c0d4f90ed27b6669,2,2,199.8,28.92,0.14474474474474475,2.0,0.0,-28.490868055555552,0.0,2.0,2.0,1.0,50.0,False,Insufficient Review Volume
2cb6eb1b7185064167657fa09f541105,6,7,1217.9,164.78,0.13529846457016176,6.0,0.0,-10.944843749999999,0.0,6.0,4.142857142857143,1.0,16.666666666666664,False,Insufficient Review Volume
2cb98e27ce1c18abdb42209b34c382a7,1,1,62.49,57.21,0.9155064810369659,1.0,0.0,-15.330821759259258,0.0,1.0,4.0,0.0,0.0,False,Insufficient Review Volume
2d20f1cd18725c91147da0791d498022,1,1,99.8,19.89,0.19929859719438878,1.0,0.0,-7.45855324074074,0.0,1.0,5.0,0.0,0.0,False,Insufficient Review Volume
2d22fc3089eb907b29ebff50581fb472,3,3,317.70000000000005,59.69,0.18788164935473714,3.0,0.0,-9.99153935185185,0.0,3.0,3.6666666666666665,0.0,0.0,False,Insufficient Review Volume
2d2322d842118867781fc737e96d59a1,8,10,176.4,104.97,0.5950680272108844,8.0,1.0,-5.9352850115740745,12.5,8.0,4.875,0.0,0.0,False,Insufficient Review Volume
2d2c62bef4c8ba0dd74e0e228e808539,16,16,3749.0,481.48,0.12842891437716725,16.0,2.0,-8.582504340277778,12.5,16.0,4.125,3.0,18.75,False,Insufficient Review Volume
2d34636518ba88f5349b732fcf8ba2e4,1,1,150.0,18.63,0.12419999999999999,1.0,0.0,-27.316331018518518,0.0,1.0,5.0,0.0,0.0,False,Insufficient Review Volume
2d378dbb39815785238c0139c7647fb7,2,2,1154.0,300.44,0.2603466204506066,2.0,0.0,-17.24980324074074,0.0,2.0,5.0,0.0,0.0,False,Insufficient Review Volume
2d42ebcda99fd55f6f4bc2f1ca035d50,10,11,921.5,282.47,0.30653282691264244,10.0,0.0,-13.105767361111111,0.0,10.0,4.3,1.0,10.0,False,Insufficient Review Volume
2d50d6282f8aa2257819a77bfaa0efe0,44,45,3353.48,798.04,0.23797368703555707,42.0,6.0,-9.810587522045855,14.285714285714285,44.0,3.7045454545454546,10.0,22.727272727272727,True,High Revenue + Lower Experience
2d518637f53161b973e01f56ea4bb88e,13,13,1219.8899999999999,319.81,0.26216298190820486,13.0,0.0,-20.82869925213675,0.0,13.0,4.923076923076923,0.0,0.0,False,Insufficient Review Volume
2d8cfba3fcd3170555941605edaa196a,1,1,45.0,10.96,0.24355555555555558,1.0,0.0,-13.559097222222222,0.0,1.0,5.0,0.0,0.0,False,Insufficient Review Volume
2d9e8987a2ea5cf88dce330249043ff1,2,2,239.8,104.37,0.4352376980817348,2.0,0.0,-4.77328125,0.0,2.0,4.5,0.0,0.0,False,Insufficient Review Volume
2dcf93836ae3ce0d7c93e2f10876467a,9,12,1443.8,178.64,0.12372904834464607,9.0,2.0,-7.863797582304526,22.22222222222222,9.0,4.111111111111111,1.0,11.11111111111111,False,Insufficient Review Volume
2dd1fb6f0e42a2243b8a01e40cd41216,4,5,845.89,96.84,0.11448297059901406,3.0,0.0,-15.247943672839506,0.0,4.0,3.0,2.0,50.0,False,Insufficient Review Volume
2dee2ce60de9709b1a24083217181a1f,54,55,7784.5,2060.06,0.2646361359111054,54.0,1.0,-16.777850222908093,1.8518518518518516,54.0,4.425925925925926,3.0,5.555555555555555,True,High Revenue + High Experience
2e0dba2da448400b1c11d7b4b22f32a4,7,13,235.87,171.83,0.7284945096875398,7.0,0.0,-15.461767526455025,0.0,7.0,3.142857142857143,3.0,42.857142857142854,False,Insufficient Review Volume
2e13c71026e1a39ba5cc1b86dcb679aa,24,28,3793.0,517.21,0.13635908252043238,24.0,2.0,-12.403910108024691,8.333333333333332,24.0,4.375,3.0,12.5,False,Insufficient Review Volume
2e1a7d075abe038c1b2743005fe42ff1,19,23,1396.7,353.85,0.25334717548507196,18.0,3.0,-6.699445087448559,16.666666666666664,19.0,4.052631578947368,4.0,21.052631578947366,False,Insufficient Review Volume
2e1c9f22be269ef4643f826c9e650a52,167,173,12687.68,2434.69,0.191894026331055,161.0,11.0,-9.703274672187716,6.832298136645963,164.0,4.16969696969697,22.0,13.414634146341465,True,High Revenue + High Experience
2e2f44824ab87a0cb961f68bf4073e7f,1,1,48.0,17.93,0.37354166666666666,1.0,0.0,-9.162106481481482,0.0,1.0,2.0,1.0,100.0,False,Insufficient Review Volume
2e3be8a987a30d7544dbbda6861cc14e,18,19,4430.84,346.71000000000004,0.0782492710185879,14.0,1.0,-10.528917824074073,7.142857142857142,18.0,3.1666666666666665,6.0,33.33333333333333,False,Insufficient Review Volume
2e7ea2aafec5835e781b21d6d1faf1f1,7,7,528.4,118.22,0.22373202119606359,7.0,1.0,-4.549801587301587,14.285714285714285,6.0,4.5,0.0,0.0,False,Insufficient Review Volume
2e90cb1677d35cfe24eef47d441b7c87,127,137,13894.710000000001,2887.4500000000003,0.20780930296494135,127.0,17.0,-9.69025936862059,13.385826771653544,127.0,4.118110236220472,18.0,14.173228346456693,True,High Revenue + Lower Experience
2ea0861cc19e94cad86438c984c52da4,6,6,165.6,62.449999999999996,0.3771135265700483,6.0,0.0,-7.194413580246914,0.0,6.0,3.3333333333333335,1.0,16.666666666666664,False,Insufficient Review Volume
2eb70248d66e0e3ef83659f71b244378,202,212,42628.61,3231.4900000000002,0.0758056619720887,187.0,26.0,-9.339107929788076,13.903743315508022,198.0,2.693467336683417,100.0,50.505050505050505,True,High Revenue + Lower Experience
2ec6e37d992a95eaddb3369dcbcc76d9,2,2,159.8,24.14,0.15106382978723404,2.0,0.0,-18.227546296296296,0.0,2.0,1.5,2.0,100.0,False,Insufficient Review Volume
2ee0a0689f2f6a72f35a7cb6033f6e7e,4,4,272.0,52.84,0.19426470588235295,4.0,0.0,-11.232589699074074,0.0,4.0,4.0,0.0,0.0,False,Insufficient Review Volume
2eeb6531ee027a48d401e72bebdd87d3,3,3,38.7,40.0,1.0335917312661498,3.0,0.0,-26.66119984567901,0.0,3.0,4.333333333333333,0.0,0.0,False,Insufficient Review Volume
2ef086a599b597572aca4433b7ed6b3d,1,1,49.0,15.1,0.3081632653061224,1.0,0.0,-14.445185185185185,0.0,1.0,5.0,0.0,0.0,False,Insufficient Review Volume
2f09f7d37a97956d11cc1a7cadd5262b,11,12,2005.0,463.41,0.2311271820448878,7.0,1.0,-9.689930555555554,14.285714285714285,11.0,2.909090909090909,5.0,45.45454545454545,False,Insufficient Review Volume
2f1e7b90e01d9f086cbcb301c0c3d406,1,1,59.0,12.66,0.21457627118644068,1.0,0.0,-9.92894675925926,0.0,1.0,5.0,0.0,0.0,False,Insufficient Review Volume
2f3d8b4c9e2ee165075331fea3f3095a,1,1,130.0,17.35,0.13346153846153846,1.0,0.0,-14.212523148148149,0.0,1.0,5.0,0.0,0.0,False,Insufficient Review Volume
2f4b0d3b9634b647d4edee577d7ebb7e,10,11,337.9,84.41,0.24980763539508732,10.0,0.0,-7.729113425925926,0.0,10.0,4.9,0.0,0.0,False,Insufficient Review Volume
2f4b9d112bfa44a214bc6cef085d17c8,5,6,293.99,119.27000000000001,0.4056940712269125,5.0,0.0,-24.651800925925926,0.0,5.0,4.4,0.0,0.0,False,Insufficient Review Volume
2f73e04d12cdf0c945ded66bb3fcf6c7,3,3,1359.0,101.85,0.0749448123620309,3.0,0.0,-17.310015432098766,0.0,3.0,3.3333333333333335,1.0,33.33333333333333,False,Insufficient Review Volume
2f74af7a0ee5636f12c2336f9fffed47,13,13,560.6999999999999,163.76999999999998,0.2920813269127876,13.0,0.0,-8.052778668091168,0.0,13.0,4.3076923076923075,1.0,7.6923076923076925,False,Insufficient Review Volume
2f9b7ce230a057a98a9f5df5893ee36c,2,2,141.82,30.03,0.21174728529121423,2.0,0.0,-5.979641203703704,0.0,2.0,4.5,0.0,0.0,False,Insufficient Review Volume
2fa13c8bd5705d279f7ed5cc9ec61c68,2,4,87.4,61.3,0.7013729977116704,2.0,0.0,-8.334982638888889,0.0,2.0,5.0,0.0,0.0,False,Insufficient Review Volume
2fb25ab44bdbeae6a4d816e0d0c9d500,5,5,683.08,78.21000000000001,0.11449610587339697,5.0,0.0,-18.226118055555556,0.0,5.0,4.8,0.0,0.0,False,Insufficient Review Volume
2fdde51ad3e12f297da656d4fbd5d0b5,10,10,6252.0,622.14,0.09951055662188099,9.0,0.0,-17.334645061728395,0.0,10.0,4.7,0.0,0.0,False,Insufficient Review Volume
2ff6b7bff164ef05590a52734e1296da,7,7,1803.59,151.53,0.08401576855050207,7.0,0.0,-14.390922619047618,0.0,7.0,4.714285714285714,0.0,0.0,False,Insufficient Review Volume
2ff97219cb8622eaf3cd89b7d9c09824,89,96,4476.9,1389.13,0.31028836918403363,87.0,5.0,-8.835827745849297,5.747126436781609,89.0,4.52808988764045,3.0,3.3707865168539324,True,High Revenue + High Experience
3076499bbc033a927bf4a8a41bcf7fd4,7,9,359.33,124.3,0.34592157626694126,7.0,0.0,-9.677835648148148,0.0,7.0,4.285714285714286,1.0,14.285714285714285,False,Insufficient Review Volume
3078096983cf766a32a06257648502d1,59,64,8285.42,1415.48,0.17083986086402378,56.0,3.0,-11.783672701719578,5.357142857142857,59.0,4.203389830508475,8.0,13.559322033898304,True,High Revenue + High Experience
30829ded4523ab9224b93bc49a62c95f,18,31,6911.71,638.0,0.09230711357970749,18.0,1.0,-17.02282471707819,5.555555555555555,18.0,3.7777777777777777,4.0,22.22222222222222,False,Insufficient Review Volume
3092c0b297aacfb4bb6e056ebe13b9b8,19,21,1623.9,360.09,0.22174394975060038,16.0,0.0,-27.527532552083333,0.0,19.0,3.6315789473684212,5.0,26.31578947368421,False,Insufficient Review Volume
30a2f535bb48308f991d0b9ad4a8c4bb,71,87,4731.3,1084.06,0.22912518758058037,71.0,2.0,-12.47453980829421,2.8169014084507045,71.0,4.291666666666667,9.0,12.676056338028168,True,High Revenue + High Experience
30a81d8cf85fb2ada1b1b094c9583a95,17,20,1245.42,168.1,0.1349745467392526,17.0,0.0,-7.611769471677559,0.0,17.0,4.823529411764706,0.0,0.0,False,Insufficient Review Volume
30c7f28fd3a5897b2c82d152bb760c17,7,7,2178.27,324.89,0.14915047262276945,6.0,3.0,-1.8073456790123459,50.0,6.0,1.6666666666666667,4.0,66.66666666666666,False,Insufficient Review Volume
312ba1d77e9c332ef21f9598b7f64cd7,9,10,756.0,132.05,0.1746693121693122,7.0,4.0,5.444642857142858,57.14285714285714,9.0,3.0,5.0,55.55555555555556,False,Insufficient Review Volume
31344c16881c08a8a72c6d2eb29918c1,43,43,9615.7,2296.92,0.23887184500348388,42.0,2.0,-9.637132109788359,4.761904761904762,43.0,4.348837209302325,5.0,11.627906976744185,True,High Revenue + High Experience
31561f325664a8a7aba4c8d0c3a9b3db,36,38,2702.19,627.17,0.23209692878739094,36.0,1.0,-8.800333397633745,2.7777777777777777,36.0,4.638888888888889,1.0,2.7777777777777777,True,High Revenue + High Experience
318f287a62ab7ac10b703ac37435a231,52,62,2517.48,1117.12,0.4437453326342215,51.0,5.0,-9.191610838779956,9.803921568627452,52.0,3.8653846153846154,11.0,21.153846153846153,True,High Revenue + Lower Experience
31ae0774c17fabd06ff707cc5bde005f,11,11,6719.85,850.82,0.1266129452294322,11.0,1.0,-11.700943813131312,9.090909090909092,11.0,4.0,2.0,18.181818181818183,False,Insufficient Review Volume
31be790e64fc99f8ff48ec2bd18a3104,6,6,241.39999999999998,72.28,0.2994200497100249,6.0,2.0,-2.1689023919753088,33.33333333333333,6.0,4.333333333333333,0.0,0.0,False,Insufficient Review Volume
31da954dc0855f2495c6310f70a2f931,29,30,4583.0,449.71,0.0981256818677722,29.0,3.0,-9.881083572796934,10.344827586206897,29.0,4.206896551724138,3.0,10.344827586206897,False,Insufficient Review Volume
31e60bf8d103ce47932a85f5562deb16,1,1,181.0,58.04,0.3206629834254144,1.0,0.0,-19.86684027777778,0.0,1.0,5.0,0.0,0.0,False,Insufficient Review Volume
31eec405c9bb71dec8e2629a92e764fa,5,5,256.89,170.24,0.6626960956051229,5.0,0.0,-13.675645833333334,0.0,5.0,4.6,0.0,0.0,False,Insufficient Review Volume
323ce52b5b81df2cd804b017b7f09aa7,30,30,2554.2,401.47,0.1571803304361444,29.0,5.0,-4.942940213920818,17.24137931034483,29.0,4.310344827586207,3.0,10.344827586206897,False,Insufficient Review Volume
324583d68897f5ddbaf38f6248322176,2,3,84.0,43.989999999999995,0.5236904761904762,2.0,1.0,-0.1581307870370372,50.0,2.0,1.0,2.0,100.0,False,Insufficient Review Volume
325f3178fb58e2a9778334621eecdbf9,36,46,981.6999999999999,451.67,0.4600896404196802,36.0,0.0,-11.137426697530863,0.0,36.0,4.444444444444445,3.0,8.333333333333332,True,High Revenue + High Experience
327b89b872c14d1c0be7235ef4871685,3,3,1177.0,81.8,0.06949872557349193,3.0,2.0,9.347430555555555,66.66666666666666,3.0,2.3333333333333335,2.0,66.66666666666666,False,Insufficient Review Volume
3289d8c3eef4873f91ce0b1343c0dd58,1,1,199.99,19.28,0.09640482024101205,1.0,0.0,-19.391284722222224,0.0,1.0,5.0,0.0,0.0,False,Insufficient Review Volume
328acb143b4a73aad6bee8e734f5d20d,2,2,699.98,34.769999999999996,0.049672847795651294,2.0,0.0,-16.34384837962963,0.0,2.0,4.0,0.0,0.0,False,Insufficient Review Volume
3296662b1331dea51e744505065ae889,1,1,517.8,27.71,0.053514870606411746,1.0,0.0,-10.06613425925926,0.0,1.0,5.0,0.0,0.0,False,Insufficient Review Volume
32b8764b4ef628b53608fc34011fcc13,36,38,8884.0,2970.42,0.33435614588023416,36.0,3.0,-13.916178626543209,8.333333333333332,36.0,4.194444444444445,2.0,5.555555555555555,True,High Revenue + High Experience
32e5635e63cb374eb63afdd242fb6134,1,1,910.0,17.82,0.019582417582417584,1.0,0.0,-4.795115740740741,0.0,1.0,5.0,0.0,0.0,False,Insufficient Review Volume
32f1bb9dfa65bc7df5c0d9d95a616be4,5,6,276.39,55.78,0.20181627410543074,4.0,1.0,-6.072309027777778,25.0,4.0,4.0,1.0,25.0,False,Insufficient Review Volume
32f83ffe11cd40f7adcf4eef171f52d9,1,1,29.99,15.1,0.5035011670556853,1.0,0.0,-14.86863425925926,0.0,1.0,5.0,0.0,0.0,False,Insufficient Review Volume
32fdd5d44ecb43dfd6a24b9369eca144,8,8,479.2,138.68,0.28939899833055094,8.0,0.0,-16.203046875,0.0,8.0,4.375,0.0,0.0,False,Insufficient Review Volume
3338e7a0710a195872be80e0d2423867,1,1,45.0,20.43,0.454,,,,,1.0,1.0,1.0,100.0,False,Insufficient Review Volume
333c4210e76a1aa2ab817b99437e3ff1,2,2,335.0,67.43,0.20128358208955227,2.0,0.0,-22.7071875,0.0,2.0,5.0,0.0,0.0,False,Insufficient Review Volume
3340ef1913fb70d28420f6ceb685c339,32,42,6731.15,750.4,0.11148169332134925,32.0,3.0,-9.050739293981481,9.375,32.0,4.375,2.0,6.25,True,High Revenue + High Experience
334cab711dee080b079fa5779b584783,11,26,1069.7,351.66999999999996,0.3287557259044591,11.0,0.0,-12.6940625,0.0,11.0,4.909090909090909,0.0,0.0,False,Insufficient Review Volume
33576ec5412fb5905d876f12f33bfde6,31,32,2718.0,569.98,0.2097056659308315,31.0,1.0,-16.374197655316607,3.225806451612903,31.0,4.09375,3.0,9.67741935483871,True,High Revenue + Lower Experience
3361277dc30b7cccdb0c286b24219756,29,42,3905.05,635.85,0.16282762064506215,29.0,2.0,-15.2815154054917,6.896551724137931,29.0,4.344827586206897,2.0,6.896551724137931,False,Insufficient Review Volume
3364a91ec4d56c98e44174de954b94f6,6,6,3579.94,273.91,0.07651245551601424,6.0,0.0,-25.496149691358024,0.0,6.0,3.8333333333333335,2.0,33.33333333333333,False,Insufficient Review Volume
33a17d60c64393351ebf1ef860f4e0f2,43,47,8152.4800000000005,1279.38,0.15693138774949464,43.0,1.0,-14.884275678294573,2.3255813953488373,43.0,4.627906976744186,1.0,2.3255813953488373,True,High Revenue + High Experience
33a6f4b1e7cdc205511e76ba1b6e0186,105,126,10295.01,1888.9,0.1834772380017115,105.0,2.0,-12.361712852733687,1.9047619047619049,105.0,4.40952380952381,9.0,8.571428571428571,True,High Revenue + High Experience
33ab10be054370c254ddfcf0a6253422,4,4,213.2,52.33,0.24545028142589118,4.0,0.0,-8.35511863425926,0.0,4.0,5.0,0.0,0.0,False,Insufficient Review Volume
33ac3e28642ab8bda860a2f693000e78,34,35,3661.03,490.09000000000003,0.13386669871593512,34.0,0.0,-12.307109885620914,0.0,34.0,4.205882352941177,4.0,11.76470588235294,True,High Revenue + High Experience
33c51922b6e3c16b24a8f28e5833c99d,18,20,6657.87,368.01,0.055274434616476444,18.0,1.0,-12.959584619341562,5.555555555555555,17.0,4.235294117647059,2.0,11.76470588235294,False,Insufficient Review Volume
33cbbec1e7e1044aaf11d152172c776f,15,16,730.67,398.83,0.5458414879494163,15.0,0.0,-15.527999999999999,0.0,15.0,4.733333333333333,0.0,0.0,False,Insufficient Review Volume
33cbda8716511e27e556dff9d8418bf2,5,6,507.40000000000003,108.17,0.2131848640126133,5.0,0.0,-18.92994675925926,0.0,5.0,4.8,0.0,0.0,False,Insufficient Review Volume
33d677f27a69b84051204ee4ae76eaca,9,10,165.0,173.49,1.0514545454545454,9.0,0.0,-19.411374742798355,0.0,9.0,4.555555555555555,1.0,11.11111111111111,False,Insufficient Review Volume
33dd941c27854f7625b968cc6195a552,5,5,6787.5,380.91,0.05611933701657459,5.0,0.0,-18.950388888888888,0.0,5.0,4.4,1.0,20.0,False,Insufficient Review Volume
33fd411ed63a7c2f9005e3f065d9f85d,1,1,24.9,18.23,0.7321285140562249,1.0,0.0,-24.37056712962963,0.0,1.0,4.0,0.0,0.0,False,Insufficient Review Volume
34056b8b55c1775a22af2331670a799c,78,78,6455.4,1774.49,0.27488459274405924,77.0,9.0,-10.19920695045695,11.688311688311687,78.0,4.0,12.0,15.384615384615385,True,High Revenue + Lower Experience
340636a908b13bbe0f4fb63fbe1d0c03,5,6,823.2,169.95,0.20645043731778423,3.0,0.0,-9.192627314814814,0.0,5.0,3.4,2.0,40.0,False,Insufficient Review Volume
343e716476e3748b069f980efbaa294e,17,24,922.5999999999999,312.1,0.3382831129416866,16.0,1.0,-11.564476273148149,6.25,16.0,4.3125,2.0,12.5,False,Insufficient Review Volume
3442033154be05bac582e173ef54fd12,1,1,161.0,8.39,0.05211180124223603,1.0,0.0,-2.1800925925925925,0.0,1.0,5.0,0.0,0.0,False,Insufficient Review Volume
344223b2a90784f64136a8a5da012e7f,1,1,10.9,16.79,1.5403669724770641,1.0,1.0,0.5481018518518519,100.0,1.0,2.0,1.0,100.0,False,Insufficient Review Volume
3442f8959a84dea7ee197c632cb2df15,3,3,218.70000000000002,27.9,0.12757201646090532,3.0,1.0,-5.3063927469135805,33.33333333333333,3.0,3.0,1.0,33.33333333333333,False,Insufficient Review Volume
34675b28b826facfde119785bf287dc1,1,1,21.99,15.1,0.6866757617098681,1.0,0.0,-15.134212962962962,0.0,1.0,4.0,0.0,0.0,False,Insufficient Review Volume
3481aa57cd91f9f9d3fa1fa12d9a3bf7,25,25,1773.03,774.14,0.43661979774735904,25.0,0.0,-16.294072222222223,0.0,25.0,3.88,5.0,20.0,False,Insufficient Review Volume
3492e68f37fd1df87f4f2f2ea247f445,8,9,787.86,169.4,0.21501281953646587,8.0,1.0,-7.898706597222223,12.5,8.0,3.875,2.0,25.0,False,Insufficient Review Volume
34a557286ead8fe75c989e0afcf7d98c,4,4,414.9,58.56,0.14114244396240058,4.0,0.0,-10.463295717592592,0.0,4.0,4.75,0.0,0.0,False,Insufficient Review Volume
34aefe746cd81b7f3b23253ea28bef39,1,1,8.0,14.52,1.815,,,,,1.0,1.0,1.0,100.0,False,Insufficient Review Volume
34d1ca11b242c0fee2c834ae8d788566,40,41,13422.24,982.04,0.07316513488061605,40.0,0.0,-13.209272858796297,0.0,39.0,4.333333333333333,2.0,5.128205128205128,True,High Revenue + High Experience
34f563c82a85b99ae9e6d60db5fc2e28,8,8,2332.3,246.2,0.10556103417227627,8.0,0.0,-11.930630787037037,0.0,8.0,4.625,0.0,0.0,False,Insufficient Review Volume
3504c0cb71d7fa48d967e0e4c94d59d9,53,53,2349.94,687.37,0.2925053405618867,53.0,0.0,-10.038098139412998,0.0,53.0,4.415094339622642,2.0,3.7735849056603774,True,High Revenue + High Experience
35281d148dcf7134bae913c57db4e6da,1,1,119.99,17.03,0.1419284940411701,1.0,0.0,-21.906516203703703,0.0,1.0,5.0,0.0,0.0,False,Insufficient Review Volume
353e21e8bf8de2722b4fae1636664b76,4,4,208.0,91.89,0.44177884615384616,4.0,0.0,-16.596244212962965,0.0,4.0,2.5,2.0,50.0,False,Insufficient Review Volume
35857757f553273b1056c1cabdace7fb,6,6,454.6,118.74000000000001,0.26119665640123185,6.0,2.0,-5.092432484567902,33.33333333333333,6.0,4.0,1.0,16.666666666666664,False,Insufficient Review Volume
3586b8580d9c917874e053a1bb37b5ff,36,43,1524.7,827.65,0.5428280973306224,36.0,1.0,-17.168632008744858,2.7777777777777777,36.0,4.416666666666667,2.0,5.555555555555555,True,High Revenue + High Experience
35b96509602ec4b7da831b5cd73ff2c2,2,2,558.9,47.55,0.08507783145464305,2.0,0.0,-13.275127314814815,0.0,2.0,4.5,0.0,0.0,False,Insufficient Review Volume
35ef5aa32949680f627efec3c23e705c,4,5,361.59999999999997,156.81,0.4336559734513275,4.0,0.0,-15.991663773148147,0.0,4.0,3.75,1.0,25.0,False,Insufficient Review Volume
35fb511489d9ee3ee27a76debce9df06,7,7,414.5,172.29000000000002,0.4156574185765984,7.0,1.0,-9.936213624338624,14.285714285714285,7.0,3.5714285714285716,1.0,14.285714285714285,False,Insufficient Review Volume
3606774ec64634822d78dc2db6d37045,2,2,299.8,45.400000000000006,0.1514342895263509,1.0,0.0,-34.197997685185186,0.0,2.0,3.0,1.0,50.0,False,Insufficient Review Volume
365e445f796710c3431557e85caa25db,4,5,1115.0,79.3,0.07112107623318385,4.0,0.0,-17.454085648148148,0.0,4.0,4.5,0.0,0.0,False,Insufficient Review Volume
365e4bce19bda0082c3d15d83fdb8bcd,6,7,796.4,98.61999999999999,0.12383224510296333,6.0,0.0,-11.983501157407408,0.0,6.0,4.666666666666667,0.0,0.0,False,Insufficient Review Volume
36890be00bbfc1cdb9a4a38a6af05a69,13,13,1361.3,239.57999999999998,0.17599353559097922,13.0,3.0,-10.895387286324787,23.076923076923077,13.0,4.230769230769231,2.0,15.384615384615385,False,Insufficient Review Volume
36a968b544695394e4e9d7572688598f,154,162,9482.87,2146.0,0.22630279651624455,148.0,7.0,-11.760874155405405,4.72972972972973,154.0,3.6580645161290324,37.0,24.025974025974026,True,High Revenue + Lower Experience
36f98ad67cc981f50ce8aed093d5783c,2,2,119.4,39.22,0.3284757118927973,2.0,0.0,-13.167019675925925,0.0,2.0,4.0,0.0,0.0,False,Insufficient Review Volume
37303482a42fb700d8d127e70a9cd6c8,2,2,148.89,22.490000000000002,0.151051111558869,1.0,0.0,-14.328217592592592,0.0,2.0,3.0,1.0,50.0,False,Insufficient Review Volume
373ee4a3a775a733770ca3f790b8b9ac,13,22,2141.49,290.32,0.1355691597906131,13.0,1.0,-10.789037571225073,7.6923076923076925,13.0,3.9285714285714284,3.0,23.076923076923077,False,Insufficient Review Volume
37515688008a7a40ac93e3b2e4ab203f,228,240,5986.6,3431.1,0.5731299903116961,227.0,23.0,-7.221802343367597,10.13215859030837,226.0,4.092920353982301,24.0,10.619469026548673,True,High Revenue + Lower Experience
376a891762bbdecbc02b4b6adec3fdda,57,58,6406.23,1287.4,0.20096062738927578,57.0,2.0,-14.426882512995451,3.508771929824561,57.0,4.666666666666667,1.0,1.7543859649122806,True,High Revenue + High Experience
376d67b61dce0c990155286e7ae486a4,1,1,94.0,17.91,0.190531914893617,1.0,0.0,-4.007916666666667,0.0,1.0,4.0,0.0,0.0,False,Insufficient Review Volume
3771c85bac139d2344864ede5d9341e3,26,30,1433.3,408.96,0.2853275657573432,26.0,4.0,-7.011824252136752,15.384615384615385,26.0,3.8461538461538463,6.0,23.076923076923077,False,Insufficient Review Volume
377bc18334c78dd2f1535ef22a3ad225,1,1,135.98,88.46,0.6505368436534784,1.0,0.0,-12.23837962962963,0.0,1.0,5.0,0.0,0.0,False,Insufficient Review Volume
3785b653b1b82de85ab47dd139938091,21,24,1552.0,481.27,0.3100966494845361,21.0,0.0,-17.54530643738977,0.0,21.0,4.7272727272727275,0.0,0.0,False,Insufficient Review Volume
37be5a7c751166fbc5f8ccba4119e043,272,281,55350.55,6083.33,0.10990550229401513,269.0,7.0,-12.758714417251825,2.6022304832713754,268.0,4.3003663003663,26.0,9.701492537313433,True,High Revenue + High Experience
37ceb404da208418c9032f0674e57804,1,3,204.93,69.17999999999999,0.3375786854047723,,,,,1.0,1.0,1.0,100.0,False,Insufficient Review Volume
37dd29b36c458d82f74a953c40c43645,7,8,4536.99,479.44,0.10567358535063996,7.0,1.0,-9.701936177248678,14.285714285714285,7.0,3.857142857142857,2.0,28.57142857142857,False,Insufficient Review Volume
38102b031c2a15e54623d711bfc753d3,9,11,457.0,352.41,0.7711378555798688,8.0,0.0,-12.906098090277776,0.0,9.0,3.6666666666666665,1.0,11.11111111111111,False,Insufficient Review Volume
381c83fdca332ea6afd896da20bf6e4a,46,46,7355.8,999.21,0.1358397455069469,46.0,2.0,-15.096489784621578,4.3478260869565215,46.0,4.391304347826087,4.0,8.695652173913043,True,High Revenue + High Experience
3820c6537b3853be1a0687d5a60807ec,1,1,25.0,10.96,0.4384,,,,,,,,,False,Insufficient Review Volume
382229d1e840115ffe3dbf5ff460e417,46,49,4096.96,869.66,0.2122695852534562,45.0,5.0,-9.856955504115225,11.11111111111111,46.0,4.217391304347826,6.0,13.043478260869565,True,High Revenue + High Experience
385799a1cddbd26dfeb9157356a42282,5,7,633.93,82.61,0.13031407253166755,4.0,0.0,-12.990491898148148,0.0,5.0,4.0,1.0,20.0,False,Insufficient Review Volume
38874e327ce94d11390b96eb42d61928,6,6,3779.94,378.49,0.10013121901405843,6.0,1.0,-10.995405092592593,16.666666666666664,6.0,4.0,0.0,0.0,False,Insufficient Review Volume
389e45560e33d2d0747f949dcddbc08e,1,1,39.0,8.43,0.21615384615384614,1.0,0.0,-6.134884259259259,0.0,1.0,5.0,0.0,0.0,False,Insufficient Review Volume
38af8acfd46ac4a7bf754e8ca6736664,5,5,345.0,52.94,0.15344927536231884,5.0,0.0,-13.40300462962963,0.0,5.0,4.8,0.0,0.0,False,Insufficient Review Volume
38e679b9e0064cd94c6f035707344dae,28,30,3694.5099999999998,723.59,0.19585547203824055,27.0,1.0,-16.27599965706447,3.7037037037037033,27.0,4.0,5.0,18.51851851851852,False,Insufficient Review Volume
38e6dada03429a47197d5d584d793b41,7,12,596.14,206.91,0.34708289998993525,7.0,1.0,-10.428935185185184,14.285714285714285,7.0,4.428571428571429,1.0,14.285714285714285,False,Insufficient Review Volume
38f276ca6e7cc95a6d1bb55ac9e5550f,1,1,24.99,11.85,0.47418967587034816,1.0,0.0,-13.043113425925926,0.0,1.0,5.0,0.0,0.0,False,Insufficient Review Volume
3903c788ded8dc03b5ebab37a2f3e9a1,5,5,119.97999999999999,51.269999999999996,0.4273212202033672,5.0,1.0,-4.870601851851852,20.0,5.0,4.0,0.0,0.0,False,Insufficient Review Volume
391bbd13b6452244774beff1824006ed,2,2,127.8,35.4,0.27699530516431925,1.0,1.0,24.027685185185184,100.0,2.0,1.0,2.0,100.0,False,Insufficient Review Volume
391fc6631aebcf3004804e51b40bcf1e,526,613,39951.95,10190.88,0.25507841294354844,521.0,54.0,-10.721452090886471,10.36468330134357,523.0,4.02808988764045,82.0,15.678776290630974,True,High Revenue + Lower Experience
392353362d22cc2c236e1ee81ff19890,5,10,288.7,191.97,0.6649463110495324,5.0,0.0,-14.897141203703702,0.0,5.0,4.6,0.0,0.0,False,Insufficient Review Volume
392e0502231ae2f8b29994ef6398cd77,20,20,1871.7,355.89,0.19014265106587594,17.0,2.0,-7.350656998910675,11.76470588235294,19.0,4.157894736842105,2.0,10.526315789473683,False,Insufficient Review Volume
392f7f2c797e4dc077e4311bde2ab8ce,2,2,52.0,36.56,0.7030769230769232,2.0,0.0,-7.03771412037037,0.0,2.0,5.0,0.0,0.0,False,Insufficient Review Volume
3935fe5fe0f82787a9dcb8deb62be09d,16,17,1681.69,419.65999999999997,0.24954658706420324,16.0,2.0,-9.949205005787038,12.5,16.0,4.0,1.0,6.25,False,Insufficient Review Volume
3968920b9aa752ab98f7d5888c9252f2,8,10,523.3,157.71,0.30137588381425573,8.0,1.0,-11.466747685185185,12.5,8.0,3.875,2.0,25.0,False,Insufficient Review Volume
3969863bb8af7f72580b3b1ffd3a17b3,12,13,623.15,226.87,0.3640696461526117,12.0,0.0,-11.302079475308643,0.0,12.0,4.083333333333333,1.0,8.333333333333332,False,Insufficient Review Volume
397c4d0c005b6f41f90098ac724e28cb,5,5,8177.0,445.37,0.054466185642656234,5.0,2.0,-5.189847222222222,40.0,5.0,4.4,0.0,0.0,False,Insufficient Review Volume
3985a3c45be355a4c57fde108bfabd1c,7,8,344.2,172.0,0.4997094712376525,7.0,0.0,-17.124080687830688,0.0,7.0,4.0,1.0,14.285714285714285,False,Insufficient Review Volume
3986c0b54f6b748b75e7bd4e092aa3e5,1,1,24.99,15.28,0.6114445778311325,1.0,0.0,-11.04681712962963,0.0,1.0,5.0,0.0,0.0,False,Insufficient Review Volume
398cb257329ef7af7f1943a8974a3cbc,1,1,145.9,15.47,0.10603152844413982,1.0,0.0,-17.503993055555554,0.0,1.0,5.0,0.0,0.0,False,Insufficient Review Volume
39a5005f2605cbdb4f9ac14485cabfd1,3,8,501.07,232.59,0.4641866405891393,3.0,0.0,-17.115624999999998,0.0,3.0,5.0,0.0,0.0,False,Insufficient Review Volume
39c763cca83e654764b7a4a650fb9b7c,11,11,761.0,223.21,0.293311432325887,11.0,2.0,-6.157607323232323,18.181818181818183,11.0,3.8181818181818183,3.0,27.27272727272727,False,Insufficient Review Volume
39d54ff918774174706fb065d7f9dc07,23,25,1593.59,363.4,0.2280385795593597,22.0,3.0,-11.383212857744107,13.636363636363635,23.0,3.9130434782608696,6.0,26.08695652173913,False,Insufficient Review Volume
39d61be7a92eb77b7da367bd4845bc0e,7,14,700.59,209.03,0.298362808489987,7.0,0.0,-10.815398478835979,0.0,7.0,4.0,1.0,14.285714285714285,False,Insufficient Review Volume
39f776d2974049026ff531fc42ef2a3e,3,4,1084.04,90.37,0.08336408250618059,3.0,0.0,-18.63111111111111,0.0,3.0,3.6666666666666665,1.0,33.33333333333333,False,Insufficient Review Volume
3a1a1fec38dd360f15fc912e821e169d,15,15,2007.38,371.25,0.1849425619464177,15.0,4.0,-4.500921296296296,26.666666666666668,15.0,3.8666666666666667,3.0,20.0,False,Insufficient Review Volume
3a3c180dd702a725bd0ba4117689239e,1,1,41.9,35.48,0.8467780429594272,1.0,0.0,-6.331168981481482,0.0,1.0,4.0,0.0,0.0,False,Insufficient Review Volume
3a3e46d10f74d8a6ca76e2b538f106a0,3,6,334.9,75.08,0.22418632427590326,2.0,1.0,-12.205034722222221,50.0,3.0,3.3333333333333335,1.0,33.33333333333333,False,Insufficient Review Volume
3a4127e1ba7208ea37044c5092aae170,6,6,2219.6,91.35000000000001,0.041156064155703734,5.0,0.0,-12.981344907407408,0.0,6.0,3.5,2.0,33.33333333333333,False,Insufficient Review Volume
3a490ba60afa30ece0e7d50cfe74a4f0,8,8,1529.2,165.87,0.10846848025111169,8.0,0.0,-12.246137152777777,0.0,8.0,4.625,0.0,0.0,False,Insufficient Review Volume
3a52d63a8f9daf5a28f3626d7eb9bd28,1,1,35.0,17.78,0.508,1.0,0.0,-40.297349537037036,0.0,1.0,1.0,1.0,100.0,False,Insufficient Review Volume
3a734b715d333a2588a3d54a0c9b8746,18,24,2463.52,395.64,0.1605994674287199,15.0,1.0,-10.906242283950617,6.666666666666667,18.0,3.9444444444444446,3.0,16.666666666666664,False,Insufficient Review Volume
3a79f35a2344ede41af21267f61d5ec6,1,1,186.0,31.71,0.17048387096774195,1.0,0.0,-7.156099537037037,0.0,1.0,1.0,1.0,100.0,False,Insufficient Review Volume
3aa3c89ae3cd482385568be76120f63c,1,1,29.9,19.04,0.6367892976588628,1.0,0.0,-7.22650462962963,0.0,1.0,4.0,0.0,0.0,False,Insufficient Review Volume
3ab971ce71839580d2ae5b4e40fe8044,36,38,5002.900000000001,896.15,0.17912610685802233,35.0,3.0,-11.374751653439153,8.571428571428571,34.0,3.911764705882353,7.0,20.588235294117645,True,High Revenue + Lower Experience
3ac588cd562971392504a9e17130c40b,1,1,11.9,7.39,0.6210084033613444,1.0,0.0,-5.030069444444444,0.0,1.0,5.0,0.0,0.0,False,Insufficient Review Volume
3ade81dab5a172b88e1871c28ae05260,30,32,5751.6,1551.3899999999999,0.26973190068850406,28.0,4.0,-9.507466517857143,14.285714285714285,29.0,4.0,6.0,20.689655172413794,False,Insufficient Review Volume
3afc536624bc2e65bddfb5db33cc01f3,6,6,312.0,107.07000000000001,0.34317307692307697,6.0,1.0,-8.926670524691358,16.666666666666664,6.0,3.5,2.0,33.33333333333333,False,Insufficient Review Volume
3b15288545f8928d3e65a8f949a28291,104,121,14061.789999999999,2451.9,0.17436613688584457,101.0,7.0,-10.739406628162815,6.9306930693069315,103.0,3.9622641509433962,16.0,15.53398058252427,True,High Revenue + Lower Experience
3b18f9856c6eb2413eafedb58e9eecd9,1,1,315.0,20.09,0.06377777777777778,1.0,0.0,-16.167673611111113,0.0,1.0,5.0,0.0,0.0,False,Insufficient Review Volume
3b872fd4747f01cc56206f2934198618,25,27,2726.7400000000002,1116.37,0.409415639188188,25.0,4.0,-8.79172824074074,16.0,25.0,3.88,4.0,16.0,False,Insufficient Review Volume
3bb32fedaa74e4ad20f4ce067733bd31,2,3,103.69999999999999,58.86,0.5675988428158149,2.0,0.0,-9.631770833333334,0.0,2.0,4.5,0.0,0.0,False,Insufficient Review Volume
3bb548e3cb7f70f28e3f11ee9dce0e59,46,53,7690.02,896.79,0.11661738200940959,46.0,0.0,-16.865340428743963,0.0,46.0,4.195652173913044,6.0,13.043478260869565,True,High Revenue + High Experience
3bdff180c7e1f6551a643b99c265a120,59,61,3114.9,1046.96,0.3361135188930624,56.0,3.0,-12.130526620370372,5.357142857142857,58.0,4.086206896551724,8.0,13.793103448275861,True,High Revenue + Lower Experience
3be5841cdcc46de4ed3f9116f104b2c5,4,4,599.6,88.35,0.14734823215476983,4.0,0.0,-25.226357060185187,0.0,4.0,4.75,0.0,0.0,False,Insufficient Review Volume
3be634553519fb6536a03e1358e9fdc7,83,99,5370.95,1855.7,0.3455068470196148,80.0,7.0,-9.988927806712962,8.75,83.0,3.9523809523809526,15.0,18.072289156626507,True,High Revenue + Lower Experience
3bfad056cf05c00dabe2f895925d83b1,1,5,206.64999999999998,46.7,0.22598596661021053,,,,,1.0,1.0,1.0,100.0,False,Insufficient Review Volume
3bfba5a77604f6dfae7e6dd7aaf65821,4,4,2095.5,122.69,0.05854927225005965,4.0,0.0,-7.988081597222222,0.0,4.0,5.0,0.0,0.0,False,Insufficient Review Volume
3c010235b7345c92f125d14ee232a76b,15,15,3578.0,427.32,0.11942984907769703,15.0,0.0,-8.431912037037037,0.0,15.0,4.666666666666667,0.0,0.0,False,Insufficient Review Volume
3c03b12bab54d8b37d79d914bfdb1aa0,37,43,4236.34,683.43,0.16132557821138055,37.0,6.0,-8.469775400400401,16.216216216216218,36.0,3.8333333333333335,7.0,19.444444444444446,True,High Revenue + Lower Experience
3c3017960b2dbd72711a61f0400aab8f,10,10,968.8000000000001,254.09,0.2622729149463253,9.0,0.0,-20.864327417695474,0.0,10.0,4.0,2.0,20.0,False,Insufficient Review Volume
3c487ae8f8d7542beff5788e2e0aea83,30,33,9385.699999999999,719.65,0.07667515475670436,30.0,1.0,-10.329543209876542,3.3333333333333335,30.0,4.2,3.0,10.0,True,High Revenue + High Experience
3c4e0452bff7a2a788179488d3d77032,32,36,3746.4,606.12,0.16178731582319025,32.0,1.0,-14.699835792824073,3.125,31.0,3.838709677419355,6.0,19.35483870967742,True,High Revenue + Lower Experience
3c7c4a49ec3c6550809089c6a2ca9370,141,160,4033.6400000000003,1824.66,0.4523606469590742,139.0,11.0,-8.702542715827338,7.913669064748201,141.0,3.640845070422535,41.0,29.078014184397162,True,High Revenue + Lower Experience
3c88ed2e76a2247933a15daa7161eb1c,1,1,155.0,151.2,0.9754838709677419,1.0,0.0,-8.185439814814815,0.0,1.0,5.0,0.0,0.0,False,Insufficient Review Volume
3ca08eeb8d5595949fed424bd3677742,14,14,1768.8700000000001,466.23,0.26357505073860715,13.0,0.0,-13.673532763532762,0.0,14.0,4.428571428571429,1.0,7.142857142857142,False,Insufficient Review Volume
3cfa1358a6caa965278721344c8d76f2,5,5,3140.2799999999997,81.25,0.025873488988243088,5.0,0.0,-15.212122685185184,0.0,5.0,4.8,0.0,0.0,False,Insufficient Review Volume
3d01d1c414c44b5943a09619ff3853cb,5,5,402.6,82.33999999999999,0.2045206159960258,4.0,0.0,-13.1515625,0.0,5.0,3.8,1.0,20.0,False,Insufficient Review Volume
3d0cd21d41671c46f82cd11176bf7277,9,11,447.8,174.57999999999998,0.38986154533273776,9.0,0.0,-12.324634773662552,0.0,9.0,4.666666666666667,0.0,0.0,False,Insufficient Review Volume
3d2400ac620cffa23ac81bd192f7f555,1,1,105.0,8.9,0.08476190476190476,1.0,0.0,-0.08052083333333333,0.0,1.0,5.0,0.0,0.0,False,Insufficient Review Volume
3d2531eccfbde1d7c8db7a3a12fb267a,10,10,1999.54,213.06,0.10655450753673346,10.0,0.0,-13.241596064814814,0.0,9.0,4.222222222222222,1.0,11.11111111111111,False,Insufficient Review Volume
3d290fe363c60a77498c1126fd3fb8d3,3,3,198.98,35.06,0.17619861292592223,3.0,0.0,-12.145605709876543,0.0,3.0,4.333333333333333,0.0,0.0,False,Insufficient Review Volume
3d39fbf22a665714baf62fae36029e23,8,8,2504.2,130.63,0.05216436386870058,8.0,0.0,-12.700733506944445,0.0,8.0,4.75,0.0,0.0,False,Insufficient Review Volume
3d3ccf2b2f8134b10dce9dd446f0e075,3,3,608.6,141.93,0.2332073611567532,3.0,1.0,-3.95585262345679,33.33333333333333,3.0,3.3333333333333335,1.0,33.33333333333333,False,Insufficient Review Volume
3d4824f20035949c710eaf111f869d39,9,10,1041.04,173.54,0.16669868592945516,8.0,1.0,-18.911118344907408,12.5,9.0,4.111111111111111,2.0,22.22222222222222,False,Insufficient Review Volume
3d49bfdd1b43a7fe169b3740067acc61,3,3,215.0,61.82,0.2875348837209302,3.0,0.0,-19.53968364197531,0.0,3.0,4.666666666666667,0.0,0.0,False,Insufficient Review Volume
3d4b1ae7539303b5704493798893e82c,6,9,1076.0,145.69,0.1353996282527881,6.0,0.0,-10.311658950617284,0.0,6.0,4.833333333333333,0.0,0.0,False,Insufficient Review Volume
3d5d0dc7073a299e31fa718ce1bc00b6,23,24,790.7,387.43,0.48998355887188566,21.0,2.0,-13.043771494708995,9.523809523809524,23.0,4.304347826086956,4.0,17.391304347826086,False,Insufficient Review Volume
3d621842b2ed28e2b474132480edac3c,10,10,928.9100000000001,151.79,0.16340657329558297,8.0,0.0,-11.135746527777778,0.0,10.0,3.9,2.0,20.0,False,Insufficient Review Volume
3d62f86afa7c73be2628a3be1423f5a0,2,2,12.0,42.42,3.535,2.0,0.0,-20.367679398148148,0.0,2.0,4.0,0.0,0.0,False,Insufficient Review Volume
3d68c634a99a1ba46dbca3967a69c623,2,2,594.0,263.7,0.4439393939393939,2.0,0.0,-6.72546875,0.0,2.0,5.0,0.0,0.0,False,Insufficient Review Volume
3d700782d7818f2c1e0d7a9e9d75fc00,3,3,149.7,85.41,0.5705410821643286,3.0,1.0,-1.92014274691358,33.33333333333333,3.0,3.6666666666666665,1.0,33.33333333333333,False,Insufficient Review Volume
3d871de0142ce09b7081e2b9d1733cb1,1080,1147,94914.2,22433.51,0.23635567702198407,1064.0,63.0,-12.375561288203146,5.921052631578947,1069.0,4.153271028037383,123.0,11.506080449017773,True,High Revenue + Lower Experience
3d8fa2f5b647373c8620330c4e077a9f,43,48,3571.73,818.82,0.2292502512787921,42.0,1.0,-10.794568727954143,2.380952380952381,42.0,4.093023255813954,7.0,16.666666666666664,True,High Revenue + Lower Experience
3da38366e7bd9baf6369071f782ecdf0,1,1,59.47,26.96,0.4533378173869178,1.0,1.0,6.915891203703704,100.0,1.0,1.0,1.0,100.0,False,Insufficient Review Volume
3db66a856d18a9cba7c9241fc5221c50,94,97,9478.300000000001,2044.36,0.21568846734118985,94.0,11.0,-11.121444912332544,11.702127659574469,94.0,4.177083333333333,10.0,10.638297872340425,True,High Revenue + High Experience
3dbbce181edfaa4a597ec858c382d2ec,17,20,848.3,440.27,0.5190027113049629,17.0,2.0,-9.049684095860567,11.76470588235294,17.0,4.235294117647059,2.0,11.76470588235294,False,Insufficient Review Volume
3dc69bf2c42f0568a5c4791ec3fd3745,2,2,300.0,34.43,0.11476666666666667,1.0,0.0,-0.1438773148148148,0.0,2.0,4.0,0.0,0.0,False,Insufficient Review Volume
3ded4e2d5f135cb103e5949d7263d2dd,1,1,49.9,12.48,0.2501002004008016,1.0,0.0,-16.199895833333333,0.0,1.0,5.0,0.0,0.0,False,Insufficient Review Volume
3df020b72d3d44b3af9d110fa3940b65,55,101,5039.9,1709.57,0.33920712712553824,55.0,7.0,-10.466689393939394,12.727272727272727,55.0,4.054545454545455,8.0,14.545454545454545,True,High Revenue + Lower Experience
3dfd3dc96f7f8598eca74e9ac8a2fa31,6,6,183.0,75.7,0.4136612021857924,6.0,1.0,-9.630144675925926,16.666666666666664,6.0,4.0,1.0,16.666666666666664,False,Insufficient Review Volume
3e35a8bb43569389d3cebef0ce820f69,1,2,55.8,28.88,0.5175627240143369,1.0,0.0,-9.257881944444444,0.0,1.0,5.0,0.0,0.0,False,Insufficient Review Volume
3e46a38ee171c503c3b4a3f23fe3bf0c,1,1,59.9,9.11,0.15208681135225374,1.0,0.0,-8.259328703703703,0.0,1.0,5.0,0.0,0.0,False,Insufficient Review Volume
3e51f9cbe317bc3a88f2c76583811ee4,1,1,76.09,8.69,0.11420686029701668,1.0,0.0,-5.113287037037037,0.0,1.0,5.0,0.0,0.0,False,Insufficient Review Volume
3e8bd881d92466e63ba9e3e809cd3c50,9,10,2242.28,207.97,0.09274934441728953,8.0,3.0,-7.8692824074074075,37.5,8.0,4.125,1.0,12.5,False,Insufficient Review Volume
3ea00e1dea2b0659dbaf654735929220,7,7,505.0,144.97,0.28706930693069305,7.0,0.0,-19.620291005291005,0.0,7.0,4.857142857142857,0.0,0.0,False,Insufficient Review Volume
3ea08c48e851106d2f584349daba335f,1,1,170.0,22.94,0.13494117647058823,1.0,0.0,-15.091331018518519,0.0,1.0,4.0,0.0,0.0,False,Insufficient Review Volume
3ef37b7ca6dd2b80bd8af81a62504996,2,2,700.0,40.97,0.05852857142857143,2.0,0.0,-7.4165682870370375,0.0,2.0,4.5,0.0,0.0,False,Insufficient Review Volume
3f0e48d209018b466fcd3bb4ccfeb520,9,10,5399.0,255.79999999999998,0.047379144285978884,9.0,0.0,-15.966409465020575,0.0,9.0,3.888888888888889,2.0,22.22222222222222,False,Insufficient Review Volume
3f2af2670e104d1bcb54022274daeac5,6,7,973.6,360.58,0.37035743631881674,6.0,1.0,-18.850327932098764,16.666666666666664,6.0,3.3333333333333335,2.0,33.33333333333333,False,Insufficient Review Volume
3f3486b61f45078d4f31ee5e43d8c5bb,40,40,3829.73,896.84,0.23417838855480674,39.0,6.0,-9.598906695156696,15.384615384615385,40.0,4.325,3.0,7.5,True,High Revenue + High Experience
3f8034bfc6b8b4135534975d49f04c63,12,16,1313.9,280.61,0.2135702869320344,11.0,0.0,-17.170931186868685,0.0,12.0,3.75,3.0,25.0,False,Insufficient Review Volume
3f8247d0f772ffa58560e5c682521ad5,1,1,139.9,18.55,0.13259471050750535,,,,,1.0,3.0,0.0,0.0,False,Insufficient Review Volume
3f84fefc07dc159b268d4a77d3e8c425,3,3,200.6,51.32,0.25583250249252243,3.0,0.0,-19.979047067901234,0.0,3.0,5.0,0.0,0.0,False,Insufficient Review Volume
3f995f07c49d0d55a99d5c54957f7d81,43,43,3955.7,671.5,0.16975503703516445,43.0,1.0,-11.409347276055126,2.3255813953488373,43.0,4.209302325581396,4.0,9.30232558139535,True,High Revenue + High Experience
3f9be91358837bff69df67edfa3e42e8,7,7,569.7,132.36,0.2323328067403897,7.0,0.0,-18.465537367724867,0.0,7.0,4.428571428571429,1.0,14.285714285714285,False,Insufficient Review Volume
3f9c56764fabca627406093dcb3ef0b4,7,7,909.3000000000001,105.64999999999999,0.11618827669635982,7.0,0.0,-10.519204695767197,0.0,7.0,4.714285714285714,0.0,0.0,False,Insufficient Review Volume
3fac58ce0ad699020c7944d53c41329c,10,16,1244.95,183.02,0.14700992007711153,10.0,2.0,-6.628532407407407,20.0,10.0,4.4,1.0,10.0,False,Insufficient Review Volume
3fadb4cba4c35bce6a7eaf9872d5623a,3,5,209.5,68.02000000000001,0.3246778042959428,3.0,0.0,-21.7938850308642,0.0,3.0,3.3333333333333335,1.0,33.33333333333333,False,Insufficient Review Volume
3faf68a3b0af94b10bac70d86077be49,7,7,1322.93,119.16,0.09007279296712599,7.0,0.0,-29.90291501322751,0.0,7.0,4.571428571428571,0.0,0.0,False,Insufficient Review Volume
3fd1e727ba94cfe122d165e176ce7967,37,38,2805.2000000000003,589.22,0.21004562954513045,35.0,7.0,-7.932982473544973,20.0,37.0,3.7837837837837838,8.0,21.62162162162162,True,High Revenue + Lower Experience
3fe7120d6257285ac6a3ce7cb071ccec,2,2,199.98,28.28,0.14141414141414144,2.0,0.0,-15.436371527777778,0.0,2.0,3.5,0.0,0.0,False,Insufficient Review Volume
3febca52652e7209509ccfe61cbde40e,2,2,84.0,16.9,0.20119047619047617,,,,,2.0,2.0,1.0,50.0,False,Insufficient Review Volume
3fefda3299e6dfaea3466ef346a3571a,1,1,209.0,16.21,0.07755980861244019,1.0,0.0,-17.258391203703702,0.0,1.0,4.0,0.0,0.0,False,Insufficient Review Volume
4003520d80d0bad1d5623f7aa3c63cda,1,1,70.0,16.74,0.23914285714285713,1.0,0.0,-4.05230324074074,0.0,1.0,1.0,1.0,100.0,False,Insufficient Review Volume
400f221ab83037c0ea78f1267da9624d,1,1,865.0,20.8,0.024046242774566476,,,,,,,,,False,Insufficient Review Volume
402916f742e5c740cc751493d9cf5053,9,10,1252.0,226.43,0.18085463258785944,9.0,0.0,-18.25901234567901,0.0,9.0,4.666666666666667,0.0,0.0,False,Insufficient Review Volume
403aa86912527d730337ffcb0fb096ab,11,11,8959.89,204.62,0.022837333940483647,11.0,0.0,-11.275502946127945,0.0,10.0,4.0,1.0,10.0,False,Insufficient Review Volume
4049512728d969bec69f84088b012416,7,9,389.84,160.43,0.4115278062794993,7.0,0.0,-17.744849537037037,0.0,7.0,5.0,0.0,0.0,False,Insufficient Review Volume
404e1ba01358af4cd63f679b2c4d1fa1,8,12,373.9,177.82999999999998,0.475608451457609,8.0,0.0,-15.489346064814814,0.0,8.0,5.0,0.0,0.0,False,Insufficient Review Volume
40536e7ca18e1bce252828e5876466cc,2,4,463.96,499.04,1.0756099663764118,,,,,2.0,1.0,2.0,100.0,False,Insufficient Review Volume
406740ee611378a662d274c7d8c43c4a,8,10,1790.0,182.08,0.10172067039106146,8.0,1.0,-6.900419560185186,12.5,8.0,4.375,1.0,12.5,False,Insufficient Review Volume
406822777a0b9eb5c50e442dd4cd3ec5,45,47,3648.08,948.26,0.25993399267559925,44.0,6.0,-10.117151988636364,13.636363636363635,44.0,4.295454545454546,4.0,9.090909090909092,True,High Revenue + High Experience
4091f77d8c768fc3e81c20761471761d,8,8,1079.0,230.87,0.21396663577386468,8.0,2.0,-4.733638599537037,25.0,8.0,2.75,3.0,37.5,False,Insufficient Review Volume
40d54b51e962dbe09cabbcfd33298dee,30,31,6785.5599999999995,537.69,0.07924032799061538,30.0,0.0,-11.738741898148147,0.0,30.0,4.0,6.0,20.0,True,High Revenue + Lower Experience
40db9e9aa57f7bb151bcda6b0f9bdbb7,12,12,23168.0,655.99,0.02831448549723757,12.0,1.0,-14.727022569444443,8.333333333333332,11.0,2.3636363636363638,7.0,63.63636363636363,False,Insufficient Review Volume
40ec8ab6cdafbcc4f544da38c67da39a,2,2,117.8,39.2,0.33276740237691005,2.0,0.0,-12.683148148148147,0.0,2.0,5.0,0.0,0.0,False,Insufficient Review Volume
411f3b52d857390502ee4e4d5ceabc2d,21,30,1804.01,378.71,0.20992677424182793,21.0,3.0,-5.922380401234568,14.285714285714285,19.0,4.105263157894737,3.0,15.789473684210526,False,Insufficient Review Volume
4125d9385a25e82d2f72d3a0fd55bc3f,1,1,42.9,18.4,0.42890442890442887,1.0,0.0,-3.323287037037037,0.0,1.0,5.0,0.0,0.0,False,Insufficient Review Volume
412a4720f3e9431b4afa1476a1acddbe,21,22,2058.1,511.06,0.2483164083377873,21.0,1.0,-8.191089065255731,4.761904761904762,21.0,4.238095238095238,2.0,9.523809523809524,False,Insufficient Review Volume
4170f6a9367e6b5d6401d03ce6d54569,4,5,568.78,93.03,0.16356060339674391,4.0,1.0,0.31828125000000007,25.0,4.0,4.0,1.0,25.0,False,Insufficient Review Volume
417a1e6c7321084d2a0ae0d023cfad93,1,1,48.9,12.48,0.2552147239263804,1.0,0.0,-16.41840277777778,0.0,1.0,5.0,0.0,0.0,False,Insufficient Review Volume
41958cbd3335433c8740300e8cd600d5,1,1,32.99,7.39,0.22400727493179748,1.0,0.0,-10.350046296296297,0.0,1.0,5.0,0.0,0.0,False,Insufficient Review Volume
41ab63a91b8b264e8c8780368bf1dd5b,12,13,2571.95,302.27,0.11752561286183635,12.0,0.0,-22.550905671296295,0.0,12.0,4.25,2.0,16.666666666666664,False,Insufficient Review Volume
41b14765bd56c8ad10971074380f9c0c,8,10,395.5,119.13,0.30121365360303415,8.0,0.0,-10.847863136574075,0.0,8.0,4.625,1.0,12.5,False,Insufficient Review Volume
41b39e28db005d9731d9d485a83b4c38,195,231,17112.55,3930.36,0.22967704988444154,187.0,12.0,-17.322869999009704,6.417112299465241,195.0,4.055,33.0,16.923076923076923,True,High Revenue + Lower Experience
41b86b552e54e3a7009596125aa8b167,10,11,1595.3,234.61,0.14706324829185735,10.0,0.0,-18.123756944444445,0.0,10.0,4.3,1.0,10.0,False,Insufficient Review Volume
41c2bad7229b0c25e6becf179ebf63ff,20,23,782.0,189.92,0.24286445012787722,20.0,0.0,-15.170555555555556,0.0,20.0,4.95,0.0,0.0,False,Insufficient Review Volume
41c9d3997dd3c072c31139dc5bb5761f,3,3,998.8,111.74000000000001,0.11187424909891872,3.0,0.0,-9.816871141975309,0.0,3.0,4.333333333333333,0.0,0.0,False,Insufficient Review Volume
41da412d33e8da4f22baf55cb1bde82c,15,21,862.9,374.16,0.4336076022714104,15.0,0.0,-18.155564814814813,0.0,15.0,4.666666666666667,0.0,0.0,False,Insufficient Review Volume
41e0fa5761c886a630994a55c12087e7,5,5,423.6,68.31,0.16126062322946175,5.0,0.0,-18.844953703703702,0.0,5.0,5.0,0.0,0.0,False,Insufficient Review Volume
4200ddf1967c5e41e48db62bc6d4b5ac,22,42,734.8,487.93,0.6640310288513882,22.0,1.0,-10.442124894781145,4.545454545454546,19.0,4.2631578947368425,2.0,10.526315789473683,False,Insufficient Review Volume
4221a7df464f1fe2955934e30ff3a5a1,5,5,849.5,239.54,0.28197763390229547,5.0,0.0,-15.81200462962963,0.0,5.0,4.8,0.0,0.0,False,Insufficient Review Volume
422be4cc81a457fdb46f47edeb968ae5,1,1,239.9,77.47,0.32292621925802417,1.0,0.0,-20.182094907407407,0.0,1.0,5.0,0.0,0.0,False,Insufficient Review Volume
427165bf50f8ca07efc7bdc2bfcf1688,5,5,1603.5,89.4,0.05575304022450889,5.0,3.0,18.573574074074077,60.0,5.0,3.2,2.0,40.0,False,Insufficient Review Volume
42b6488f5b8246d9141712abd4b1b693,2,2,247.99,41.81,0.1685955078833824,2.0,0.0,-12.268130787037038,0.0,2.0,4.0,0.0,0.0,False,Insufficient Review Volume
42b729f859728f5079499127a9c2ef37,104,132,4118.86,1315.21,0.31931408205182993,103.0,8.0,-7.248024541531823,7.766990291262135,103.0,4.466019417475728,7.0,6.796116504854369,True,High Revenue + High Experience
42bde9fef835393bb8a8849cb6b7f245,35,40,7703.0,784.84,0.10188757626898612,34.0,1.0,-13.837219839324618,2.941176470588235,35.0,4.257142857142857,3.0,8.571428571428571,True,High Revenue + High Experience
42d4b7e70819438f5ada61c965e92d7e,1,3,49.6,51.18,1.0318548387096773,1.0,0.0,-1.472210648148148,0.0,1.0,1.0,1.0,100.0,False,Insufficient Review Volume
42ef3192a9ff87a22d1867b74b3ee205,23,23,1354.0900000000001,301.88,0.2229393910301383,23.0,0.0,-10.245952093397745,0.0,23.0,4.6521739130434785,1.0,4.3478260869565215,False,Insufficient Review Volume
42fa4ee7240e9b8eb4576358ec142ba7,22,22,3845.7,518.77,0.13489611774189356,22.0,0.0,-14.945178345959595,0.0,21.0,4.809523809523809,0.0,0.0,False,Insufficient Review Volume
42fb44130ac3134cde8e35cf8ec7df25,3,3,62.699999999999996,36.44,0.5811802232854865,2.0,0.0,-13.512986111111111,0.0,3.0,3.6666666666666665,1.0,33.33333333333333,False,Insufficient Review Volume
430315b7bb4b6e4b3c978f9dfa9b0558,20,21,3118.4,586.23,0.18799063622370446,19.0,1.0,-13.640346003898633,5.263157894736842,19.0,3.9473684210526314,4.0,21.052631578947366,False,Insufficient Review Volume
4305fe92735c8a43d154ff6dd2b8d927,19,21,2885.9,428.35,0.14842856647839495,17.0,0.0,-9.765552151416122,0.0,19.0,3.9473684210526314,3.0,15.789473684210526,False,Insufficient Review Volume
431050a06a317f2b38168dec3dcd2b46,12,12,1487.8,233.15,0.15670789084554376,10.0,0.0,-13.318586805555555,0.0,12.0,4.25,1.0,8.333333333333332,False,Insufficient Review Volume
431af27f296bc6519d890aa5a05fdb11,117,125,13109.5,2141.35,0.16334337694038673,116.0,18.0,-6.531787496008939,15.517241379310345,116.0,3.786324786324786,28.0,24.137931034482758,True,High Revenue + Lower Experience
4324dd16853115efb0fd9d0d131ba6f4,12,18,1052.25,327.22,0.31097172725112854,12.0,1.0,-12.183428819444444,8.333333333333332,12.0,4.083333333333333,2.0,16.666666666666664,False,Insufficient Review Volume
432c37c9dfba871172ec162e20118b8c,46,57,2968.87,969.67,0.32661248219019356,44.0,4.0,-10.93137678872054,9.090909090909092,46.0,4.108695652173913,7.0,15.217391304347828,True,High Revenue + Lower Experience
432c67955c0acd1fd6b0b5d678766a71,3,3,1151.0,137.41,0.11938314509122502,1.0,0.0,-47.54,0.0,3.0,2.3333333333333335,2.0,66.66666666666666,False,Insufficient Review Volume
43402bdf22aa2310e8f99e2f94f78628,4,5,649.95,187.15,0.2879452265558889,4.0,0.0,-34.0215943287037,0.0,4.0,2.5,2.0,50.0,False,Insufficient Review Volume
4342d4b2ba6b161468c63a7e7cfce593,20,20,2867.1,296.21,0.10331345261762756,2.0,1.0,-5.592731481481482,50.0,19.0,1.263157894736842,18.0,94.73684210526315,False,Insufficient Review Volume
436bf27f2f18474fc6047702e9f8a866,1,1,29.9,14.52,0.48561872909699,1.0,0.0,-9.293888888888889,0.0,1.0,5.0,0.0,0.0,False,Insufficient Review Volume
4371b634e0efc0e22b09b52907d9d469,102,112,8194.0,1484.79,0.1812045399072492,101.0,8.0,-9.720521635496883,7.920792079207921,101.0,4.445544554455446,8.0,7.920792079207921,True,High Revenue + High Experience
43753b27d77860f1654aa72e251a7878,1,1,23.9,42.38,1.773221757322176,1.0,0.0,-0.15685185185185185,0.0,1.0,5.0,0.0,0.0,False,Insufficient Review Volume
4391ea5c5990502176a1dcda44a2373d,3,5,2349.0,135.3,0.057598978288633466,3.0,0.0,-16.290293209876545,0.0,3.0,4.666666666666667,0.0,0.0,False,Insufficient Review Volume
439a47cc365d6e3bd526812ea9de3c29,8,13,1186.5,224.43,0.18915297092288244,8.0,1.0,-10.687200520833333,12.5,8.0,4.25,1.0,12.5,False,Insufficient Review Volume
43a1d4bab73b816e44ef4e4facd9f9b5,1,1,189.9,15.5,0.08162190626645603,1.0,0.0,-20.49628472222222,0.0,1.0,4.0,0.0,0.0,False,Insufficient Review Volume
43a5d4a57af536fddc96d08be3afdfcb,1,1,75.0,24.83,0.3310666666666666,1.0,0.0,-17.343344907407406,0.0,1.0,1.0,1.0,100.0,False,Insufficient Review Volume
43b2c864251aa0ce4030c746984e088a,2,2,94.8,34.52,0.3641350210970465,2.0,0.0,-8.292193287037037,0.0,2.0,3.0,1.0,50.0,False,Insufficient Review Volume
43f8c9950d11ecd03a0304a49e010da6,41,41,4249.59,557.63,0.1312197176668808,41.0,3.0,-11.508667005420055,7.317073170731707,41.0,4.560975609756097,1.0,2.4390243902439024,True,High Revenue + High Experience
44073f8b7e41514de3b7815dd0237f4f,144,153,18729.64,3172.29,0.16937271618674998,142.0,5.0,-15.292007531298905,3.5211267605633805,143.0,3.7552447552447554,29.0,20.27972027972028,True,High Revenue + Lower Experience
440dd6ab244315c632130ecfb63827b1,94,95,13696.9,2096.31,0.15304996020997452,91.0,12.0,-10.584755926943426,13.186813186813188,93.0,3.849462365591398,15.0,16.129032258064516,True,High Revenue + Lower Experience
443d880f15cbd3572885e1d44bf2c478,1,2,94.8,30.2,0.31856540084388185,1.0,0.0,-13.201458333333333,0.0,1.0,2.0,1.0,100.0,False,Insufficient Review Volume
4450bd8327d471c4a11a83d1445b1b62,1,1,199.0,15.56,0.07819095477386935,1.0,0.0,-20.42099537037037,0.0,1.0,5.0,0.0,0.0,False,Insufficient Review Volume
446cc09cdbb130904da114e807dbec40,3,3,252.8,54.17,0.21428006329113924,3.0,0.0,-24.026207561728395,0.0,3.0,4.666666666666667,0.0,0.0,False,Insufficient Review Volume
44717f64ec2a457979cf83c429077666,2,3,107.0,63.91,0.5972897196261682,2.0,0.0,-23.205283564814813,0.0,2.0,5.0,0.0,0.0,False,Insufficient Review Volume
447d377bdb757058acb569025ee18a93,1,1,64.99,18.02,0.2772734266810279,1.0,0.0,-13.21351851851852,0.0,1.0,5.0,0.0,0.0,False,Insufficient Review Volume
44ed138eca6214d572ce1d813fb0049b,2,3,129.79,56.01,0.43154326219277295,2.0,0.0,-8.268310185185186,0.0,2.0,4.5,0.0,0.0,False,Insufficient Review Volume
44f091b5abab8018f682fce8124b85e5,6,6,1680.1,107.60999999999999,0.06404975894292006,3.0,2.0,0.4275694444444446,66.66666666666666,6.0,2.5,4.0,66.66666666666666,False,Insufficient Review Volume
45213867cefbf2cd4c6177e10216a951,14,14,4955.42,433.74,0.08752840324331741,14.0,2.0,-12.640848214285715,14.285714285714285,14.0,3.857142857142857,3.0,21.428571428571427,False,Insufficient Review Volume
4559697a8f7e637227c2eeaed843baff,42,42,3696.0,778.27,0.21057088744588745,39.0,3.0,-11.752505935422603,7.6923076923076925,42.0,4.068181818181818,7.0,16.666666666666664,True,High Revenue + Lower Experience
455befea1bb853c75ccbca94cff26e5c,1,1,19.99,22.06,1.103551775887944,1.0,0.0,-37.19980324074074,0.0,1.0,3.0,0.0,0.0,False,Insufficient Review Volume
455c5640e8c5bd1b2ee85c0158f85727,8,8,6729.5,457.39,0.06796790251876068,8.0,0.0,-22.132955729166667,0.0,8.0,4.5,0.0,0.0,False,Insufficient Review Volume
455f46ef09a9e45667e2981df84b5cc2,2,2,59.8,31.18,0.5214046822742475,1.0,0.0,-1.087060185185185,0.0,2.0,2.5,1.0,50.0,False,Insufficient Review Volume
457fe919b032a3f7dadba6fb92cf7855,9,12,1104.89,141.22,0.1278136285060051,9.0,1.0,-7.474688786008231,11.11111111111111,9.0,4.777777777777778,0.0,0.0,False,Insufficient Review Volume
458c6fa920810ce2492da71bc26d9eec,2,2,756.76,105.61,0.1395554733336857,2.0,0.0,-9.5303125,0.0,2.0,2.5,1.0,50.0,False,Insufficient Review Volume
458d868c9642f55f18f04e951a3fdde6,2,2,2718.0,104.75,0.038539367181751286,2.0,0.0,-18.286244212962963,0.0,2.0,5.0,0.0,0.0,False,Insufficient Review Volume
45a3d05fb00435e52a28859dd03703b3,1,1,1299.0,24.79,0.019083910700538876,1.0,0.0,-4.524479166666667,0.0,1.0,5.0,0.0,0.0,False,Insufficient Review Volume
45ba18c210d42734ec52c0c1c574e9ee,38,41,5589.13,972.96,0.17408076033300354,35.0,2.0,-11.026830687830689,5.714285714285714,38.0,3.8684210526315788,8.0,21.052631578947366,True,High Revenue + Lower Experience
45c20d94d9171b0bcfab3c955e47d67b,4,4,129.45999999999998,81.11,0.6265255677429322,4.0,0.0,-9.72808738425926,0.0,4.0,4.5,0.0,0.0,False,Insufficient Review Volume
45d33f715e24d15a6ccf5c17b3a23e3c,59,61,4838.2300000000005,903.93,0.18683072115215685,56.0,4.0,-11.005964368386243,7.142857142857142,59.0,4.016949152542373,8.0,13.559322033898304,True,High Revenue + Lower Experience
461ff5303b6c9c1a4a07f40c5aece516,3,3,102.69999999999999,58.73,0.5718597857838364,3.0,0.0,-15.089513888888888,0.0,3.0,3.6666666666666665,1.0,33.33333333333333,False,Insufficient Review Volume
466222e777149751370e7e98fb623b0c,1,1,87.9,17.55,0.19965870307167236,1.0,0.0,-8.202314814814814,0.0,1.0,5.0,0.0,0.0,False,Insufficient Review Volume
4677a5437afda5fa7140b927b07be1cc,11,11,3415.7,420.0,0.12296161840911088,11.0,1.0,-13.350706018518519,9.090909090909092,11.0,4.363636363636363,0.0,0.0,False,Insufficient Review Volume
46dc3b2cc0980fb8ec44634e21d2718e,521,542,128111.19,11798.5,0.09209578023590288,504.0,33.0,-11.465810322971782,6.547619047619048,515.0,4.194174757281553,68.0,13.203883495145632,True,High Revenue + High Experience
46ef1a25845fc051c2998d878354810c,5,5,250.41,98.04,0.39151791062657243,5.0,1.0,-3.947131944444444,20.0,5.0,4.4,0.0,0.0,False,Insufficient Review Volume
4736e9d642ef4257cd7622516931eb51,16,20,1078.8700000000001,370.90000000000003,0.34378562755475633,16.0,0.0,-13.713786892361112,0.0,16.0,4.176470588235294,2.0,12.5,False,Insufficient Review Volume
47648caee88ccfe951fbb27fbf7b4cbe,3,3,1564.99,68.0,0.043450756873845836,3.0,1.0,-5.226138117283951,33.33333333333333,3.0,3.6666666666666665,1.0,33.33333333333333,False,Insufficient Review Volume
478bfe564db21eeb44386606aa30b650,3,3,182.70000000000002,48.1,0.26327312534209085,3.0,0.0,-12.813094135802467,0.0,3.0,4.666666666666667,0.0,0.0,False,Insufficient Review Volume
47efca563408aae19bb7206c2d969ea9,12,12,2522.0,443.32,0.17578112609040444,11.0,0.0,-14.32267361111111,0.0,12.0,4.083333333333333,2.0,16.666666666666664,False,Insufficient Review Volume
47f55702f598c7c6cc8458b0fbc1c49a,2,2,127.5,35.9,0.2815686274509804,1.0,0.0,-10.292858796296295,0.0,1.0,5.0,0.0,0.0,False,Insufficient Review Volume
48162d548f5b1b11b9d29d1e01f75a61,68,91,20510.14,2082.03,0.101512227610343,66.0,2.0,-12.634215768799102,3.0303030303030303,68.0,3.8970588235294117,13.0,19.11764705882353,True,High Revenue + Lower Experience
4830e40640734fc1c52cd21127c341d4,210,219,9843.47,3126.55,0.31762681249599994,204.0,14.0,-10.400108308369644,6.862745098039216,209.0,4.156398104265403,26.0,12.440191387559809,True,High Revenue + High Experience
48328ec9a579151d9cc6a86d4a59336c,1,1,1099.0,97.78,0.08897179253867152,1.0,0.0,-6.174201388888889,0.0,1.0,2.0,1.0,100.0,False,Insufficient Review Volume
483ca627d131e18f988349b1655c0acd,1,1,264.0,19.73,0.07473484848484849,1.0,0.0,-4.96425925925926,0.0,1.0,5.0,0.0,0.0,False,Insufficient Review Volume
48436dade18ac8b2bce089ec2a041202,138,151,12271.710000000001,2911.93,0.2372880389122624,134.0,10.0,-8.975624481757878,7.462686567164178,138.0,4.0144927536231885,21.0,15.217391304347828,True,High Revenue + Lower Experience
485452467ff670447e84a8370c3fc898,3,3,175.7,139.74,0.7953329538986911,3.0,0.0,-14.378510802469137,0.0,3.0,4.666666666666667,0.0,0.0,False,Insufficient Review Volume
4867209cb29b56b92893d7bde3ce8012,1,1,150.0,19.15,0.12766666666666665,1.0,0.0,-16.101076388888888,0.0,1.0,4.0,0.0,0.0,False,Insufficient Review Volume
4869f7a5dfa277a7dca6462dcf3b52b2,1132,1156,229472.63,20168.07,0.08788878220465769,1124.0,130.0,-10.390534631606695,11.565836298932384,1124.0,4.133451957295374,152.0,13.523131672597867,True,High Revenue + Lower Experience
48985c61529077fa4f1e38bcff0f2ed3,7,7,879.3000000000001,148.07,0.16839531445467984,7.0,0.0,-20.815127314814813,0.0,7.0,4.428571428571429,0.0,0.0,False,Insufficient Review Volume
48b6c3f4c6a93171da04b75313f2130f,2,2,290.26,37.8,0.13022807138427617,2.0,0.0,-8.226244212962964,0.0,2.0,5.0,0.0,0.0,False,Insufficient Review Volume
48bad451945f5227341793478d6353ea,3,3,307.0,77.49000000000001,0.25241042345276876,3.0,1.0,-13.94000385802469,33.33333333333333,3.0,4.0,0.0,0.0,False,Insufficient Review Volume
48e5ee06fb2dc74df1c711a9b6dfac2a,1,3,57.0,45.3,0.7947368421052631,1.0,0.0,-19.18145833333333,0.0,1.0,5.0,0.0,0.0,False,Insufficient Review Volume
48e954b2da4f6a750c844173b347ed40,2,6,397.79999999999995,159.01,0.39972347913524386,2.0,0.0,-27.643136574074074,0.0,2.0,4.5,0.0,0.0,False,Insufficient Review Volume
48efc9d94a9834137efd9ea76b065a38,33,34,345.6,320.40000000000003,0.9270833333333334,33.0,0.0,-23.80334034792368,0.0,33.0,5.0,0.0,0.0,True,Lower Revenue + High Experience
48fb026ed7455a42f5d3e9390ed5088e,11,11,555.71,223.43,0.40206222670097713,9.0,0.0,-14.346396604938272,0.0,11.0,2.6363636363636362,6.0,54.54545454545454,False,Insufficient Review Volume
49067458c68f7701fd334ce326accbe0,17,37,1047.6499999999999,573.85,0.5477497255762899,17.0,1.0,-13.92448869825708,5.88235294117647,17.0,3.4444444444444446,6.0,35.294117647058826,False,Insufficient Review Volume
4917cee8d902e13428c3ec4b1ca6f315,33,33,5421.9,1199.6399999999999,0.22125823050959995,31.0,1.0,-9.279068473715652,3.225806451612903,32.0,4.15625,4.0,12.5,True,High Revenue + High Experience
491a5ada3aa1678414e990262c4bbdc1,2,2,2840.0,33.81,0.01190492957746479,1.0,0.0,-11.695277777777777,0.0,2.0,3.0,1.0,50.0,False,Insufficient Review Volume
49383af7ab774e4e8f3000f49c83dc4b,8,12,660.0,242.23,0.3670151515151515,8.0,0.0,-13.061480034722223,0.0,8.0,4.375,0.0,0.0,False,Insufficient Review Volume
4965a7002cca77301c82d3f91b82e1a9,1,1,8.49,7.87,0.9269729093050648,1.0,0.0,-12.329814814814815,0.0,1.0,5.0,0.0,0.0,False,Insufficient Review Volume
497709c2976a8fa308730a2dec5b0726,1,2,76.0,18.04,0.23736842105263156,1.0,0.0,-1.2449652777777778,0.0,1.0,5.0,0.0,0.0,False,Insufficient Review Volume
4978a02ea9c8be7a9b5480680f40334e,18,19,2356.61,340.23,0.14437263696581107,18.0,0.0,-9.204590406378601,0.0,18.0,3.5555555555555554,5.0,27.77777777777778,False,Insufficient Review Volume
499185655c29ecfdbfe776ef7cf875b5,1,1,89.0,17.33,0.19471910112359547,1.0,0.0,-33.31337962962963,0.0,1.0,4.0,0.0,0.0,False,Insufficient Review Volume
4992e76a42cb3aad7a7047e0d3d7e729,57,74,2211.1,1007.47,0.45564198815069423,56.0,4.0,-9.901557126322752,7.142857142857142,57.0,3.912280701754386,10.0,17.543859649122805,True,High Revenue + Lower Experience
499ec63c58e51296c9cf57edcfe1c8a8,5,5,365.0,47.93,0.1313150684931507,5.0,0.0,-11.835502314814814,0.0,5.0,4.8,0.0,0.0,False,Insufficient Review Volume
49cdc90518a4f82676b38b3c1aa43ff6,5,5,1539.5,82.61,0.05366027931146476,5.0,0.0,-10.340064814814815,0.0,5.0,3.8,1.0,20.0,False,Insufficient Review Volume
49e7217cfe4e427191c378ec626d8737,13,14,3002.7,375.61,0.1250907516568422,12.0,0.0,-10.759395254629629,0.0,13.0,3.8461538461538463,2.0,15.384615384615385,False,Insufficient Review Volume
49f8d2ea7b718d0ce587d34207caf2b4,1,1,149.9,15.36,0.10246831220813875,1.0,0.0,-0.3030787037037037,0.0,1.0,5.0,0.0,0.0,False,Insufficient Review Volume
4a1917ef994878940e1fb03eeb787ad7,2,3,768.0,78.62,0.10236979166666667,2.0,0.0,-8.626614583333334,0.0,2.0,3.0,1.0,50.0,False,Insufficient Review Volume
4a1f694197d05fe70026b016a7316b41,14,23,907.77,370.98,0.4086718001255825,14.0,1.0,-13.137854662698413,7.142857142857142,14.0,4.571428571428571,1.0,7.142857142857142,False,Insufficient Review Volume
4a23adac87cf538689fa600d976f78b2,3,3,405.0,35.41,0.08743209876543209,3.0,0.0,-8.235327932098764,0.0,3.0,4.333333333333333,0.0,0.0,False,Insufficient Review Volume
4a3ca9315b744ce9f8e9374361493884,1806,1987,200472.92,35067.04,0.17492158043091305,1772.0,195.0,-8.831082489444862,11.00451467268623,1785.0,3.827873403664631,345.0,19.327731092436977,True,High Revenue + Lower Experience
4a3ccda38b2129705f3fb522db62ca31,66,78,17062.59,1432.34,0.08394622387339788,64.0,6.0,-10.629969798900463,9.375,66.0,3.8805970149253732,14.0,21.21212121212121,True,High Revenue + Lower Experience
4a5b36211b1f51bf7eaa5c10a57fa483,1,1,139.19,16.07,0.11545369638623465,1.0,0.0,-7.075347222222222,0.0,1.0,5.0,0.0,0.0,False,Insufficient Review Volume
4a82168aaef173cbb6e46ae88728f919,4,4,512.0,100.39,0.19607421875,4.0,0.0,-13.123188657407407,0.0,4.0,4.0,1.0,25.0,False,Insufficient Review Volume
4a82c4af97ffc0fb2dc26bfdc03b1842,3,3,143.7,67.2,0.4676409185803758,3.0,0.0,-14.273526234567901,0.0,3.0,5.0,0.0,0.0,False,Insufficient Review Volume
4aba391bc3b88717ce08eb11e44937b2,29,30,7595.87,839.34,0.11049952145047244,27.0,4.0,-12.414735939643347,14.814814814814813,29.0,3.896551724137931,6.0,20.689655172413794,False,Insufficient Review Volume
4aba6a02a788d3ec81c03137144d9a80,1,1,89.9,15.38,0.1710789766407119,1.0,0.0,-10.18832175925926,0.0,1.0,5.0,0.0,0.0,False,Insufficient Review Volume
4b0fdb526525f9890eb145bf1534640e,18,20,2419.0,535.21,0.22125258371227782,18.0,0.0,-9.263124999999999,0.0,18.0,4.055555555555555,3.0,16.666666666666664,False,Insufficient Review Volume
4b1eaadf791bdbbad8c4a35b65236d52,8,8,1849.79,113.03,0.06110423345352716,5.0,1.0,-15.234039351851852,20.0,8.0,2.0,6.0,75.0,False,Insufficient Review Volume
4b39558c138930b9e5489c93b6df5fe3,4,5,1096.7,132.4,0.12072581380505151,4.0,0.0,-13.112572337962963,0.0,4.0,4.5,0.0,0.0,False,Insufficient Review Volume
4b5f66b7adcf57f1ecc0d3c07dd6b177,23,38,6381.78,734.18,0.11504313843473138,23.0,1.0,-14.06987117552335,4.3478260869565215,22.0,4.090909090909091,3.0,13.636363636363635,False,Insufficient Review Volume
4b90495391ac0bd181a80a459df1e718,1,1,248.0,18.11,0.0730241935483871,1.0,0.0,-38.18653935185185,0.0,1.0,4.0,0.0,0.0,False,Insufficient Review Volume
4b9750c8ad28220fe6702d4ecb7c898f,218,222,15915.3,3389.8,0.21299001589665292,217.0,17.0,-8.660543501450759,7.834101382488479,218.0,4.362385321100917,15.0,6.8807339449541285,True,High Revenue + High Experience
4b98b0428fc1932cc2514ef9ce2505e6,2,2,327.63,35.8,0.10926960290571681,2.0,1.0,-3.832430555555555,50.0,2.0,2.3333333333333335,2.0,100.0,False,Insufficient Review Volume
4ba52dfeba874da5b9ee7b17c7494f04,11,11,1463.0,204.91,0.14006151742993847,11.0,1.0,-10.952910353535353,9.090909090909092,11.0,4.363636363636363,1.0,9.090909090909092,False,Insufficient Review Volume
4bc3d93e4a5f88a598d3d8ce4ae510b3,1,1,169.0,19.28,0.1140828402366864,,,,,1.0,1.0,1.0,100.0,False,Insufficient Review Volume
4bcec44888b30ba9001234c534716d3f,5,5,146.0,63.23,0.4330821917808219,5.0,0.0,-8.702636574074074,0.0,5.0,4.6,0.0,0.0,False,Insufficient Review Volume
4bde6149c15cf7e177b36fa060dd6de8,2,2,159.8,32.66,0.20438047559449307,2.0,0.0,-46.8990625,0.0,2.0,5.0,0.0,0.0,False,Insufficient Review Volume
4be2e7f96b4fd749d52dff41f80e39dd,1,1,267.0,32.84,0.12299625468164796,,,,,1.0,1.0,1.0,100.0,False,Insufficient Review Volume
4be6b962d83299498bae2190f95d6566,11,12,508.8,182.29,0.35827437106918236,11.0,1.0,-11.47414457070707,9.090909090909092,10.0,4.1,1.0,10.0,False,Insufficient Review Volume
4be9ae93c4fc0f41713d71a4194ee1b3,1,1,109.9,27.07,0.2463148316651501,1.0,0.0,-6.1844675925925925,0.0,1.0,5.0,0.0,0.0,False,Insufficient Review Volume
4bf2f4ee540798a61f9636d12cd9cc80,29,30,4995.56,505.45,0.10117984770476182,29.0,1.0,-11.751535360791825,3.4482758620689653,29.0,4.137931034482759,3.0,10.344827586206897,False,Insufficient Review Volume
4bf658053d453036c70976bccb2c31b2,2,2,1742.99,81.57,0.04679889155990567,2.0,0.0,-7.808576388888889,0.0,2.0,4.5,0.0,0.0,False,Insufficient Review Volume
4bfc7a4a1cf8d4d2121c27422d9e50b5,26,40,8124.4,1067.19,0.13135616168578604,26.0,1.0,-9.19724537037037,3.8461538461538463,26.0,4.538461538461538,2.0,7.6923076923076925,False,Insufficient Review Volume
4c03b9dd4c11ee2cb35c96c49efc9420,48,48,6458.6,843.73,0.1306366704858638,48.0,1.0,-13.477435136959876,2.083333333333333,47.0,4.1063829787234045,7.0,14.893617021276595,True,High Revenue + Lower Experience
4c18691b6037662be2df78a765d98ab5,63,67,3195.52,1120.99,0.3508004956939716,63.0,5.0,-10.519937169312168,7.936507936507936,63.0,3.873015873015873,11.0,17.46031746031746,True,High Revenue + Lower Experience
4c1c7281388a33dd06daac44f9fadbd1,5,5,188.32,81.59,0.4332519116397621,5.0,0.0,-15.764891203703703,0.0,5.0,4.8,0.0,0.0,False,Insufficient Review Volume
4c2b230173bb36f9b240f2b8ac11786e,261,346,14592.27,4397.57,0.3013629819075442,258.0,26.0,-7.3348759600200975,10.077519379844961,257.0,3.9767441860465116,47.0,18.28793774319066,True,High Revenue + Lower Experience
4c498c7345e89aebad651544829beca0,48,48,4819.76,570.0,0.11826315003236675,47.0,6.0,-8.484544178486997,12.76595744680851,48.0,4.291666666666667,4.0,8.333333333333332,True,High Revenue + High Experience
4c4d546adf3c3868fe19c9ec6e9ffda9,2,3,111.69999999999999,45.39,0.4063563115487914,2.0,0.0,-13.60376736111111,0.0,2.0,4.0,0.0,0.0,False,Insufficient Review Volume
4c60877808f4318ef1107fbeb8f89afa,2,2,118.0,32.63,0.27652542372881356,2.0,0.0,-8.613697916666666,0.0,2.0,4.0,0.0,0.0,False,Insufficient Review Volume
4c61e37f664c3c88aff092aa5ac779d7,7,8,788.3100000000001,119.86,0.15204678362573099,7.0,2.0,-3.21276455026455,28.57142857142857,6.0,4.0,1.0,16.666666666666664,False,Insufficient Review Volume
4c8545742faaf58fafd5fd14d25d75cf,4,4,3020.0,196.31,0.06500331125827814,4.0,0.0,-13.52620949074074,0.0,4.0,4.5,0.0,0.0,False,Insufficient Review Volume
4c8b8048e33af2bf94f2eb547746a916,23,27,2020.73,438.08,0.21679294116482656,19.0,2.0,-4.418885233918129,10.526315789473683,23.0,2.9565217391304346,10.0,43.47826086956522,False,Insufficient Review Volume
4cc43a222a0f94910728b62b97a8c5f8,1,1,108.5,12.26,0.11299539170506913,1.0,0.0,-11.262488425925927,0.0,1.0,3.0,0.0,0.0,False,Insufficient Review Volume
4cc4fd4fdd406a85bbdc1f824b731bd7,1,2,539.98,31.24,0.05785399459239231,1.0,0.0,-13.189178240740741,0.0,1.0,5.0,0.0,0.0,False,Insufficient Review Volume
4ce6e5f6c52515177e18c1c9361d8677,1,1,226.6,25.67,0.11328331862312446,,,,,1.0,3.0,0.0,0.0,False,Insufficient Review Volume
4ce8b55b4bfa4659184e7becc1fba3f2,2,2,199.0,59.870000000000005,0.30085427135678394,2.0,0.0,-11.394091435185185,0.0,2.0,3.0,1.0,50.0,False,Insufficient Review Volume
4cf490a58259286ada5ba8525ba9e84a,8,8,1254.2,155.19,0.12373624621272523,7.0,0.0,-17.129765211640212,0.0,8.0,3.125,3.0,37.5,False,Insufficient Review Volume
4d0041cdbe51b4617d95c70b19decc74,8,8,5235.200000000001,230.29,0.04398876833740831,8.0,0.0,-9.7126953125,0.0,8.0,4.5,0.0,0.0,False,Insufficient Review Volume
4d232b78ab7ef10393dc3807d827bc0d,5,5,1475.0,214.99,0.14575593220338984,5.0,0.0,-11.881342592592592,0.0,5.0,4.4,0.0,0.0,False,Insufficient Review Volume
4d600e08ecbe08258c79e536c5a42fee,8,8,4465.34,168.12,0.03764998857869725,7.0,0.0,-27.358584656084656,0.0,8.0,4.0,2.0,25.0,False,Insufficient Review Volume
4d6d651bd7684af3fffabd5f08d12e5a,369,395,43587.4,7898.91,0.18122003147698645,363.0,17.0,-12.294559164881136,4.683195592286501,368.0,4.197297297297298,46.0,12.5,True,High Revenue + High Experience
4d6fb82c629c7a5028bfd973c07b05e0,2,2,278.0,49.43,0.17780575539568344,,,,,2.0,2.0,1.0,50.0,False,Insufficient Review Volume
4d8809767a5bafe22909c77951fb6b41,1,1,50.0,8.72,0.1744,,,,,1.0,5.0,0.0,0.0,False,Insufficient Review Volume
4d9fea3499bdc22aa4da4e339365f215,2,2,192.54000000000002,30.2,0.15685052456632387,2.0,0.0,-19.14537615740741,0.0,2.0,5.0,0.0,0.0,False,Insufficient Review Volume
4da0e408c99d2fdc2126dc9fce518060,44,54,3026.0,938.73,0.31022141440846,44.0,0.0,-20.02691919191919,0.0,44.0,4.458333333333333,3.0,6.8181818181818175,True,High Revenue + High Experience
4dab98ca6cd6d3df586203cefd28a042,1,1,154.9,18.33,0.11833440929632019,1.0,0.0,-0.4294791666666667,0.0,1.0,5.0,0.0,0.0,False,Insufficient Review Volume
4dbd95a08b31ede5c82d3f861cb1ce1a,6,6,1304.67,189.36,0.14514015038285544,4.0,0.0,-16.037942708333333,0.0,6.0,3.5,2.0,33.33333333333333,False,Insufficient Review Volume
4dc2e811a1760953cb7c6a590b498943,1,1,175.0,24.84,0.14194285714285715,1.0,0.0,-8.389097222222222,0.0,1.0,5.0,0.0,0.0,False,Insufficient Review Volume
4dc646b9b9e8e411ef48ba000ea3ac6f,4,5,289.7,63.56,0.21939937866758719,4.0,1.0,-6.0796122685185185,25.0,4.0,2.75,2.0,50.0,False,Insufficient Review Volume
4ddeb3e828550cddc8d45c8bc36ab2d1,1,1,152.0,12.45,0.0819078947368421,1.0,0.0,-10.616608796296296,0.0,1.0,5.0,0.0,0.0,False,Insufficient Review Volume
4de6e4ba574aa9dfdc824bc44dc47fdd,14,14,451.1,253.32,0.5615606295721569,14.0,1.0,-17.600171957671957,7.142857142857142,14.0,4.071428571428571,3.0,21.428571428571427,False,Insufficient Review Volume
4deebb3199eeafb282ae33229144f94b,4,5,779.7,141.79,0.18185199435680388,4.0,1.0,-2.0354224537037036,25.0,4.0,4.0,1.0,25.0,False,Insufficient Review Volume
4e06067cc08b3f41d837768d392c3ee3,31,46,941.72,572.53,0.6079620269294482,31.0,1.0,-12.365103793309439,3.225806451612903,31.0,4.129032258064516,6.0,19.35483870967742,True,High Revenue + Lower Experience
4e0d109ccfba9a1151c103049880c857,2,2,279.89,67.84,0.24238093536746583,2.0,0.0,-14.857077546296296,0.0,2.0,3.0,1.0,50.0,False,Insufficient Review Volume
4e17c65a516f69d023a2ae78b84f28d6,61,74,7639.26,1155.54,0.1512633422608996,61.0,4.0,-21.41493738615665,6.557377049180328,61.0,4.229508196721311,11.0,18.0327868852459,True,High Revenue + High Experience
4e2627090e6e5b9fabba883a37897683,2,5,199.5,68.12,0.34145363408521306,1.0,0.0,-13.121689814814815,0.0,1.0,1.0,1.0,100.0,False,Insufficient Review Volume
4e326052e5dbba8adcd512f3450a307e,3,6,570.0,85.96,0.15080701754385964,3.0,0.0,-10.462638888888888,0.0,3.0,2.3333333333333335,2.0,66.66666666666666,False,Insufficient Review Volume
4e42581f08e8cfc7c090f930bac4552a,3,4,336.0,117.8,0.35059523809523807,1.0,1.0,12.860358796296296,100.0,3.0,1.0,3.0,100.0,False,Insufficient Review Volume
4e480be820e37de1444325ff358c9296,1,2,430.3,143.44,0.3333488264001859,1.0,0.0,-9.057685185185186,0.0,1.0,5.0,0.0,0.0,False,Insufficient Review Volume
4e5725ba188db8252977a4f0227bd462,22,25,1930.59,382.61,0.19818293889432764,21.0,6.0,-1.2282809744268075,28.57142857142857,22.0,3.409090909090909,8.0,36.36363636363637,False,Insufficient Review Volume
4e6015589b781adaa5ce7f1892d06bb1,3,3,684.0,56.5,0.08260233918128655,3.0,0.0,-12.117384259259259,0.0,3.0,3.6666666666666665,0.0,0.0,False,Insufficient Review Volume
4e7c18b98d84e05cbae3ff0ff03846c2,82,89,9177.9,2875.98,0.3133592651913837,81.0,4.0,-12.622445987654322,4.938271604938271,81.0,4.180722891566265,15.0,18.51851851851852,True,High Revenue + High Experience
4e85b538b0dad58852641540686d0e14,4,4,361.97999999999996,74.36,0.20542571412785238,4.0,2.0,-5.189976851851853,50.0,4.0,3.75,1.0,25.0,False,Insufficient Review Volume
4e8dacf3d38f281ae26c3e0321d92d88,10,15,2644.95,216.16,0.08172555246791055,8.0,1.0,-13.85715133101852,12.5,10.0,2.8,5.0,50.0,False,Insufficient Review Volume
4e922959ae960d389249c378d1c939f5,420,454,46030.37,7274.38,0.15803435862018922,412.0,44.0,-12.166583176015822,10.679611650485436,415.0,3.9542168674698797,76.0,18.313253012048193,True,High Revenue + Lower Experience
4e92348462c75b6c842b994ce84a0ed4,1,1,69.9,15.59,0.22303290414878396,1.0,0.0,-18.231689814814814,0.0,1.0,5.0,0.0,0.0,False,Insufficient Review Volume
4ea2f12dbe91deeacd2c1e74f069a6e6,4,6,210.2,70.07,0.333349191246432,4.0,0.0,-11.38246527777778,0.0,4.0,4.75,0.0,0.0,False,Insufficient Review Volume
4eb61f060e7dcc1d5a80d806c35cc541,8,8,1313.0,153.12,0.11661843107387662,8.0,0.0,-12.504333043981482,0.0,8.0,3.875,1.0,12.5,False,Insufficient Review Volume
4ebdc7e6cd6102a022dadc49156d4ea8,29,32,928.6999999999999,369.2,0.3975449553138796,29.0,1.0,-10.338808269476374,3.4482758620689653,29.0,3.8333333333333335,6.0,20.689655172413794,False,Insufficient Review Volume
4eeb99008a0f59d2c7759c59f9a346eb,2,2,1282.0,38.95,0.030382215288611545,2.0,0.0,-11.819050925925925,0.0,2.0,4.5,0.0,0.0,False,Insufficient Review Volume
4ef4c39cf3c24f326434cf0b2e48046a,8,9,891.0,126.17,0.14160493827160495,7.0,1.0,-5.049613095238095,14.285714285714285,8.0,3.375,3.0,37.5,False,Insufficient Review Volume
4f0d637c1197fd65405ebd755ac9f86b,2,2,199.8,32.67,0.1635135135135135,2.0,0.0,-16.264751157407407,0.0,2.0,5.0,0.0,0.0,False,Insufficient Review Volume
4f1f1c8666cdb6442f775c4e8caed465,2,2,944.98,125.41,0.13271180342441108,2.0,0.0,-13.773697916666666,0.0,2.0,5.0,0.0,0.0,False,Insufficient Review Volume
4f40d2ed38d1cc945364a7cd202a82c7,1,1,319.9,16.99,0.053110346983432324,,,,,1.0,1.0,1.0,100.0,False,Insufficient Review Volume
4fae87d32467e18eb46e4a76a0a0b9ce,1,1,100.9,19.9,0.19722497522299304,1.0,0.0,-11.286365740740742,0.0,1.0,5.0,0.0,0.0,False,Insufficient Review Volume
4fb41dff7c50136976d1a5cf004a42e2,3,3,1230.0,66.77,0.05428455284552845,3.0,1.0,33.818136574074074,33.33333333333333,3.0,4.0,0.0,0.0,False,Insufficient Review Volume
4fe2f67634d00c021aa01f96b6f2d68e,2,2,86.8,32.04,0.36912442396313366,2.0,0.0,-20.172366898148148,0.0,2.0,5.0,0.0,0.0,False,Insufficient Review Volume
5011f0d93373a4c5753adf58ca77af8d,12,22,1009.4200000000001,381.43,0.3778704602643102,11.0,1.0,-7.386241582491582,9.090909090909092,12.0,3.8333333333333335,2.0,16.666666666666664,False,Insufficient Review Volume
503c1de08ae81a2d86f17951b204db55,22,22,4906.99,414.90999999999997,0.08455489006498892,22.0,2.0,-11.22176452020202,9.090909090909092,22.0,4.409090909090909,1.0,4.545454545454546,False,Insufficient Review Volume
5058e8c1e82653974541e83690655b4a,63,78,10022.82,3055.11,0.3048154112315696,62.0,8.0,-15.680083258661888,12.903225806451612,62.0,3.2419354838709675,19.0,30.64516129032258,True,High Revenue + Lower Experience
5075aaa8404020ae6aa8bf4792099b41,13,23,1822.8,447.72,0.24562211981566823,10.0,0.0,-10.890005787037037,0.0,12.0,3.5833333333333335,3.0,25.0,False,Insufficient Review Volume
50770d25768b0486d89be26afca3108f,6,6,171.76999999999998,76.08999999999999,0.4429760726552949,6.0,1.0,-6.081778549382716,16.666666666666664,6.0,4.0,1.0,16.666666666666664,False,Insufficient Review Volume
508808d438fe2ff972ed13bb8f4a82e2,10,11,294.83,122.64,0.4159685242343045,9.0,0.0,-8.840756172839507,0.0,10.0,4.3,1.0,10.0,False,Insufficient Review Volume
50a7e551a7b3f8d37cd6e32d8bfbe5ea,1,1,140.0,27.96,0.19971428571428573,1.0,0.0,-3.4861458333333335,0.0,1.0,5.0,0.0,0.0,False,Insufficient Review Volume
50bf89f1349bc0409a268c3a49678009,1,1,179.9,102.57,0.5701500833796553,1.0,0.0,-25.375648148148148,0.0,1.0,5.0,0.0,0.0,False,Insufficient Review Volume
50c361bcf670d16f6df4d52de3dff924,1,1,35.0,16.6,0.4742857142857143,,,,,1.0,1.0,1.0,100.0,False,Insufficient Review Volume
50c9975695009e5e6473912e83a6d1da,50,68,3964.4,2919.55,0.7364418323075371,50.0,7.0,-6.997561805555555,14.000000000000002,49.0,3.938775510204082,9.0,18.367346938775512,True,High Revenue + Lower Experience
51209b446b2073894bdc0face6c73ffc,2,4,359.6,79.28,0.22046718576195773,2.0,0.0,-16.435960648148146,0.0,1.0,4.0,0.0,0.0,False,Insufficient Review Volume
512d298ac2a96d1931b6bd30aa21f61d,11,12,7401.94,321.93,0.04349265192638687,11.0,0.0,-14.506261574074074,0.0,11.0,4.2727272727272725,2.0,18.181818181818183,False,Insufficient Review Volume
513a54369b6a8a6602fcb0e129c6d78d,2,2,47.8,14.86,0.3108786610878661,2.0,0.0,-4.670353009259259,0.0,2.0,4.5,0.0,0.0,False,Insufficient Review Volume
5145090ab595c0d0b8557199f5701fbf,4,4,1459.6,197.85,0.13555083584543712,4.0,0.0,-24.67326099537037,0.0,4.0,4.25,0.0,0.0,False,Insufficient Review Volume
5151aea44289d6c6b090ee31c2132508,7,7,1315.3,167.17,0.12709647989051928,7.0,0.0,-26.510648148148146,0.0,6.0,1.8333333333333333,4.0,66.66666666666666,False,Insufficient Review Volume
515d781150feed28a6ac091bb0e3cb8c,6,6,1002.35,152.37,0.15201276999052227,6.0,0.0,-23.598584104938272,0.0,6.0,4.166666666666667,0.0,0.0,False,Insufficient Review Volume
5160d23075764e18e07c1f4a87fad743,34,39,2429.0,486.42,0.20025524907369288,33.0,1.0,-9.192353745791246,3.0303030303030303,34.0,4.382352941176471,3.0,8.823529411764707,True,High Revenue + High Experience
516e7738bd8f735ac19a010ee5450d8d,76,84,6643.09,1466.23,0.22071505880546552,74.0,4.0,-18.36235203953954,5.405405405405405,76.0,4.565789473684211,3.0,3.9473684210526314,True,High Revenue + High Experience
51702dc2a3e106c76dbff722b5bf0726,13,14,2705.1,581.94,0.21512698236664082,13.0,0.0,-13.761604344729344,0.0,13.0,4.3076923076923075,1.0,7.6923076923076925,False,Insufficient Review Volume
5194c22ed1f616ec0c0f33c571542879,4,4,245.6,80.85,0.3291938110749186,4.0,0.0,-10.505358796296296,0.0,4.0,4.25,0.0,0.0,False,Insufficient Review Volume
519a7aa428f18d125a283cf8c014fdd6,3,3,79.69999999999999,73.1,0.9171894604767881,3.0,0.0,-15.142986111111112,0.0,3.0,4.0,0.0,0.0,False,Insufficient Review Volume
51a04a8a6bdcb23deccc82b0b80742cf,1,1,167.99,31.93,0.19007083754985415,1.0,1.0,7.817743055555556,100.0,1.0,1.0,1.0,100.0,False,Insufficient Review Volume
51e0557bc7b86de13e946c60ee91ce39,1,1,45.8,17.6,0.3842794759825328,1.0,0.0,-8.508263888888889,0.0,1.0,5.0,0.0,0.0,False,Insufficient Review Volume
51e4e89242cbb846c2deff3dc015650e,16,16,822.58,353.17,0.4293442583092222,16.0,0.0,-15.22675564236111,0.0,16.0,4.625,0.0,0.0,False,Insufficient Review Volume
51ed72984a04e5dd35c2b27e77179038,7,7,1294.3,198.93,0.15369697906204127,7.0,1.0,-8.997132936507937,14.285714285714285,7.0,3.5714285714285716,2.0,28.57142857142857,False,Insufficient Review Volume
51f108f62cb87d61918159902c8f8583,3,3,303.73,75.03,0.24702861093734566,3.0,0.0,-16.81119598765432,0.0,3.0,4.333333333333333,0.0,0.0,False,Insufficient Review Volume
5206cc4bc2297c833e6061c49bf9c43f,1,1,35.0,10.96,0.31314285714285717,,,,,1.0,1.0,1.0,100.0,False,Insufficient Review Volume
52092ddbd3a58c450a4459bf051b2287,6,6,351.7,75.35,0.2142450952516349,6.0,0.0,-11.095829475308642,0.0,6.0,4.333333333333333,1.0,16.666666666666664,False,Insufficient Review Volume
520b493b57809f446cb0a233bb3e25c7,63,73,3698.9,1063.97,0.2876449755332666,63.0,2.0,-10.997441211052323,3.1746031746031744,63.0,4.296875,6.0,9.523809523809524,True,High Revenue + High Experience
522620dcb18a6b31cd7bdf73665113a9,174,180,57168.49,4661.32,0.08153652475340874,172.0,18.0,-13.11702512650732,10.465116279069768,170.0,3.888235294117647,33.0,19.411764705882355,True,High Revenue + Lower Experience
5236605f4d4b0b3e4df85b850393fca0,5,5,265.3,82.18,0.30976253298153034,5.0,1.0,-5.193824074074074,20.0,5.0,4.8,0.0,0.0,False,Insufficient Review Volume
52454f90d4c30c016768db02f88c1a74,3,5,80.5,67.17,0.8344099378881987,3.0,0.0,-7.580462962962964,0.0,3.0,3.6666666666666665,1.0,33.33333333333333,False,Insufficient Review Volume
52562a9f449c3dc3d53f5f5b9ed74903,14,14,3266.6,444.03999999999996,0.13593338639564073,14.0,0.0,-17.7531605489418,0.0,14.0,4.785714285714286,0.0,0.0,False,Insufficient Review Volume
525e75a6fb1454a2325ab1734bcec221,10,11,657.0699999999999,120.0,0.18262894364375182,9.0,0.0,-12.265954218106994,0.0,10.0,3.6,2.0,20.0,False,Insufficient Review Volume
5275ca25d0358ca73864e0ae41be1320,4,4,409.6,69.22,0.16899414062499998,4.0,2.0,-2.541837384259259,50.0,4.0,4.75,0.0,0.0,False,Insufficient Review Volume
527801b552d0077ffd170872eb49683b,90,92,17942.8,2062.56,0.11495195844572753,90.0,9.0,-10.589407021604938,10.0,89.0,4.47191011235955,7.0,7.865168539325842,True,High Revenue + High Experience
52831e5990d0771cb4951d6f12928167,1,1,65.0,13.12,0.20184615384615384,1.0,0.0,-9.204918981481482,0.0,1.0,3.0,0.0,0.0,False,Insufficient Review Volume
528bcf6680c36dddf07620bd35b33a6f,2,2,969.98,43.86,0.04521742716344667,2.0,1.0,-3.7398553240740737,50.0,2.0,4.5,0.0,0.0,False,Insufficient Review Volume
528ce32f560edd11add4169f6a5b65be,2,2,59.8,15.3,0.2558528428093646,2.0,0.0,-10.921012731481483,0.0,2.0,5.0,0.0,0.0,False,Insufficient Review Volume
52956b80ae65fda598f06f6b9943e7a9,3,3,792.0,66.85,0.08440656565656565,3.0,1.0,-6.671385030864198,33.33333333333333,3.0,4.0,0.0,0.0,False,Insufficient Review Volume
52a50b42accf164f9f019941e5759d9b,4,4,139.96,57.059999999999995,0.4076879108316661,4.0,1.0,-2.6741493055555554,25.0,4.0,4.75,0.0,0.0,False,Insufficient Review Volume
52a52b9f656520e99716f5bc40f661c8,7,8,783.1,148.12,0.18914570297535435,7.0,0.0,-11.531841931216931,0.0,7.0,4.0,2.0,28.57142857142857,False,Insufficient Review Volume
52ac6f920b7280e4c6d30dd94de6259b,6,7,5657.3,726.59,0.128434058649886,6.0,0.0,-10.523076774691358,0.0,6.0,3.6666666666666665,1.0,16.666666666666664,False,Insufficient Review Volume
52b53f7061969fe471d119b6195da864,1,1,90.0,8.37,0.09299999999999999,1.0,0.0,-7.114537037037037,0.0,1.0,5.0,0.0,0.0,False,Insufficient Review Volume
52bb00821bcdd358a5a5a27e1f6be5a1,2,2,349.8,38.629999999999995,0.11043453401943966,2.0,0.0,-8.21310763888889,0.0,2.0,4.5,0.0,0.0,False,Insufficient Review Volume
52d76513f0c4d97f3b99570e2c94ee31,19,28,8153.1,889.26,0.10907016962873017,19.0,1.0,-15.766228070175439,5.263157894736842,18.0,4.055555555555555,3.0,16.666666666666664,False,Insufficient Review Volume
52f0fe436a347ddad7ed5f9aa4e27eaa,21,23,1484.3700000000001,476.53,0.32103181821244026,19.0,3.0,-6.008552022417154,15.789473684210526,21.0,3.5238095238095237,6.0,28.57142857142857,False,Insufficient Review Volume
52f6f9f13ba19504c02781132a049e75,1,1,199.0,23.13,0.11623115577889447,1.0,0.0,-13.329131944444445,0.0,1.0,2.0,1.0,100.0,False,Insufficient Review Volume
52f976b17ea7f2f087f56dcc419328f6,6,6,7630.0,862.65,0.11306028833551769,6.0,0.0,-15.921213348765432,0.0,6.0,3.6666666666666665,2.0,33.33333333333333,False,Insufficient Review Volume
52f9db5cfb423382a2fa5c9e39303202,22,23,1269.77,358.77,0.2825472329634501,21.0,0.0,-14.196442350088184,0.0,22.0,4.136363636363637,3.0,13.636363636363635,False,Insufficient Review Volume
5305693ffae2d3463377b1f6fe67b15a,1,1,93.56,12.99,0.13884138520735356,1.0,0.0,-8.185578703703703,0.0,1.0,5.0,0.0,0.0,False,Insufficient Review Volume
53088c75f948b48a7ece173ac17f0c12,3,3,261.70000000000005,54.53,0.2083683607183798,3.0,0.0,-12.971998456790123,0.0,3.0,5.0,0.0,0.0,False,Insufficient Review Volume
530ec6109d11eaaf87999465c6afee01,97,104,12983.810000000001,2656.4,0.20459325883542656,94.0,1.0,-16.698677354215917,1.0638297872340425,97.0,4.237113402061856,11.0,11.34020618556701,True,High Revenue + High Experience
53243585a1d6dc2643021fd1853d8905,358,410,222776.05,13080.63,0.05871650027011431,348.0,15.0,-10.743274365421456,4.310344827586207,356.0,4.132022471910112,43.0,12.07865168539326,True,High Revenue + Lower Experience
53336f97ddbe53e2a617d07b17447b95,1,1,599.5,75.33,0.12565471226021685,1.0,0.0,-10.184259259259258,0.0,1.0,5.0,0.0,0.0,False,Insufficient Review Volume
533d46c1b06970e99f09523a61df4972,2,2,159.98,32.64,0.2040255031878985,2.0,0.0,-9.600376157407407,0.0,2.0,4.5,0.0,0.0,False,Insufficient Review Volume
5343d0649eca2a983820bfe93fc4d17e,71,111,10000.64,2392.59,0.23924368840394217,70.0,7.0,-12.410927248677249,10.0,70.0,3.8285714285714287,17.0,24.285714285714285,True,High Revenue + Lower Experience
534a01cc6df1e034e05c32028a291fa2,5,5,235.59,59.86,0.2540854874994694,5.0,0.0,-7.177587962962963,0.0,5.0,4.4,0.0,0.0,False,Insufficient Review Volume
535bf14f36346c7f59d87cece104d70c,1,1,50.0,7.77,0.15539999999999998,1.0,1.0,0.6958333333333333,100.0,1.0,4.0,0.0,0.0,False,Insufficient Review Volume
537eb890efff034a88679788b647c564,160,173,4679.7,2499.2,0.5340513280765861,158.0,9.0,-11.304762218706049,5.69620253164557,160.0,4.22360248447205,15.0,9.375,True,High Revenue + High Experience
538caafddff204241cecbf3a02e6b3cf,9,9,148.3,98.19,0.6621038435603506,8.0,4.0,-0.28333478009259283,50.0,9.0,2.5555555555555554,5.0,55.55555555555556,False,Insufficient Review Volume
539ed9e19811677513447759be5eccfc,2,2,32.83,31.09,0.9469996954005483,2.0,0.0,-15.294010416666666,0.0,2.0,3.0,1.0,50.0,False,Insufficient Review Volume
53b0300ca793f9834cd69c0678d35ee8,5,10,1662.15,137.31,0.0826098727551665,5.0,0.0,-13.751692129629628,0.0,5.0,5.0,0.0,0.0,False,Insufficient Review Volume
53d00c40e32aeb924a84ce72b1af869d,17,17,2165.85,296.22,0.13676847427107142,17.0,4.0,-6.742886710239652,23.52941176470588,17.0,4.352941176470588,1.0,5.88235294117647,False,Insufficient Review Volume
53e4c6e0f4312d4d2107a8c9cddf45cd,473,522,30148.95,9887.24,0.3279464127274747,463.0,25.0,-12.633513318934485,5.399568034557236,471.0,4.090717299578059,66.0,14.012738853503185,True,High Revenue + Lower Experience
54065e9aef7e9e9c2dc23b7594db021a,14,14,8003.0,280.43,0.03504060977133575,12.0,0.0,-22.112936921296296,0.0,14.0,3.857142857142857,3.0,21.428571428571427,False,Insufficient Review Volume
5415337f1863452476d42d9f14a16a61,1,1,44.9,23.45,0.522271714922049,1.0,0.0,-22.202222222222222,0.0,1.0,3.0,0.0,0.0,False,Insufficient Review Volume
54219883e72aad869adfb2a54b7bfa0f,5,5,6750.0,829.55,0.1228962962962963,5.0,0.0,-7.838287037037037,0.0,5.0,3.2,2.0,40.0,False,Insufficient Review Volume
542917da124346b47ea1ac79a93ce454,20,20,1303.9,363.18,0.27853362987959196,20.0,1.0,-13.289794560185186,5.0,20.0,4.190476190476191,3.0,15.0,False,Insufficient Review Volume
5444b12c82f21c923f2639ebc722c1ea,1,1,169.9,9.56,0.056268393172454384,,,,,1.0,4.0,0.0,0.0,False,Insufficient Review Volume
544863df86ed3b78a04e0820d41430ee,1,1,23.9,15.27,0.6389121338912134,1.0,0.0,-17.06775462962963,0.0,1.0,5.0,0.0,0.0,False,Insufficient Review Volume
54583ab379489add547fe47b628db589,10,10,2240.0,151.07999999999998,0.06744642857142856,10.0,0.0,-5.44897337962963,0.0,10.0,4.8,0.0,0.0,False,Insufficient Review Volume
54965bbe3e4f07ae045b90b0b8541f52,78,86,10961.300000000001,2203.54,0.20102907501847406,73.0,22.0,-2.874650399543379,30.136986301369863,74.0,3.0,33.0,44.5945945945946,True,High Revenue + Lower Experience
54a1852d1b8f10312c55e906355666ee,200,204,17226.44,3387.96,0.1966720924346528,198.0,19.0,-10.26713354610924,9.595959595959595,199.0,4.33,18.0,9.045226130653267,True,High Revenue + High Experience
54aa8463e87776b5612f4bdc4bd5d4de,7,7,649.3,123.53,0.19025103958108733,7.0,0.0,-23.255499338624336,0.0,7.0,3.857142857142857,1.0,14.285714285714285,False,Insufficient Review Volume
54c04bdb5ec46762f8f08c7e8f86ed4a,18,19,3281.66,476.12,0.14508510936538216,18.0,2.0,-9.661017232510288,11.11111111111111,18.0,4.333333333333333,2.0,11.11111111111111,False,Insufficient Review Volume
55029529919c0123526150bd26ca8f20,7,7,453.95,134.88,0.2971252340566142,7.0,0.0,-13.691099537037037,0.0,7.0,4.714285714285714,0.0,0.0,False,Insufficient Review Volume
553a440137d6e0cf776aee0bb83ac9f5,2,2,144.8,30.34,0.20953038674033148,2.0,1.0,-5.876875,50.0,2.0,1.0,2.0,100.0,False,Insufficient Review Volume
5563732abe64c3036cb97ad924128dd1,2,3,404.0,37.6,0.09306930693069307,2.0,0.0,-9.654328703703705,0.0,2.0,4.5,0.0,0.0,False,Insufficient Review Volume
5566627eab3fe93fd6ee08798226101a,5,5,85.5,102.31,1.196608187134503,5.0,0.0,-16.563442129629628,0.0,5.0,4.4,0.0,0.0,False,Insufficient Review Volume
556a6409838156ea299c9d1f9e2dde43,4,4,1362.8,86.84,0.06372174933959496,4.0,0.0,-12.883590856481481,0.0,4.0,3.25,2.0,50.0,False,Insufficient Review Volume
557f22c76691849db52d2abccf0015d0,13,14,865.8599999999999,326.7,0.37731272954057243,12.0,0.0,-14.90137924382716,0.0,12.0,3.0833333333333335,4.0,33.33333333333333,False,Insufficient Review Volume
5587130f9850696ed7fafbc91c2cee44,2,2,69.8,33.69,0.4826647564469914,2.0,0.0,-9.890925925925927,0.0,2.0,5.0,0.0,0.0,False,Insufficient Review Volume
559d56f3b8f0bc2e5a9a62fe2ce2a39f,2,2,385.0,48.72,0.12654545454545454,2.0,1.0,-1.5272511574074068,50.0,2.0,2.5,1.0,50.0,False,Insufficient Review Volume
55a5b51f93f2b70ea513f5a047b0262a,39,41,4002.3,847.08,0.21164830222621991,39.0,3.0,-11.68525789411206,7.6923076923076925,39.0,4.461538461538462,2.0,5.128205128205128,True,High Revenue + High Experience
55bb6fe5bebe5012e2d7d9928e1128ff,15,16,1816.55,576.47,0.31734331562577417,15.0,2.0,-10.093456790123458,13.333333333333334,15.0,3.466666666666667,6.0,40.0,False,Insufficient Review Volume
55c26bcb609f480eb7868594245febb5,6,6,664.4000000000001,161.82999999999998,0.24357314870559899,6.0,0.0,-9.404645061728395,0.0,6.0,4.0,1.0,16.666666666666664,False,Insufficient Review Volume
55c96925041a14097b6a7825554f4ad5,6,10,294.8,188.57,0.6396540027137042,5.0,2.0,-7.442284722222223,40.0,6.0,4.0,1.0,16.666666666666664,False,Insufficient Review Volume
55d3daac7c404d59e51c2aa2f4dc5a23,21,28,4480.6,1309.88,0.2923447752533143,21.0,0.0,-10.67116402116402,0.0,21.0,4.095238095238095,2.0,9.523809523809524,False,Insufficient Review Volume
55dedd83e501d8248880557d9073cbfd,8,9,1055.3,110.78999999999999,0.10498436463564863,8.0,0.0,-8.47292679398148,0.0,8.0,4.875,0.0,0.0,False,Insufficient Review Volume
55f7a3319d80f7fdf078b8f03e6725fe,22,22,3013.78,406.67,0.13493685670486896,22.0,2.0,-5.735093644781145,9.090909090909092,22.0,3.772727272727273,4.0,18.181818181818183,False,Insufficient Review Volume
562f8cfc51f265411f487d07e9c40e7f,13,13,766.9200000000001,199.32999999999998,0.2599097689459135,13.0,2.0,-7.185806623931624,15.384615384615385,13.0,4.538461538461538,0.0,0.0,False,Insufficient Review Volume
562fc2f2c2863ab7e79a9e4388a58a14,260,270,8814.199999999999,4305.14,0.4884323024210933,255.0,9.0,-12.417384077705156,3.5294117647058822,258.0,4.217054263565892,26.0,10.077519379844961,True,High Revenue + High Experience
5656537e588803a555b8eb41f07a944b,174,188,8065.93,3377.0299999999997,0.41867831731740784,171.0,13.0,-11.030625406107863,7.602339181286549,174.0,3.874285714285714,34.0,19.54022988505747,True,High Revenue + Lower Experience
5659d77e8d90378e39b960ad5956f64e,2,2,182.48000000000002,30.65,0.1679636124506795,2.0,1.0,-4.285266203703704,50.0,2.0,2.5,1.0,50.0,False,Insufficient Review Volume
56642bcb79900e777d68e91915cb4267,48,56,3657.64,814.15,0.22258888244879213,48.0,4.0,-12.975748939043209,8.333333333333332,48.0,4.0625,7.0,14.583333333333334,True,High Revenue + Lower Experience
5670f4db5b62c43d542e1b2d56b0cf7c,22,22,6630.09,582.5600000000001,0.08786607723273743,22.0,1.0,-13.51984638047138,4.545454545454546,22.0,4.409090909090909,2.0,9.090909090909092,False,Insufficient Review Volume
56a8b450e802502ba53a9885ee38e29f,1,1,62.45,15.2,0.24339471577261806,,,,,1.0,1.0,1.0,100.0,False,Insufficient Review Volume
56db5c0782e8f7ddc9343f9576ff6d16,2,2,734.8,57.15,0.07777626565051715,2.0,0.0,-20.691354166666667,0.0,2.0,3.0,1.0,50.0,False,Insufficient Review Volume
56e361f411e38dcef17cdc2a3d99628b,5,10,1298.0,1857.7600000000002,1.4312480739599385,5.0,1.0,-7.067824074074075,20.0,5.0,4.0,1.0,20.0,False,Insufficient Review Volume
56f413900b5166ab4d730e9ac0b12cb0,3,3,151.79,42.45,0.27966269187693527,3.0,0.0,-7.624656635802469,0.0,3.0,4.666666666666667,0.0,0.0,False,Insufficient Review Volume
570d4583587a5fe2d47c7be89b91ad27,2,2,125.25,23.67,0.18898203592814372,2.0,0.0,-9.860833333333334,0.0,2.0,5.0,0.0,0.0,False,Insufficient Review Volume
5721089ba9214e80074f27d5a03fc0eb,5,7,245.92999999999998,66.64,0.2709714146301793,5.0,0.0,-10.848828703703703,0.0,5.0,5.0,0.0,0.0,False,Insufficient Review Volume
5733d806668f8712c24b9abaefbfa642,2,2,243.8,85.88,0.3522559474979491,2.0,0.0,-16.19455439814815,0.0,2.0,5.0,0.0,0.0,False,Insufficient Review Volume
5741dc2bf5044c34d0698681c5081bed,3,3,89.69999999999999,34.05,0.3795986622073579,3.0,0.0,-7.7127584876543205,0.0,3.0,5.0,0.0,0.0,False,Insufficient Review Volume
575df70bde3f9f2b30bf8d2e9910d725,27,34,5410.05,753.37,0.13925379617563607,27.0,2.0,-15.457449417009602,7.4074074074074066,27.0,4.074074074074074,4.0,14.814814814814813,False,Insufficient Review Volume
577719699805dd125d5b6fdde5943bba,8,8,1077.8000000000002,209.56,0.1944331044720727,8.0,1.0,-15.564463252314814,12.5,8.0,4.375,1.0,12.5,False,Insufficient Review Volume
578460d8319c51dab351cd9db95eadfe,1,1,235.0,35.45,0.15085106382978725,,,,,1.0,3.0,0.0,0.0,False,Insufficient Review Volume
578fa3a9cb6b6dceab39231ad59cdaca,3,3,150.0,37.2,0.24800000000000003,3.0,1.0,1.7614274691358027,33.33333333333333,3.0,3.6666666666666665,1.0,33.33333333333333,False,Insufficient Review Volume
5795aebfe331fbcd02a2c4b679fb7952,6,6,1280.0,156.09,0.1219453125,6.0,0.0,-15.098566743827162,0.0,6.0,3.8333333333333335,1.0,16.666666666666664,False,Insufficient Review Volume
579891617139df7d8671d373f0669622,8,8,280.3,128.2,0.45736710667142344,8.0,2.0,-10.105457175925926,25.0,8.0,4.5,1.0,12.5,False,Insufficient Review Volume
57a834594e1e9e9219603bfec184eadc,1,1,139.0,27.05,0.1946043165467626,1.0,0.0,-36.291979166666664,0.0,1.0,5.0,0.0,0.0,False,Insufficient Review Volume
57c764b4a836300be881e2ff86e449f9,29,30,1211.0,470.11,0.3881998348472337,28.0,4.0,-8.732652943121694,14.285714285714285,28.0,4.142857142857143,4.0,14.285714285714285,False,Insufficient Review Volume
57d2ba47f7a3209aa347532ae75c1165,2,2,318.0,140.24,0.44100628930817615,2.0,0.0,-13.10578125,0.0,2.0,4.0,0.0,0.0,False,Insufficient Review Volume
57df9869a600bd6b7c405f2a862eccfb,5,5,125.0,72.21000000000001,0.5776800000000001,5.0,0.0,-18.71814351851852,0.0,5.0,4.4,0.0,0.0,False,Insufficient Review Volume
57e632711dec9ec14ca7546769483e7e,62,65,6350.06,1207.98,0.19023127340529064,62.0,0.0,-16.012356257467143,0.0,62.0,4.396825396825397,3.0,4.838709677419355,True,High Revenue + High Experience
57fe6232e67823593374a2281d7a8af8,8,8,178.68,105.36,0.5896574882471457,8.0,0.0,-9.882194733796297,0.0,8.0,4.75,0.0,0.0,False,Insufficient Review Volume
582d4f8675b945722eda7c0cb61ba4c7,59,71,4702.96,980.97,0.20858565669280624,59.0,1.0,-12.91290391556811,1.694915254237288,59.0,4.1525423728813555,9.0,15.254237288135593,True,High Revenue + Lower Experience
585175ec331ea177fa47199e39a6170a,1,1,3549.0,53.47,0.015066215835446605,1.0,0.0,-14.30574074074074,0.0,1.0,5.0,0.0,0.0,False,Insufficient Review Volume
586a871d4f1221763fddb6ceefdeb95e,1,2,198.0,41.48,0.20949494949494948,1.0,1.0,22.59372685185185,100.0,1.0,1.0,1.0,100.0,False,Insufficient Review Volume
5882820ef11c4c068eea0677a7a879b4,14,14,9925.5,739.31,0.07448592010478061,14.0,1.0,-16.708796296296295,7.142857142857142,13.0,4.153846153846154,0.0,0.0,False,Insufficient Review Volume
5882f40daf39bc2a465e0cb453ddc222,1,1,640.0,58.9,0.09203125,,,,,1.0,2.0,1.0,100.0,False,Insufficient Review Volume
58b98ccb79873e04eac4357cacc590d9,1,1,23.0,8.91,0.3873913043478261,,,,,1.0,1.0,1.0,100.0,False,Insufficient Review Volume
58c851d1a3c7cd3da329eb59453fed44,2,2,268.99,24.270000000000003,0.09022640246849326,2.0,0.0,-10.609623842592592,0.0,2.0,5.0,0.0,0.0,False,Insufficient Review Volume
58e4b302b54937e55a678c4d15111da4,3,3,279.79,49.06,0.17534579506058115,1.0,0.0,-47.37630787037037,0.0,3.0,2.3333333333333335,2.0,66.66666666666666,False,Insufficient Review Volume
58f1a6197ed863543e0136bdedb3fce2,44,45,6833.0,1070.69,0.15669398507244256,42.0,1.0,-15.016456128747796,2.380952380952381,44.0,4.181818181818182,6.0,13.636363636363635,True,High Revenue + High Experience
59417c56835dd8e2e72f91f809cd4092,18,18,36459.0,1198.77,0.032879947338105814,18.0,0.0,-20.60727944958848,0.0,18.0,4.277777777777778,2.0,11.11111111111111,False,Insufficient Review Volume
594f9aaa48e5bf431f011ddc5669b0d5,37,38,3248.8,887.61,0.2732116473774932,37.0,1.0,-13.018882945445446,2.7027027027027026,37.0,4.594594594594595,1.0,2.7027027027027026,True,High Revenue + High Experience
5962468f885ea01a1b6a97a218797b0a,8,9,791.0,137.04,0.1732490518331226,6.0,0.0,-13.42527199074074,0.0,7.0,4.142857142857143,1.0,14.285714285714285,False,Insufficient Review Volume
596849622429351f47b32e6cae1055ff,14,14,1104.7,160.49,0.1452792613379198,13.0,0.0,-9.240332086894586,0.0,13.0,4.0,2.0,15.384615384615385,False,Insufficient Review Volume
5996cddab893a4652a15592fb58ab8db,1,1,810.0,70.75,0.08734567901234568,1.0,0.0,-15.41380787037037,0.0,1.0,5.0,0.0,0.0,False,Insufficient Review Volume
59b22a78efb79a4797979612b885db36,125,133,27184.5,4897.57,0.1801603855138038,125.0,16.0,-9.358949351851852,12.8,124.0,3.9838709677419355,25.0,20.161290322580644,True,High Revenue + Lower Experience
59bbc819b99a733f02f0d6b49d1c253d,2,2,139.8,22.950000000000003,0.16416309012875538,2.0,0.0,-11.633489583333333,0.0,2.0,5.0,0.0,0.0,False,Insufficient Review Volume
59cd88080b93f3c18508673122d26169,10,12,392.33,175.38,0.4470216399459639,10.0,2.0,-8.615185185185185,20.0,10.0,4.7,0.0,0.0,False,Insufficient Review Volume
59cea8e446d3834393058e7e0666b6fb,10,10,696.6,204.54,0.29362618432385873,10.0,0.0,-15.779237268518518,0.0,10.0,4.6,0.0,0.0,False,Insufficient Review Volume
59de1d4c8c057c2a53acd4ca66531af2,1,1,135.0,21.75,0.16111111111111112,1.0,0.0,-4.98755787037037,0.0,1.0,5.0,0.0,0.0,False,Insufficient Review Volume
59fb871bf6f4522a87ba567b42dafecf,126,128,21708.57,2046.19,0.09425724494980554,123.0,8.0,-13.983060542758206,6.504065040650407,125.0,4.238095238095238,11.0,8.799999999999999,True,High Revenue + High Experience
5a05a16bb50629ee31afab8a6d4c2674,14,15,794.3,281.18,0.3539972302656427,14.0,1.0,-11.128734292328042,7.142857142857142,14.0,4.214285714285714,1.0,7.142857142857142,False,Insufficient Review Volume
5a32c398a06c345440bf2a683b017ad3,2,2,79.8,23.17,0.29035087719298247,1.0,0.0,-6.135451388888889,0.0,2.0,3.0,1.0,50.0,False,Insufficient Review Volume
5a413ade68e8f8d93071a7f52a64cb9e,14,14,778.9,153.77,0.1974194376685069,14.0,2.0,-3.9347329695767193,14.285714285714285,14.0,4.642857142857143,1.0,7.142857142857142,False,Insufficient Review Volume
5a4236931428800e9d9cc04af0987118,1,3,44.97,45.69,1.0160106737825216,1.0,0.0,-12.37732638888889,0.0,1.0,5.0,0.0,0.0,False,Insufficient Review Volume
5a425cc503b39b262a847fd6212bf53b,15,15,1360.5900000000001,269.51,0.19808318450084153,14.0,1.0,-9.118611937830687,7.142857142857142,14.0,4.214285714285714,2.0,14.285714285714285,False,Insufficient Review Volume
5a6a02f419701fc8c605af71d4fc57a4,10,11,600.5,113.91,0.18969192339716903,10.0,1.0,-8.55751273148148,10.0,10.0,4.8,0.0,0.0,False,Insufficient Review Volume
5a8e7d5003a1f221f9e1d6e411de7c23,139,181,11171.9,2694.29,0.24116667710953374,137.0,8.0,-11.423342119491753,5.839416058394161,138.0,4.144927536231884,18.0,13.043478260869565,True,High Revenue + Lower Experience
5a93f3ab0ef4c84ed5e1b5dbf23978bc,39,44,2338.25,697.14,0.29814604939591577,38.0,1.0,-18.112791179337233,2.631578947368421,39.0,4.6923076923076925,2.0,5.128205128205128,True,High Revenue + High Experience
5a9b3bcab695173c820e53934574ae80,1,1,139.0,64.77,0.4659712230215827,1.0,0.0,-25.16380787037037,0.0,1.0,5.0,0.0,0.0,False,Insufficient Review Volume
5a9c0859cb00fd8aa4db443837f0a700,2,2,208.0,47.59,0.22879807692307694,2.0,0.0,-13.719241898148148,0.0,2.0,4.5,0.0,0.0,False,Insufficient Review Volume
5aaa890629f83706d8d9bfecd8377c1c,1,1,48.9,17.92,0.3664621676891616,,,,,1.0,1.0,1.0,100.0,False,Insufficient Review Volume
5ab05b6d86d417796c69ffd6774ec832,10,12,1886.1000000000001,256.75,0.13612745877737129,10.0,1.0,-11.123947916666667,10.0,10.0,3.8,2.0,20.0,False,Insufficient Review Volume
5abb8ea023c77787f2c15da891c8d384,13,13,2241.0,746.2,0.33297634984381974,13.0,3.0,-6.481623931623931,23.076923076923077,13.0,3.923076923076923,2.0,15.384615384615385,False,Insufficient Review Volume
5acd070dd3fe441bbb2ec1f1ede515ee,7,8,764.17,122.2,0.15991206145229467,7.0,3.0,4.8381514550264555,42.857142857142854,7.0,3.0,3.0,42.857142857142854,False,Insufficient Review Volume
5b07547f10dd980738a1a27f685af669,13,14,1134.6000000000001,185.47,0.16346730125154238,13.0,2.0,-5.0690562678062685,15.384615384615385,13.0,4.461538461538462,1.0,7.6923076923076925,False,Insufficient Review Volume
5b0cc932433fa5184b5b94bfe6bcc256,12,17,1437.8,556.29,0.3869036027263875,12.0,3.0,-7.433874421296296,25.0,12.0,3.5833333333333335,4.0,33.33333333333333,False,Insufficient Review Volume
5b179e9e8cc7ab6fd113a46ca584da81,34,36,5173.5,665.64,0.1286633806900551,34.0,3.0,-11.047514978213508,8.823529411764707,33.0,3.6666666666666665,7.0,21.21212121212121,True,High Revenue + Lower Experience
5b2e94f2c22b39ccc24d34ad0f669672,10,10,949.78,390.36,0.4110004422076692,10.0,1.0,-12.109733796296297,10.0,10.0,4.9,0.0,0.0,False,Insufficient Review Volume
5b33b527da3c5b969cc99dc435cad09a,16,17,1872.79,365.55,0.19519006402212744,16.0,1.0,-13.410752314814815,6.25,16.0,4.125,2.0,12.5,False,Insufficient Review Volume
5b35136197710e16ac5e7b7c2bd4ea85,7,9,3104.2000000000003,246.08999999999997,0.07927646414535144,7.0,2.0,-5.3305224867724865,28.57142857142857,7.0,2.5714285714285716,4.0,57.14285714285714,False,Insufficient Review Volume
5b51032eddd242adc84c38acab88f23d,12,14,3280.0,268.95,0.0819969512195122,12.0,0.0,-14.901064814814815,0.0,12.0,4.0,1.0,8.333333333333332,False,Insufficient Review Volume
5b581417df4480f632484ba681e53944,12,13,1790.6,585.7,0.32709706243717196,11.0,3.0,-5.542071759259259,27.27272727272727,12.0,3.5,3.0,25.0,False,Insufficient Review Volume
5b664594895aefb418afaee6d40a9a23,16,22,1008.8,226.38,0.22440523394131642,16.0,0.0,-11.29658347800926,0.0,16.0,3.9375,3.0,18.75,False,Insufficient Review Volume
5b67882648febfb6e1225e6ad7164f6b,27,30,6813.4800000000005,618.94,0.09084051028255752,27.0,1.0,-12.598534379286694,3.7037037037037033,27.0,4.0,4.0,14.814814814814813,False,Insufficient Review Volume
5b8154610ebb21fb90eb587365e673df,38,41,9397.54,1077.44,0.1146512810799422,37.0,4.0,-9.288709334334333,10.81081081081081,38.0,4.184210526315789,5.0,13.157894736842104,True,High Revenue + High Experience
5b85809efd0d0e4dea1a9544e1280ed9,12,14,1804.6000000000001,292.76,0.16222985703202925,12.0,0.0,-15.910370370370371,0.0,12.0,4.25,1.0,8.333333333333332,False,Insufficient Review Volume
5b925e1d006e9476d738aa200751b73b,63,63,7748.5,1053.34,0.13594114989998063,63.0,4.0,-10.505257569077013,6.349206349206349,63.0,4.606060606060606,3.0,4.761904761904762,True,High Revenue + High Experience
5b92bfa4120daa27c574daa2e386c693,1,1,14.0,10.96,0.7828571428571429,1.0,0.0,-8.559166666666666,0.0,1.0,3.0,0.0,0.0,False,Insufficient Review Volume
5b97c06a046398e7005b2b7c0d707a92,4,4,1519.96,249.63,0.16423458512066105,3.0,2.0,-1.8557253086419756,66.66666666666666,4.0,3.25,1.0,25.0,False,Insufficient Review Volume
5bba18b40e8c973b0f32e748004775b0,1,1,739.98,44.82,0.06056920457309657,1.0,0.0,-45.34583333333333,0.0,1.0,5.0,0.0,0.0,False,Insufficient Review Volume
5bc237df65098fe211bb4818f4d26d78,2,2,126.80000000000001,57.09,0.4502365930599369,2.0,0.0,-31.837274305555557,0.0,2.0,4.5,0.0,0.0,False,Insufficient Review Volume
5bc24d989e71e93c33e50a7782431b0e,17,17,3148.0,588.53,0.1869536213468869,17.0,0.0,-15.784994553376904,0.0,17.0,4.352941176470588,2.0,11.76470588235294,False,Insufficient Review Volume
5bc55dbe2f12b6af6d83ed46023e0dc8,17,21,2992.1,417.28,0.13946057952608534,17.0,4.0,-7.148149509803922,23.52941176470588,17.0,2.411764705882353,10.0,58.82352941176471,False,Insufficient Review Volume
5bf397d04035b5f45cc41e82ec106803,3,4,1525.0,47.28,0.03100327868852459,3.0,0.0,-18.541030092592592,0.0,3.0,4.333333333333333,0.0,0.0,False,Insufficient Review Volume
5bffbafbb22daf6d3bfc216a46db8708,21,23,5239.7,454.5,0.08674160734393191,21.0,0.0,-16.173240189594356,0.0,21.0,4.761904761904762,0.0,0.0,False,Insufficient Review Volume
5c030029b5916fed0986310385ec9009,7,10,4164.4,915.5,0.21983959273844975,7.0,0.0,-18.638429232804235,0.0,7.0,4.857142857142857,0.0,0.0,False,Insufficient Review Volume
5c243662ce92d84573bfaff24c3e3700,98,100,32862.02,1775.64,0.05403319698545617,98.0,3.0,-13.025274943310658,3.061224489795918,97.0,4.142857142857143,10.0,10.309278350515463,True,High Revenue + Lower Experience
5c3460cd3e8a984382ae254e7dd20d9f,9,10,775.76,198.54,0.2559296689697845,9.0,0.0,-13.52576774691358,0.0,9.0,4.666666666666667,0.0,0.0,False,Insufficient Review Volume
5c603ffb38cbbf25a0e0698941324143,2,2,348.8,44.81,0.1284690366972477,,,,,2.0,1.0,2.0,100.0,False,Insufficient Review Volume
5c6d4016c2a288f074fa0848a2b653d2,32,35,3159.0,514.17,0.16276353276353275,31.0,3.0,-9.56210685483871,9.67741935483871,32.0,4.0625,5.0,15.625,True,High Revenue + Lower Experience
5c853bb56f70f4d14218944bae111d7a,23,24,263.13,251.06,0.954129137688595,23.0,0.0,-11.001871980676329,0.0,23.0,4.0,5.0,21.73913043478261,False,Insufficient Review Volume
5ca5d579b5857ee8709479b1047cecc3,2,2,339.89,23.990000000000002,0.07058165877195564,1.0,1.0,5.7306944444444445,100.0,2.0,1.0,2.0,100.0,False,Insufficient Review Volume
5cbbd5a299cab112b7bf23862255e43e,36,38,2726.06,659.15,0.24179585188880656,36.0,0.0,-13.063343942901234,0.0,36.0,4.277777777777778,4.0,11.11111111111111,True,High Revenue + High Experience
5cf13accae3222c70a9cac40818ae839,149,156,14383.2,3019.27,0.20991643027977083,148.0,5.0,-13.437508133133132,3.3783783783783785,148.0,4.452702702702703,12.0,8.108108108108109,True,High Revenue + High Experience
5cf1ec37aea089f45110c70653a166ab,3,3,50.0,43.1,0.862,2.0,0.0,-8.443744212962963,0.0,3.0,3.6666666666666665,1.0,33.33333333333333,False,Insufficient Review Volume
5d0363b33554b373851fc1622e4d5f3c,94,95,6610.79,2192.18,0.3316063586954055,93.0,8.0,-8.200448028673835,8.60215053763441,94.0,4.042553191489362,12.0,12.76595744680851,True,High Revenue + Lower Experience
5d043cd5512d4bd2f88e5ccdd5736c38,1,1,650.0,64.91,0.09986153846153846,1.0,0.0,-8.625983796296296,0.0,1.0,2.0,1.0,100.0,False,Insufficient Review Volume
5d378b73ab7dd6f0418d743e5dcb0bd1,7,7,13243.0,393.28,0.029697198519972812,6.0,1.0,3.536680169753087,16.666666666666664,7.0,3.857142857142857,1.0,14.285714285714285,False,Insufficient Review Volume
5d3bb11474a06bdc23fb9e89f1164ee0,31,32,3654.6,524.22,0.1434411426695124,31.0,1.0,-12.661305256869772,3.225806451612903,31.0,3.903225806451613,5.0,16.129032258064516,True,High Revenue + Lower Experience
5d505d2298ad549e4e4e835562fa0c1e,2,2,249.8,28.339999999999996,0.11345076060848677,2.0,0.0,-16.42679398148148,0.0,2.0,5.0,0.0,0.0,False,Insufficient Review Volume
5d76d80a2f5f39c891b996a1bf4c9853,6,6,1238.5,171.25,0.13827210335082762,6.0,0.0,-9.732384259259259,0.0,6.0,4.833333333333333,0.0,0.0,False,Insufficient Review Volume
5d9dc90a686a8fddacffab6bab5653a3,12,12,3761.94,369.33,0.09817540949616421,12.0,1.0,-8.910875771604937,8.333333333333332,12.0,4.166666666666667,1.0,8.333333333333332,False,Insufficient Review Volume
5d9f3746e112e696f98ea22c56b3e912,1,1,1322.64,47.77,0.03611715962015363,1.0,0.0,-16.19675925925926,0.0,1.0,5.0,0.0,0.0,False,Insufficient Review Volume
5db42a6cd9bf1bf0d3aab9582767f168,1,1,200.0,19.33,0.09664999999999999,1.0,0.0,-5.286215277777778,0.0,1.0,5.0,0.0,0.0,False,Insufficient Review Volume
5dc203c7b84a0e71e878a179de05fb9a,5,5,421.9,128.15,0.3037449632614364,5.0,0.0,-11.610479166666668,0.0,5.0,4.0,1.0,20.0,False,Insufficient Review Volume
5dc4bdaf869e8c77c648078cbe8d59c2,1,1,292.99,34.5,0.11775145909416704,,,,,1.0,1.0,1.0,100.0,False,Insufficient Review Volume
5dceca129747e92ff8ef7a997dc4f8ca,325,346,112155.53,13661.39,0.1218075470732473,322.0,20.0,-10.619046792328042,6.211180124223603,321.0,3.984423676012461,64.0,19.937694704049843,True,High Revenue + Lower Experience
5de1c80811ce7007f62f00d971236c09,2,2,76.8,30.950000000000003,0.40299479166666674,2.0,0.0,-13.685260416666669,0.0,2.0,5.0,0.0,0.0,False,Insufficient Review Volume
5debea795b07621e1f90532e18f96145,25,33,1883.78,504.35,0.2677329624478442,25.0,0.0,-17.903458333333333,0.0,25.0,4.36,2.0,8.0,False,Insufficient Review Volume
5def4c3732941a971cba8fdee992ede1,5,6,134.8,66.24,0.49139465875370913,5.0,0.0,-5.376585648148149,0.0,5.0,4.6,0.0,0.0,False,Insufficient Review Volume
5e063e85d44b0f5c3e6ec3131103a57e,1,1,22.9,7.42,0.3240174672489083,1.0,0.0,-6.2855439814814815,0.0,1.0,5.0,0.0,0.0,False,Insufficient Review Volume
5e105f5c9f63f5f1fd75d6cb942e55b1,8,8,1471.9,273.83,0.1860384536993002,8.0,1.0,-6.105403645833333,12.5,8.0,4.5,1.0,12.5,False,Insufficient Review Volume
5e106d93b717c2682b9383da480364a1,1,1,445.9,21.71,0.048688046647230324,1.0,0.0,-25.25230324074074,0.0,1.0,5.0,0.0,0.0,False,Insufficient Review Volume
5e25c632f9db6cfb8bc100421c2737b6,1,1,259.0,19.91,0.07687258687258687,1.0,0.0,-23.052233796296296,0.0,1.0,5.0,0.0,0.0,False,Insufficient Review Volume
5e49e3a44bdeb5aab2684258bbd4f525,3,3,507.0,52.769999999999996,0.10408284023668639,3.0,1.0,-10.030725308641976,33.33333333333333,3.0,4.666666666666667,0.0,0.0,False,Insufficient Review Volume
5e9f5bd34e0830569f05c9d4f56e04a8,2,2,239.98,34.88,0.14534544545378783,2.0,0.0,-9.687170138888888,0.0,2.0,4.5,0.0,0.0,False,Insufficient Review Volume
5ee7fd217d08dfe5d3e2f51f96a12c9a,9,9,1165.5,269.68,0.2313856713856714,9.0,2.0,-7.712002314814815,22.22222222222222,9.0,3.4444444444444446,3.0,33.33333333333333,False,Insufficient Review Volume
5eeb9c756d9780b96283e5a2ac6da334,9,9,2471.0,247.74,0.10025900445163902,9.0,2.0,-8.498190586419753,22.22222222222222,9.0,4.222222222222222,1.0,11.11111111111111,False,Insufficient Review Volume
5ef131ac72773e5b3f6c0d63cf424657,10,11,575.79,246.2,0.42758644644748955,10.0,0.0,-9.911206018518518,0.0,10.0,4.1,2.0,20.0,False,Insufficient Review Volume
5f0057b677eb963672bf05dfa3f16c34,5,5,312.88,67.01,0.21417156737407314,4.0,0.0,-34.66347511574074,0.0,5.0,4.2,1.0,20.0,False,Insufficient Review Volume
5f06030071324cc52bf0304014ac7234,4,4,783.96,100.35000000000001,0.1280039797948875,4.0,0.0,-13.44962673611111,0.0,4.0,4.0,1.0,25.0,False,Insufficient Review Volume
5f1dc28029d2c244352a68107ec2b542,62,78,2807.3,996.16,0.3548462935917073,62.0,4.0,-15.265408452807646,6.451612903225806,61.0,4.426229508196721,4.0,6.557377049180328,True,High Revenue + High Experience
5f2684dab12e59f83bef73ae57724e45,68,74,9000.87,1122.19,0.12467572579095132,67.0,4.0,-10.34020418739635,5.970149253731343,68.0,3.8088235294117645,16.0,23.52941176470588,True,High Revenue + Lower Experience
5f26c1408a65b42a7224cd463bdf3292,10,10,1139.8,217.29,0.19063870854535883,10.0,0.0,-14.729975694444445,0.0,10.0,4.8,0.0,0.0,False,Insufficient Review Volume
5f3ae9136c875522250f8184f253413a,43,46,1158.0,615.76,0.5317443868739206,42.0,3.0,-11.703066578483245,7.142857142857142,42.0,4.642857142857143,1.0,2.380952380952381,True,High Revenue + High Experience
5f57db27027655e6c6a391601daa0258,1,1,98.0,53.04,0.5412244897959183,1.0,0.0,-7.180821759259259,0.0,1.0,5.0,0.0,0.0,False,Insufficient Review Volume
5f5a58930c3c35f3b5af264f34fb8c85,3,3,560.0,68.59,0.12248214285714286,3.0,0.0,-21.242395833333333,0.0,3.0,5.0,0.0,0.0,False,Insufficient Review Volume
5f5b43b2bffa8656e4bc6efeb13cc649,27,29,3677.2,555.45,0.1510524311976504,27.0,1.0,-13.057026320301784,3.7037037037037033,27.0,4.407407407407407,2.0,7.4074074074074066,False,Insufficient Review Volume
5f67c6082caacb26e431a7b17940cece,13,14,1662.6,208.43,0.12536388788644293,13.0,4.0,-0.8079371438746441,30.76923076923077,13.0,3.5384615384615383,3.0,23.076923076923077,False,Insufficient Review Volume
5f7300535881cef3b625fd683cf7d145,10,11,665.98,170.85,0.2565392354124748,10.0,0.0,-13.106564814814814,0.0,10.0,4.4,1.0,10.0,False,Insufficient Review Volume
5fd924b4836098a5be0ecf81ba054ce0,7,8,1148.8,135.54,0.11798398328690808,7.0,0.0,-26.073295304232804,0.0,7.0,4.0,1.0,14.285714285714285,False,Insufficient Review Volume
602044f2c16190c2c6e45eb35c2e21cb,50,57,3739.16,938.28,0.2509333647129302,48.0,9.0,-8.11354793595679,18.75,49.0,3.1372549019607843,20.0,40.816326530612244,True,High Revenue + Lower Experience
6025c79c035c3d772133b8b8238463b2,2,4,989.74,108.59,0.10971568290662194,2.0,0.0,-10.755086805555557,0.0,2.0,5.0,0.0,0.0,False,Insufficient Review Volume
6039e27294dc75811c0d8a39069f52c0,64,75,13670.7,2376.4700000000003,0.1738367457408911,63.0,14.0,-6.620415013227513,22.22222222222222,64.0,3.707692307692308,13.0,20.3125,True,High Revenue + Lower Experience
60562ab00b8054280520d390c8c0045c,17,17,2943.0,304.09,0.10332653754672103,17.0,0.0,-13.532393790849673,0.0,17.0,4.764705882352941,0.0,0.0,False,Insufficient Review Volume
6061155addc1e54b4cfb51c1c2a32ad8,28,33,15633.4,879.91,0.056283981731421184,28.0,1.0,-8.63755828373016,3.571428571428571,28.0,4.666666666666667,1.0,3.571428571428571,False,Insufficient Review Volume
606ce7768feac12c5e8bd58db8b08f0f,5,5,2916.6,102.26,0.03506137283137901,5.0,0.0,-9.310631944444445,0.0,5.0,4.8,0.0,0.0,False,Insufficient Review Volume
609e1a9a6c2539919b8205cf7c4e6ff0,87,130,6595.23,2687.19,0.407444471231481,87.0,2.0,-16.129950909961686,2.2988505747126435,85.0,3.8117647058823527,18.0,21.176470588235293,True,High Revenue + Lower Experience
60ad151920c4f6f3ebbe8cfdf6166779,2,2,130.0,20.67,0.159,,,,,2.0,1.0,2.0,100.0,False,Insufficient Review Volume
60da8bfa7eebe230b7d66ac4082d79b3,3,3,86.6,38.67,0.4465357967667437,3.0,1.0,-7.562827932098766,33.33333333333333,3.0,4.333333333333333,0.0,0.0,False,Insufficient Review Volume
610f72e407cdd7caaa2f8167b0163fd8,16,17,13585.16,844.29,0.062147961452055034,16.0,2.0,-8.803990885416667,12.5,16.0,3.625,5.0,31.25,False,Insufficient Review Volume
612170e34b97004b3ba37eae81836b4c,107,110,23065.02,2307.06,0.10002419247848039,107.0,2.0,-17.642264840775354,1.8691588785046727,107.0,4.429906542056075,8.0,7.476635514018691,True,High Revenue + High Experience
612a743d294c27884fb7b80d2b19ba35,2,3,3057.7000000000003,104.45,0.03415966249141511,2.0,0.0,-17.628599537037037,0.0,2.0,4.5,0.0,0.0,False,Insufficient Review Volume
615005a3ef192c00c6f0e977cee3d2bc,10,11,286.5,155.64,0.5432460732984292,10.0,2.0,-9.674255787037037,20.0,10.0,3.8,3.0,30.0,False,Insufficient Review Volume
615c3462099ffa940d37b17dfda19594,2,2,229.0,32.05,0.13995633187772924,2.0,0.0,-15.117349537037036,0.0,2.0,5.0,0.0,0.0,False,Insufficient Review Volume
6179a28a13a726c29b3bf54c070dccab,2,2,600.0,86.24000000000001,0.14373333333333335,1.0,0.0,-9.053784722222222,0.0,2.0,3.0,1.0,50.0,False,Insufficient Review Volume
6187a137b2af59dfdbad8d9f8c373c14,2,2,74.8,30.22,0.40401069518716576,2.0,0.0,-10.788721064814816,0.0,2.0,3.0,1.0,50.0,False,Insufficient Review Volume
61b18775be84fb700a6b2d0ba097bf66,4,5,334.5,101.51,0.3034678624813154,4.0,0.0,-10.471125578703703,0.0,4.0,4.75,0.0,0.0,False,Insufficient Review Volume
61b893c57e33626afb104d4112b1be76,1,1,74.99,13.1,0.17468995866115483,,,,,1.0,1.0,1.0,100.0,False,Insufficient Review Volume
61c36f0fc4a47f9532e5512b66668e62,1,1,750.0,17.69,0.02358666666666667,1.0,0.0,-6.291724537037037,0.0,1.0,1.0,1.0,100.0,False,Insufficient Review Volume
61f159ef6da2d441951d2c0efa719362,3,3,154.97,61.01,0.3936891011163451,,,,,3.0,1.0,3.0,100.0,False,Insufficient Review Volume
620c87c171fb2a6dd6e8bb4dec959fc6,740,798,114774.5,14135.21,0.12315636312944077,724.0,72.0,-13.124416356532638,9.94475138121547,733.0,4.2516914749661705,93.0,12.687585266030013,True,High Revenue + High Experience
6219ba2359cfb97f2e38fd4c321eb309,6,6,487.5,103.05,0.21138461538461537,5.0,3.0,2.957854166666666,60.0,5.0,3.4,2.0,40.0,False,Insufficient Review Volume
6235903333ba7de1928c869e268e5964,1,1,94.06,41.42,0.44035721879651285,1.0,0.0,-16.262013888888887,0.0,1.0,5.0,0.0,0.0,False,Insufficient Review Volume
623ad9d0c1e14bb5464a8c72bff7b4af,1,1,95.0,38.96,0.41010526315789475,1.0,0.0,-0.07043981481481482,0.0,1.0,4.0,0.0,0.0,False,Insufficient Review Volume
624f4ece8da4aafb77699233d480f8ef,53,55,9205.0,1722.37,0.18711243889190657,52.0,4.0,-9.89861044337607,7.6923076923076925,52.0,4.25,6.0,11.538461538461538,True,High Revenue + High Experience
626ab1cd96932367f0eeec2e47046c12,3,3,1310.0,80.47,0.061427480916030536,3.0,0.0,-13.203672839506174,0.0,3.0,4.666666666666667,0.0,0.0,False,Insufficient Review Volume
62760d278921b5f352461620d68a9cee,3,3,397.0,53.1,0.13375314861460957,3.0,1.0,-13.732349537037038,33.33333333333333,3.0,3.6666666666666665,1.0,33.33333333333333,False,Insufficient Review Volume
6288c69c4ce638e59925e59193f98b16,22,22,4506.28,306.2,0.06794961697897157,20.0,1.0,-11.442781828703705,5.0,22.0,3.9545454545454546,3.0,13.636363636363635,False,Insufficient Review Volume
62c50c1af4dfdc4149d25c5222043d39,14,19,2785.7200000000003,310.31,0.11139310483465674,12.0,0.0,-17.23226466049383,0.0,14.0,3.7142857142857144,4.0,28.57142857142857,False,Insufficient Review Volume
62d977e2b2aee830de3e039a28490d12,2,2,399.8,32.32,0.08084042021010505,,,,,2.0,1.0,2.0,100.0,False,Insufficient Review Volume
62de60d81c55c29d76a6bce418b31cef,1,1,103.0,23.87,0.231747572815534,1.0,0.0,-1.9939699074074073,0.0,1.0,4.0,0.0,0.0,False,Insufficient Review Volume
630008e0f062605a415d694489f6f82e,2,3,105.15,30.35,0.2886352829291488,1.0,0.0,-6.21449074074074,0.0,2.0,3.5,1.0,50.0,False,Insufficient Review Volume
63191ead8d3b2f937cd1996fdcbbad20,1,1,367.0,53.29,0.14520435967302453,1.0,0.0,-25.39877314814815,0.0,1.0,5.0,0.0,0.0,False,Insufficient Review Volume
63272377184e969942f7fff221be858d,2,2,149.7,66.53,0.4444221776887108,2.0,0.0,-7.991232638888889,0.0,2.0,5.0,0.0,0.0,False,Insufficient Review Volume
6338ea67c41078a46ad99cc009654956,37,44,2286.09,924.3,0.4043147907562694,37.0,0.0,-15.294141641641643,0.0,35.0,4.6,2.0,5.714285714285714,True,High Revenue + High Experience
633ecdf879b94b5337cca303328e4a25,6,6,1037.6000000000001,87.89,0.08470508866615264,6.0,4.0,7.310291280864196,66.66666666666666,5.0,1.8,4.0,80.0,False,Insufficient Review Volume
634964b17796e64304cadf1ad3050fb7,268,326,39465.1,5955.43,0.15090370986010426,265.0,27.0,-9.640066692872118,10.18867924528302,267.0,4.037453183520599,42.0,15.730337078651685,True,High Revenue + Lower Experience
63704069d9bd3a75c1cf59babe56004a,1,1,59.3,7.39,0.12462057335581787,1.0,1.0,7.776087962962963,100.0,1.0,1.0,1.0,100.0,False,Insufficient Review Volume
638cba8be1fb599bbb76fd6948351eb3,17,26,598.1999999999999,315.67,0.5276997659645605,16.0,0.0,-10.583569878472222,0.0,17.0,4.666666666666667,1.0,5.88235294117647,False,Insufficient Review Volume
63a79f5a7eb5cb48a7e5787b141c7993,11,11,815.1,200.82999999999998,0.24638694638694636,11.0,0.0,-13.48786510942761,0.0,11.0,4.545454545454546,0.0,0.0,False,Insufficient Review Volume
63b464dbf392c7b80d12d932fa7cafed,37,39,6781.0,881.25,0.12995870815513935,36.0,2.0,-14.114060249485597,5.555555555555555,37.0,3.7837837837837838,7.0,18.91891891891892,True,High Revenue + Lower Experience
63b9ae557efed31d1f7687917d248a8d,5,7,139.5,102.81,0.736989247311828,5.0,0.0,-19.45393287037037,0.0,5.0,4.2,1.0,20.0,False,Insufficient Review Volume
63bc58679c44e8a998792119fd7ad23e,1,1,19.9,14.11,0.7090452261306532,,,,,1.0,1.0,1.0,100.0,False,Insufficient Review Volume
63ffcb71394dd8ea3872ed9ffda17c74,17,17,399.0,264.72,0.6634586466165414,17.0,1.0,-10.460234204793029,5.88235294117647,17.0,3.176470588235294,5.0,29.411764705882355,False,Insufficient Review Volume
640e21a7d01df7614a3b4923e990d40c,116,137,7598.88,2446.24,0.32192112521845323,115.0,8.0,-9.630529086151368,6.956521739130435,116.0,4.301724137931035,10.0,8.620689655172415,True,High Revenue + High Experience
6426d21aca402a131fc0a5d0960a3c90,23,23,1209.64,384.18,0.31759862438411424,23.0,1.0,-12.87293830515298,4.3478260869565215,23.0,4.173913043478261,2.0,8.695652173913043,False,Insufficient Review Volume
643214e62b870443ccbe55ab29a4dccf,66,68,3270.13,929.65,0.2842853342221869,65.0,8.0,-10.221544693732193,12.307692307692308,66.0,4.409090909090909,3.0,4.545454545454546,True,High Revenue + High Experience
643c01d7c56a724bec0454f4780e8a3e,2,2,205.55,41.1,0.19995135003648748,2.0,0.0,-18.721024305555556,0.0,2.0,4.5,0.0,0.0,False,Insufficient Review Volume
6481e96574816ead57975da2c0f6d80d,32,43,3324.9,1015.96,0.3055610695058498,32.0,1.0,-10.575503110532408,3.125,32.0,4.1875,3.0,9.375,True,High Revenue + High Experience
64b87978a11c1ea7501a89eabe8c2c1a,7,7,489.92999999999995,101.9,0.20798889637295126,,,,,7.0,2.0,5.0,71.42857142857143,False,Insufficient Review Volume
64c9a1db4e73e19aaafd3286dc448c96,1,1,439.0,43.6,0.09931662870159454,1.0,0.0,-8.945277777777777,0.0,1.0,5.0,0.0,0.0,False,Insufficient Review Volume
64cc804291f90c81f02bfc2bb58ff55a,2,2,517.6,46.54,0.08991499227202472,2.0,0.0,-7.8856423611111115,0.0,2.0,5.0,0.0,0.0,False,Insufficient Review Volume
651530bf5c607240ccdd89a30c9c9712,1,1,199.9,24.55,0.12281140570285143,1.0,0.0,-14.477939814814814,0.0,1.0,4.0,0.0,0.0,False,Insufficient Review Volume
651fe66032c9520ee5587f694908040d,7,7,464.0,128.73,0.2774353448275862,7.0,0.0,-8.301011904761905,0.0,7.0,4.0,1.0,14.285714285714285,False,Insufficient Review Volume
6524b847b982cd56bb5d4b02b776ee42,1,2,779.8,55.14,0.07071043857399334,1.0,1.0,16.81855324074074,100.0,1.0,4.0,0.0,0.0,False,Insufficient Review Volume
6548c2550b6e2d8f18053216e1c7b6f3,3,5,217.7,69.85000000000001,0.32085438677078554,3.0,0.0,-7.281967592592593,0.0,3.0,5.0,0.0,0.0,False,Insufficient Review Volume
655220df33262c7e0c4949a147366f94,13,15,2245.0,681.53,0.30357683741648106,13.0,2.0,-7.558534544159544,15.384615384615385,13.0,4.076923076923077,2.0,15.384615384615385,False,Insufficient Review Volume
6560211a19b47992c3666cc44a7e94c0,1854,2033,123304.83,27960.94,0.2267627310300821,1819.0,117.0,-10.791104003777004,6.432105552501374,1838.0,3.937093275488069,319.0,17.35582154515778,True,High Revenue + Lower Experience
6561d6bf844e464b4019442692b40e02,1,1,41.9,7.55,0.1801909307875895,1.0,0.0,-6.17224537037037,0.0,1.0,5.0,0.0,0.0,False,Insufficient Review Volume
6562efe88ce0826a4ca4f189f03b4b84,9,21,1135.8999999999999,300.31,0.26438066731226345,8.0,1.0,-8.763414351851852,12.5,9.0,3.9,1.0,11.11111111111111,False,Insufficient Review Volume
656591be56071d4c9ef4e5fee78a578a,7,11,1702.0,319.2,0.18754406580493535,7.0,2.0,-5.287409060846561,28.57142857142857,7.0,4.571428571428571,0.0,0.0,False,Insufficient Review Volume
6576fd3e23c88f0e5d4d23f39bba0542,1,1,14.5,10.96,0.7558620689655173,,,,,1.0,1.0,1.0,100.0,False,Insufficient Review Volume
657969cca82e884d272385ec0ef06edd,3,3,139.70000000000002,51.86,0.3712240515390121,3.0,0.0,-23.597465277777776,0.0,3.0,4.666666666666667,0.0,0.0,False,Insufficient Review Volume
659e8466eb3ff1b0e8740d74fb7bbedd,11,14,1486.8,393.2,0.2644605864944848,11.0,0.0,-18.772125420875422,0.0,11.0,4.363636363636363,1.0,9.090909090909092,False,Insufficient Review Volume
65a7c0788e4d632ccb5e1b594b87f0bb,3,9,266.7,117.42,0.44026996625421827,3.0,0.0,-13.268854166666666,0.0,3.0,4.5,0.0,0.0,False,Insufficient Review Volume
65b081a070633e057c462abdd6fb9dd8,19,20,1885.09,441.58,0.2342487626585468,19.0,0.0,-16.735750487329437,0.0,19.0,4.315789473684211,2.0,10.526315789473683,False,Insufficient Review Volume
65c255b299faf2d12050937cc219c46c,2,2,88.2,21.88,0.24807256235827663,2.0,0.0,-11.834837962962961,0.0,2.0,4.5,0.0,0.0,False,Insufficient Review Volume
65febd49fd28ec955651299159b1f527,35,40,4319.7,981.44,0.22720096302984005,33.0,2.0,-12.29434518799102,6.0606060606060606,35.0,4.314285714285714,4.0,11.428571428571429,True,High Revenue + High Experience
6601ee6383e7f452be71929f8de48bbb,2,2,153.6,28.34,0.18450520833333334,2.0,0.0,-17.15710648148148,0.0,2.0,4.0,0.0,0.0,False,Insufficient Review Volume
6614814a00d344b846ae209f95ee7e3f,1,1,13.0,12.69,0.9761538461538461,1.0,0.0,-15.241388888888888,0.0,1.0,1.0,1.0,100.0,False,Insufficient Review Volume
661ad5fcc28cdfb8bcadb12bb2272475,4,7,209.92999999999998,119.78,0.570571142761873,4.0,0.0,-19.029458912037036,0.0,4.0,5.0,0.0,0.0,False,Insufficient Review Volume
6624bc09786f0e41ae48dfc5eeb1a9e2,1,1,89.54,17.47,0.19510833147196782,1.0,0.0,-33.26133101851852,0.0,1.0,5.0,0.0,0.0,False,Insufficient Review Volume
6650fcccd8cd2f7e55ffa524f30c4c59,3,3,529.7,166.0,0.31338493486879365,2.0,0.0,-11.643778935185184,0.0,3.0,2.6666666666666665,2.0,66.66666666666666,False,Insufficient Review Volume
666658b8da8370f30e1f89893b1de5e6,1,2,298.0,23.34,0.07832214765100672,,,,,1.0,5.0,0.0,0.0,False,Insufficient Review Volume
668bf321538e5072858eaef6087ce027,1,1,19.9,8.11,0.40753768844221105,1.0,0.0,-9.118229166666667,0.0,1.0,5.0,0.0,0.0,False,Insufficient Review Volume
66922902710d126a0e7d26b0e3805106,151,156,14362.3,3218.77,0.22411243324537158,150.0,11.0,-9.621405478395062,7.333333333333333,150.0,4.473333333333334,9.0,6.0,True,High Revenue + High Experience
669ae81880e08f269a64487cfb287169,162,186,13248.87,3372.59,0.2545568037123166,161.0,7.0,-13.266237922705313,4.3478260869565215,161.0,4.222222222222222,21.0,13.043478260869565,True,High Revenue + High Experience
66d5ae34537110d3affc56174dad2b2f,1,3,33.81,38.37,1.1348713398402839,,,,,1.0,1.0,1.0,100.0,False,Insufficient Review Volume
66dc1b1632bd6a3e508510c5b3492107,37,42,3721.39,727.87,0.19559089480006128,36.0,1.0,-13.996447723765433,2.7777777777777777,37.0,3.5675675675675675,10.0,27.027027027027028,True,High Revenue + Lower Experience
66e0557ecc2b4dbea057e93f215f68d8,31,31,12480.0,497.99,0.03990304487179487,30.0,8.0,-8.132280092592593,26.666666666666668,31.0,3.935483870967742,5.0,16.129032258064516,True,High Revenue + Lower Experience
66fd84ee7528c0c0de85d0f44a73d5ab,11,21,1438.11,453.19,0.3151288844386035,11.0,1.0,-14.503541666666667,9.090909090909092,11.0,3.3636363636363638,3.0,27.27272727272727,False,Insufficient Review Volume
670a9dda115b5a88b18cfadee8de2332,11,11,918.9000000000001,183.09,0.19924910218739797,11.0,0.0,-17.04482744107744,0.0,11.0,4.454545454545454,0.0,0.0,False,Insufficient Review Volume
670c26e0f1bf8d0576271d5cfaec6d2b,78,87,6341.6,1694.03,0.2671297464362306,77.0,4.0,-11.90506734006734,5.194805194805195,78.0,4.269230769230769,7.0,8.974358974358974,True,High Revenue + High Experience
671585f5a2af58b6e276bc01003c0d2b,27,27,1244.0,448.11,0.3602170418006431,27.0,0.0,-13.25428926611797,0.0,27.0,4.703703703703703,1.0,3.7037037037037033,False,Insufficient Review Volume
67225bff54a172ff67579aaf583efd78,8,8,1238.0,155.10999999999999,0.12529079159935377,8.0,1.0,-10.5734765625,12.5,8.0,4.5,0.0,0.0,False,Insufficient Review Volume
674207551483fec113276b67b0d871ff,1,1,119.9,13.94,0.11626355296080065,1.0,0.0,-10.438356481481481,0.0,1.0,5.0,0.0,0.0,False,Insufficient Review Volume
6750d71153f00fc58829af2a8ef1bcf1,6,6,3514.0,112.5,0.03201479795105293,6.0,0.0,-16.22419174382716,0.0,6.0,4.285714285714286,1.0,16.666666666666664,False,Insufficient Review Volume
67883baaae6134ee81b271a542613728,19,19,8167.9,328.12,0.04017189240808531,19.0,3.0,-5.40530884502924,15.789473684210526,19.0,4.105263157894737,2.0,10.526315789473683,False,Insufficient Review Volume
679769a98cfcc6da877c8486ff1c13f3,21,21,7029.0,438.39,0.062368758002560816,21.0,0.0,-15.012948082010583,0.0,21.0,4.571428571428571,1.0,4.761904761904762,False,Insufficient Review Volume
67bf6941ba2f1fa1d02c375766bc3e53,16,22,5610.0,1419.68,0.25306238859180036,15.0,2.0,-9.221852623456789,13.333333333333334,16.0,4.125,2.0,12.5,False,Insufficient Review Volume
67e43d802fde8cfd3f9580124f8167d1,2,3,36.0,42.36,1.1766666666666667,,,,,2.0,1.0,2.0,100.0,False,Insufficient Review Volume
6806dad1da97bfb5a9038eac6881f706,10,14,1477.0,306.26,0.20735274204468518,10.0,1.0,-12.759586805555555,10.0,10.0,3.909090909090909,2.0,20.0,False,Insufficient Review Volume
681fce914360217db47784ae28905a96,23,24,4127.33,444.47,0.10768947479363172,23.0,3.0,-12.397989130434782,13.043478260869565,22.0,4.0,5.0,22.727272727272727,False,Insufficient Review Volume
6824a69c9ea0313eba299dd4a2dba09a,6,7,666.9,117.18,0.1757085020242915,6.0,0.0,-12.337183641975308,0.0,6.0,4.666666666666667,0.0,0.0,False,Insufficient Review Volume
685b870da5b52a710782c9c0fefbeb5b,2,2,627.0,43.98,0.07014354066985645,2.0,2.0,16.748796296296298,100.0,2.0,2.0,1.0,50.0,False,Insufficient Review Volume
6860153b69cc696d5dcfe1cdaaafcf62,74,84,3827.63,1490.6,0.38943158037741366,74.0,7.0,-8.708279685935935,9.45945945945946,73.0,4.095890410958904,11.0,15.068493150684931,True,High Revenue + Lower Experience
6861de0f40cacb0602e473c51639f980,5,8,674.0,275.73,0.4090949554896143,5.0,1.0,-15.418671296296296,20.0,5.0,3.6,1.0,20.0,False,Insufficient Review Volume
686886775c8f6b1191c7b953fb52708c,1,1,189.0,13.62,0.07206349206349207,1.0,0.0,-13.212037037037037,0.0,1.0,5.0,0.0,0.0,False,Insufficient Review Volume
6879c4d287a8dd06b11f54ea8f78e4da,6,6,527.67,149.46,0.2832452100744784,6.0,0.0,-11.225790895061728,0.0,6.0,4.333333333333333,1.0,16.666666666666664,False,Insufficient Review Volume
688756f717c462a206ad854c5027a64a,83,101,5966.54,1934.91,0.32429347662129143,81.0,7.0,-7.733139431870142,8.641975308641975,82.0,3.855421686746988,15.0,18.29268292682927,True,High Revenue + Lower Experience
68ca56ce86830f3d31b1b7ec6a54da3e,6,6,719.59,143.37,0.19923845523145123,5.0,0.0,-16.023599537037036,0.0,6.0,3.8333333333333335,1.0,16.666666666666664,False,Insufficient Review Volume
68f86ba270525243e68ae74044f992b9,11,12,876.5,194.81,0.22225898459783228,10.0,1.0,-13.047490740740741,10.0,11.0,4.363636363636363,0.0,0.0,False,Insufficient Review Volume
6902157ee16728322d61a1321fa79e58,2,2,159.8,31.630000000000003,0.1979349186483104,2.0,0.0,-19.162777777777777,0.0,2.0,3.0,1.0,50.0,False,Insufficient Review Volume
693660429f9dc4ff704eb3d88dad54d7,2,2,124.0,24.119999999999997,0.19451612903225804,2.0,0.0,-16.202916666666667,0.0,2.0,4.0,0.0,0.0,False,Insufficient Review Volume
695051e2981c8b19e77cafe450d5bdf3,1,1,169.76,12.69,0.07475259189443921,1.0,0.0,-7.295914351851851,0.0,1.0,5.0,0.0,0.0,False,Insufficient Review Volume
6973a06f484aacf400ece213dbf3d946,95,115,11011.05,1363.57,0.12383650968799524,89.0,15.0,-6.918313046192259,16.853932584269664,94.0,3.59375,25.0,26.595744680851062,True,High Revenue + Lower Experience
698624c6632eeba1774924dbea24c700,1,1,19.9,15.23,0.7653266331658293,1.0,0.0,-10.181435185185185,0.0,1.0,5.0,0.0,0.0,False,Insufficient Review Volume
6989574bd97d9773f10d232b6c07da59,7,7,2478.3999999999996,321.1,0.12955939315687542,7.0,0.0,-11.782711640211641,0.0,7.0,4.857142857142857,0.0,0.0,False,Insufficient Review Volume
698f5fa55a5f73d0740e9d9a773e8093,4,6,120.0,83.99,0.6999166666666666,4.0,0.0,-15.76683449074074,0.0,4.0,4.75,0.0,0.0,False,Insufficient Review Volume
69a43819c758c65a5befb0b471c954d7,2,3,299.85,100.91,0.3365349341337335,2.0,0.0,-24.33486689814815,0.0,2.0,4.0,0.0,0.0,False,Insufficient Review Volume
69b5eaa096c3f9d1e5c398c597f567d6,2,2,938.0,49.02,0.05226012793176973,2.0,0.0,-5.2340625,0.0,2.0,5.0,0.0,0.0,False,Insufficient Review Volume
6a0cbc8af2e8abd1bdfb777943d174c6,35,35,3894.05,745.37,0.19141253964381555,34.0,3.0,-8.182517701525054,8.823529411764707,34.0,4.0588235294117645,4.0,11.76470588235294,True,High Revenue + Lower Experience
6a3139c7bf09ece22a4713d956acbe5e,1,1,61.9,14.74,0.2381260096930533,1.0,0.0,-12.218449074074075,0.0,1.0,5.0,0.0,0.0,False,Insufficient Review Volume
6a38087bc8ad4f89ff453561005f6dea,15,22,1833.43,547.92,0.29884969701597547,15.0,0.0,-12.004969135802469,0.0,15.0,4.6,0.0,0.0,False,Insufficient Review Volume
6a51fc556dab5f766ced6fbc860bc613,26,33,7577.67,792.58,0.10459415625119595,24.0,2.0,-11.762984182098764,8.333333333333332,26.0,3.769230769230769,6.0,23.076923076923077,False,Insufficient Review Volume
6a53b90c3ad9e0b56d9fe5c69165fff5,2,4,139.78,55.0,0.39347546143940476,2.0,0.0,-6.208570601851852,0.0,2.0,3.5,0.0,0.0,False,Insufficient Review Volume
6a8a889bde935bafa76d7848782dfaf9,26,30,860.8199999999999,367.79999999999995,0.42726702446504494,26.0,2.0,-14.482693198005698,7.6923076923076925,26.0,4.038461538461538,3.0,11.538461538461538,False,Insufficient Review Volume
6a8b085f816a1f75f92dbac6eb545f8f,127,135,6018.97,2177.99,0.3618542707473205,125.0,12.0,-9.269418148148148,9.6,127.0,4.109375,15.0,11.811023622047244,True,High Revenue + Lower Experience
6aa3928696eab49a19a466e665a649fd,18,22,2075.0,335.68,0.16177349397590363,18.0,1.0,-13.573144290123457,5.555555555555555,18.0,4.611111111111111,1.0,5.555555555555555,False,Insufficient Review Volume
6b15924333bd1a741595fe981ea04822,21,21,614.3199999999999,240.14000000000001,0.39090376351087386,21.0,2.0,-10.68516093474427,9.523809523809524,21.0,4.666666666666667,0.0,0.0,False,Insufficient Review Volume
6b1c4d4d9ccf0be3d8544eb0e71e5318,1,1,1699.0,60.04,0.035338434373160685,1.0,0.0,-13.178055555555556,0.0,1.0,5.0,0.0,0.0,False,Insufficient Review Volume
6b243f80ed07b10f0e8aa0f21a205f3c,79,89,6260.1,1547.3,0.2471685755818597,79.0,3.0,-13.90377578527895,3.79746835443038,79.0,4.265822784810126,8.0,10.126582278481013,True,High Revenue + High Experience
6b2612338467c08c9b25f0cc55b1578d,1,1,92.9,20.97,0.22572658772874055,1.0,0.0,-21.57960648148148,0.0,1.0,4.0,0.0,0.0,False,Insufficient Review Volume
6b333a05bf188ef3e1f1662a86bd9855,12,13,3990.91,563.97,0.141313635236074,12.0,1.0,-7.979491705246914,8.333333333333332,12.0,4.333333333333333,1.0,8.333333333333332,False,Insufficient Review Volume
6b3bd31ad8fcda4b2635ec9f3ff2ecdf,36,43,4198.9,757.02,0.18029007597227847,35.0,3.0,-8.324534722222221,8.571428571428571,36.0,4.0,7.0,19.444444444444446,True,High Revenue + Lower Experience
6b536a23086fba0d58c08d68814397f6,19,23,2068.8,369.17,0.17844644238205723,18.0,1.0,-11.291072530864199,5.555555555555555,19.0,3.9473684210526314,4.0,21.052631578947366,False,Insufficient Review Volume
6b803197e03abd5056b4313306b4f29d,7,12,407.0,123.62,0.30373464373464376,7.0,0.0,-9.174125330687831,0.0,7.0,4.714285714285714,0.0,0.0,False,Insufficient Review Volume
6b89abe95848c850399130d149a39b63,8,8,1135.2,330.53,0.29116455250176176,8.0,0.0,-12.976433738425927,0.0,8.0,4.375,1.0,12.5,False,Insufficient Review Volume
6b90f847357d8981edd79a1eb1bf0acb,45,47,3322.08,737.65,0.22204462264605307,45.0,2.0,-8.693736625514402,4.444444444444445,45.0,4.369565217391305,3.0,6.666666666666667,True,High Revenue + High Experience
6b9b80d53ba3676eafe60268a810b5a1,10,10,882.7,172.96,0.19594426192364336,9.0,0.0,-14.49781378600823,0.0,10.0,3.9,2.0,20.0,False,Insufficient Review Volume
6ba4733aa33f6386e9fb0c0fd3993b38,3,3,149.79,60.09,0.40116162627678753,3.0,0.0,-10.58664351851852,0.0,3.0,4.666666666666667,0.0,0.0,False,Insufficient Review Volume
6bb0724edf0b62fb91ac404873a97241,17,18,3653.0,763.52,0.20901177114700245,17.0,3.0,-9.63239855664488,17.647058823529413,15.0,4.466666666666667,1.0,6.666666666666667,False,Insufficient Review Volume
6bb62a4912377c7bfe7cb17b406bc7e6,4,6,739.52,105.87,0.14316042838598012,4.0,0.0,-7.931105324074075,0.0,4.0,4.25,1.0,25.0,False,Insufficient Review Volume
6bb66d9870c2e01c05655c7ed0e7ee13,3,3,269.0,52.02,0.1933828996282528,3.0,0.0,-14.49943287037037,0.0,3.0,3.6666666666666665,1.0,33.33333333333333,False,Insufficient Review Volume
6bbcb8924baf70b7fe2fe2097e8cd407,10,11,2382.5,264.33,0.11094648478488982,10.0,0.0,-17.346221064814813,0.0,10.0,4.5,1.0,10.0,False,Insufficient Review Volume
6bcb2352a2a0c38b845f598298ab9d26,2,2,31.8,27.58,0.8672955974842766,1.0,0.0,-13.23355324074074,0.0,2.0,3.0,1.0,50.0,False,Insufficient Review Volume
6bd503a8230299c9316fb0f726933927,4,5,324.28999999999996,129.6,0.3996422954762713,4.0,1.0,-5.436513310185186,25.0,4.0,4.75,0.0,0.0,False,Insufficient Review Volume
6bd69102ab48df500790a8cecfc285c2,5,5,8070.0,289.02,0.03581412639405204,5.0,1.0,-3.0159560185185184,20.0,5.0,3.0,3.0,60.0,False,Insufficient Review Volume
6bef34c5be6f2bbd70aa5165f6df94b1,2,2,1198.0,132.88,0.11091819699499166,2.0,0.0,-9.485827546296296,0.0,2.0,2.0,1.0,50.0,False,Insufficient Review Volume
6c12e40690c335dbc2f68a4134d30dc1,16,18,9139.2,485.06,0.05307466736694678,16.0,0.0,-13.015771122685186,0.0,14.0,4.071428571428571,2.0,14.285714285714285,False,Insufficient Review Volume
6c177e38df6d3f34182b1f1d427231bf,55,56,8341.89,1034.64,0.12402944656426783,53.0,2.0,-13.822934792103423,3.7735849056603774,55.0,4.036363636363636,9.0,16.363636363636363,True,High Revenue + Lower Experience
6c17baf138731a4aaacc3210adf2037b,4,5,538.8,89.92,0.16688938381588717,4.0,0.0,-7.944730902777778,0.0,4.0,5.0,0.0,0.0,False,Insufficient Review Volume
6c1b6d0c604b776f844125f911eb7377,5,5,443.06,81.44,0.18381257617478444,4.0,0.0,-14.389140625,0.0,5.0,3.4,1.0,20.0,False,Insufficient Review Volume
6c6cc59a5c00cacc5054ca06d65cc282,1,1,1107.0,148.71,0.13433604336043362,1.0,0.0,-16.23702546296296,0.0,1.0,5.0,0.0,0.0,False,Insufficient Review Volume
6c6e3d67f969468f3bfd33f827a31222,5,6,224.0,92.41,0.4125446428571428,5.0,0.0,-11.02382175925926,0.0,5.0,4.8,0.0,0.0,False,Insufficient Review Volume
6c77cd583b36a13aacccf2b3ee23e233,1,1,18.9,12.79,0.6767195767195767,1.0,0.0,-11.066886574074074,0.0,1.0,5.0,0.0,0.0,False,Insufficient Review Volume
6c7d50c24b3ccd2fd83b44d8bb34e073,114,128,8699.34,2770.85,0.3185126687771716,112.0,2.0,-11.271543795469578,1.7857142857142856,113.0,4.389380530973451,9.0,7.964601769911504,True,High Revenue + High Experience
6c9875b2f94ba781186f0c1aed8d1687,2,4,25.0,38.05,1.5219999999999998,2.0,0.0,-16.327939814814815,0.0,2.0,5.0,0.0,0.0,False,Insufficient Review Volume
6c99c983ce3b6ba0ab813e6790e81691,9,9,546.75,205.76,0.3763328760859625,9.0,0.0,-15.013602109053497,0.0,9.0,3.7777777777777777,2.0,22.22222222222222,False,Insufficient Review Volume
6cd68b3ed6d59aaa9fece558ad360c0a,149,157,11188.57,2529.89,0.22611379291544853,149.0,3.0,-13.508876227317923,2.013422818791946,149.0,4.456375838926174,5.0,3.3557046979865772,True,High Revenue + High Experience
6cf476a4ca74498db55cbccdaa9dcfb6,6,7,939.9300000000001,185.57,0.19742959582096536,5.0,2.0,-4.443671296296296,40.0,6.0,3.0,3.0,50.0,False,Insufficient Review Volume
6d04126aba80df143fd038e711b8fd96,1,1,89.99,18.87,0.209689965551728,1.0,1.0,16.696944444444444,100.0,1.0,1.0,1.0,100.0,False,Insufficient Review Volume
6d1b9c9579132c87d2703ec38c30f2c5,4,4,299.69,67.7,0.2259000967666589,4.0,0.0,-14.995578703703703,0.0,4.0,4.5,0.0,0.0,False,Insufficient Review Volume
6d22a1fcebb6dd08c9cd90b92a93e8d0,12,13,723.7,222.73,0.3077656487494818,12.0,0.0,-9.896012731481482,0.0,12.0,4.25,1.0,8.333333333333332,False,Insufficient Review Volume
6d2f2e3b539480db1e0842b3a4e32e6e,3,6,305.96,168.3,0.5500719048241601,3.0,0.0,-7.039903549382717,0.0,3.0,3.6666666666666665,1.0,33.33333333333333,False,Insufficient Review Volume
6d66611d7c44cc30ce351abc49a68421,166,176,13593.4,3260.97,0.23989362484735238,164.0,10.0,-10.397004008581753,6.097560975609756,164.0,3.951219512195122,26.0,15.853658536585366,True,High Revenue + Lower Experience
6d7f8d9d594e28796b6b3205b00f459c,3,3,417.9,59.11,0.1414453218473319,3.0,0.0,-4.431628086419753,0.0,3.0,3.6666666666666665,1.0,33.33333333333333,False,Insufficient Review Volume
6d803cb79cc31c41c4c789a75933b3c7,58,66,8711.4,1213.67,0.1393197419473334,58.0,4.0,-13.070424249680716,6.896551724137931,58.0,4.25,5.0,8.620689655172415,True,High Revenue + High Experience
6d988d6174a2c27441597174f8905515,19,23,371.73,365.47,0.9831598202996799,19.0,2.0,-8.229473075048734,10.526315789473683,19.0,4.105263157894737,3.0,15.789473684210526,False,Insufficient Review Volume
6da1992f915d77be95d7fa48b36904af,7,9,261.0,122.66,0.46996168582375475,7.0,0.0,-22.15451388888889,0.0,7.0,4.0,1.0,14.285714285714285,False,Insufficient Review Volume
6dc9bec584588412a6a338830946a3e4,2,2,560.0,107.83,0.19255357142857144,1.0,0.0,-43.70199074074074,0.0,2.0,1.5,2.0,100.0,False,Insufficient Review Volume
6dd7dce75cd55c1ce255dc38d9f0cd46,1,1,75.0,21.33,0.2844,1.0,0.0,-19.157465277777778,0.0,1.0,4.0,0.0,0.0,False,Insufficient Review Volume
6ddc28b61be28373b4503a1f61cf98a9,11,11,1732.9,167.19,0.09647988920306999,11.0,1.0,-7.216917087542087,9.090909090909092,11.0,4.181818181818182,1.0,9.090909090909092,False,Insufficient Review Volume
6df688df543f90e9b38f4319e75a9d88,40,56,1949.96,783.6,0.4018543970132721,39.0,0.0,-14.778744658119658,0.0,40.0,4.575,1.0,2.5,True,High Revenue + High Experience
6e0908ef4d4efadbc3cc2b74ea477cb0,8,11,589.4499999999999,160.82999999999998,0.2728475697684282,8.0,1.0,-11.770245949074074,12.5,8.0,3.75,2.0,25.0,False,Insufficient Review Volume
6e13dd869aa7185f601c941423abcc8f,5,6,522.0,76.08,0.14574712643678162,5.0,0.0,-11.629766203703703,0.0,5.0,4.8,0.0,0.0,False,Insufficient Review Volume
6e1862e15f33d9994bc25922a85e1efc,8,14,732.49,147.47,0.20132698057311363,7.0,0.0,-15.822007275132275,0.0,7.0,4.428571428571429,1.0,14.285714285714285,False,Insufficient Review Volume
6e2d3e2dc84fb30f6078f39dd3bddd6f,1,1,219.0,16.28,0.07433789954337901,,,,,1.0,1.0,1.0,100.0,False,Insufficient Review Volume
6e386f64c84e482f0b9abf960797ee1b,30,30,12938.3,625.36,0.048334016060842616,29.0,3.0,-8.917231002554278,10.344827586206897,28.0,4.607142857142857,1.0,3.571428571428571,False,Insufficient Review Volume
6e4a902d1054e4e17aa6eab87fac1c75,7,8,586.57,109.13,0.1860477010416489,7.0,2.0,-4.9404728835978835,28.57142857142857,7.0,4.142857142857143,1.0,14.285714285714285,False,Insufficient Review Volume
6e4f5ff6b086632ba8dcb558fb10249e,5,5,838.9,214.35,0.25551317201096674,5.0,0.0,-16.30644675925926,0.0,5.0,3.4,2.0,40.0,False,Insufficient Review Volume
6e85dc5ecd97a61094b89b046a509d8e,1,1,169.9,12.69,0.07469099470276633,,,,,1.0,1.0,1.0,100.0,False,Insufficient Review Volume
6e864f5c4669eff3d98140a07cc50202,13,13,740.59,191.77,0.2589421947366289,13.0,1.0,-10.713774038461539,7.6923076923076925,13.0,4.461538461538462,1.0,7.6923076923076925,False,Insufficient Review Volume
6eb94e1466490d327a09abf8f3552a50,10,10,1511.95,237.82,0.15729356129501637,9.0,1.0,-9.803771862139918,11.11111111111111,9.0,4.444444444444445,1.0,11.11111111111111,False,Insufficient Review Volume
6ebf4eceee4dd9847201c82e77ef8123,1,1,59.9,22.13,0.369449081803005,1.0,0.0,-4.00931712962963,0.0,1.0,5.0,0.0,0.0,False,Insufficient Review Volume
6ec1a01e866584bb679eb9b098345919,31,32,4248.91,814.85,0.1917785973343752,30.0,6.0,-5.152905864197531,20.0,30.0,4.133333333333334,5.0,16.666666666666664,True,High Revenue + Lower Experience
6edacfd9f9074789dad6d62ba7950b9c,208,219,13147.1,2940.5,0.22366149188794487,205.0,12.0,-10.88845731707317,5.853658536585367,207.0,4.355769230769231,20.0,9.66183574879227,True,High Revenue + High Experience
6ee85be3693ed79a8e80718743d80655,9,13,484.5,170.82,0.35256965944272445,5.0,2.0,-4.65125462962963,40.0,9.0,2.3333333333333335,6.0,66.66666666666666,False,Insufficient Review Volume
6eeed17989b0ae47c9f11ece6f38ea90,3,3,557.0,119.01,0.2136624775583483,3.0,0.0,-12.433395061728396,0.0,3.0,3.6666666666666665,1.0,33.33333333333333,False,Insufficient Review Volume
6f1a1263039c76e68f40a8e536b1da6a,4,7,256.39,100.45,0.39178595109013614,2.0,1.0,31.81747685185185,50.0,4.0,1.5,3.0,75.0,False,Insufficient Review Volume
6f229cc508fc6915ed5c499efd93baa4,13,14,2654.8,333.88,0.12576465270453518,13.0,2.0,-8.291118233618233,15.384615384615385,13.0,4.384615384615385,2.0,15.384615384615385,False,Insufficient Review Volume
6f835fd4be26989b1b064399da346143,2,2,197.8,31.450000000000003,0.1589989888776542,2.0,0.0,-20.39219328703704,0.0,2.0,5.0,0.0,0.0,False,Insufficient Review Volume
6f83d9e4da896daae20b9b6b2d3ff8d2,11,11,765.19,219.85,0.2873142618173264,11.0,0.0,-14.296315235690235,0.0,11.0,4.363636363636363,1.0,9.090909090909092,False,Insufficient Review Volume
6f892e20a171e98efe17fdb971ff319b,44,53,6438.700000000001,904.16,0.14042586236352056,41.0,4.0,-9.096929482836494,9.75609756097561,43.0,3.9302325581395348,7.0,16.27906976744186,True,High Revenue + Lower Experience
6fa9202c10491e472dffd59a3e82b2a3,3,3,7014.24,925.01,0.13187601222655626,3.0,0.0,-8.742322530864199,0.0,3.0,4.333333333333333,0.0,0.0,False,Insufficient Review Volume
6fc26fe110feebd80a433e1f012a84f9,35,72,4150.87,977.19,0.235418117165799,35.0,4.0,-11.210306216931217,11.428571428571429,34.0,3.911764705882353,5.0,14.705882352941178,True,High Revenue + Lower Experience
6fd52c528dcb38be2eea044946b811f8,67,84,7743.0199999999995,1138.56,0.14704340167014937,67.0,9.0,-10.06051046849088,13.432835820895523,66.0,3.393939393939394,24.0,36.36363636363637,True,High Revenue + Lower Experience
7008613ea464bad5cb9b83456e1e6a8f,127,156,7777.0,3083.05,0.39643178603574647,123.0,6.0,-13.243646209725986,4.878048780487805,126.0,4.261904761904762,10.0,7.936507936507936,True,High Revenue + High Experience
700f03c207639c22d933381ff60b35c2,4,4,1189.8600000000001,136.45,0.11467735699998317,4.0,2.0,1.1875173611111105,50.0,4.0,4.0,1.0,25.0,False,Insufficient Review Volume
70125af26c2d6d4ef401a1d02ae7701f,5,8,371.2,258.42,0.6961745689655173,5.0,2.0,-2.617414351851852,40.0,5.0,4.6,0.0,0.0,False,Insufficient Review Volume
70126eecc6aa1274392a1743866e9678,3,3,97.39999999999999,47.34,0.4860369609856264,3.0,0.0,-11.470173611111113,0.0,3.0,5.0,0.0,0.0,False,Insufficient Review Volume
701938c450705b8ae65fc923b70f35c7,75,112,11983.28,3808.84,0.31784619903732536,74.0,5.0,-11.12407078953954,6.756756756756757,74.0,4.013513513513513,9.0,12.162162162162163,True,High Revenue + Lower Experience
702835e4b785b67a084280efca355756,1,1,7.6,10.96,1.442105263157895,1.0,0.0,-22.516712962962963,0.0,1.0,5.0,0.0,0.0,False,Insufficient Review Volume
7040e82f899a04d1b434b795a43b4617,212,228,9738.2,3217.78,0.3304286213057855,208.0,20.0,-9.560479211182336,9.615384615384617,210.0,3.6,57.0,27.142857142857142,True,High Revenue + Lower Experience
70849ca4f400aaabb62cb7462a6f1428,12,12,909.58,233.66,0.25688779436663073,12.0,2.0,-10.222014853395061,16.666666666666664,12.0,4.416666666666667,1.0,8.333333333333332,False,Insufficient Review Volume
709e16e2b25c7474d980076c6bfc4806,60,80,5151.9,1226.96,0.23815679652167163,60.0,2.0,-12.196443672839505,3.3333333333333335,60.0,4.516666666666667,1.0,1.6666666666666667,True,High Revenue + High Experience
70a12e78e608ac31179aea7f8422044b,315,328,30858.53,5606.91,0.1816972487023847,312.0,34.0,-9.76337202486942,10.897435897435898,313.0,3.7987220447284344,63.0,20.12779552715655,True,High Revenue + Lower Experience
70b52a4cfc823994561b00bad161b4ed,8,10,585.0,100.35,0.17153846153846153,8.0,0.0,-24.388680555555556,0.0,8.0,4.375,0.0,0.0,False,Insufficient Review Volume
70bf57d811208f8923b41bbd499a67a4,7,7,780.8000000000001,88.93,0.11389600409836065,7.0,0.0,-5.927972883597883,0.0,7.0,4.142857142857143,1.0,14.285714285714285,False,Insufficient Review Volume
70c0fda4c313d87115644d39e62eec60,1,1,25.99,37.09,1.42708734128511,1.0,0.0,-13.474328703703703,0.0,1.0,5.0,0.0,0.0,False,Insufficient Review Volume
70c27847eca8195c983ed7e798c56743,77,98,12077.52,1451.66,0.12019520563824361,77.0,7.0,-11.045306637806638,9.090909090909092,77.0,4.233766233766234,14.0,18.181818181818183,True,High Revenue + High Experience
70c4eedec9cb4a85cda2f3f9673557b4,2,2,479.8,32.75,0.06825760733639016,1.0,0.0,-16.30439814814815,0.0,1.0,5.0,0.0,0.0,False,Insufficient Review Volume
70ee69419916dc13e3aed619061f996c,1,1,45.0,8.72,0.1937777777777778,1.0,0.0,-3.1133912037037037,0.0,1.0,3.0,0.0,0.0,False,Insufficient Review Volume
70eea00b476a314817cefde4aad4f89a,108,114,31994.649999999998,2769.52,0.08656197207970708,106.0,8.0,-11.36030747728861,7.547169811320755,106.0,4.383177570093458,8.0,7.547169811320755,True,High Revenue + High Experience
70f7e8018e3d46c748c92f026aa2585a,1,2,239.8,37.88,0.1579649708090075,1.0,0.0,-21.307037037037038,0.0,1.0,5.0,0.0,0.0,False,Insufficient Review Volume
70f84699be677ec988d1fa824aef7d90,5,5,1588.3,116.14,0.07312220613234276,5.0,0.0,-9.732756944444443,0.0,5.0,4.6,0.0,0.0,False,Insufficient Review Volume
71039d19d4303bf9054d69e9a9236699,35,38,3537.2,621.45,0.17568981115006221,35.0,8.0,-7.180581349206349,22.857142857142858,35.0,3.8,7.0,20.0,True,High Revenue + Lower Experience
710e3548e02bc1d2831dfc4f1b5b14d4,136,142,23979.11,3875.96,0.16163902663610116,131.0,6.0,-21.117631732400337,4.580152671755725,135.0,3.362962962962963,44.0,32.592592592592595,True,High Revenue + Lower Experience
71271995e85f5b8530be99ed54a91b89,8,8,776.0,120.83,0.15570876288659793,6.0,1.0,-6.0390625,16.666666666666664,8.0,2.5,4.0,50.0,False,Insufficient Review Volume
712e6ed8aa4aa1fa65dab41fed5737e4,79,87,39815.0,6889.13,0.17302850684415422,77.0,17.0,-8.41970643939394,22.07792207792208,78.0,3.392405063291139,27.0,34.61538461538461,True,High Revenue + Lower Experience
712efd3b68f9686dc856b84abd0f21ae,1,1,139.0,17.16,0.12345323741007194,1.0,0.0,-1.2342824074074075,0.0,1.0,4.0,0.0,0.0,False,Insufficient Review Volume
7139dc5186aa238b006e066d8fbab2e4,22,24,1712.0,535.93,0.3130432242990654,22.0,3.0,-10.338801031144781,13.636363636363635,21.0,4.0,4.0,19.047619047619047,False,Insufficient Review Volume
713e3a23ca5e47786eb6f0d99f94cfac,4,4,1126.0,87.03,0.07729129662522202,4.0,0.0,-19.370373263888887,0.0,4.0,4.75,0.0,0.0,False,Insufficient Review Volume
7142540dd4c91e2237acb7e911c4eba2,319,331,37373.56,6915.6,0.18503990521641506,316.0,26.0,-12.735387182079231,8.227848101265822,317.0,4.034375,46.0,14.511041009463725,True,High Revenue + Lower Experience
714b9a1332840f257b49f476bea4e341,6,6,1499.94,158.15,0.10543755083536675,6.0,2.0,4.745906635802469,33.33333333333333,6.0,3.3333333333333335,3.0,50.0,False,Insufficient Review Volume
71592660bbcb6a4664e97b6f8b68babc,6,7,2027.18,173.37,0.085522745883444,6.0,0.0,-9.584780092592593,0.0,6.0,4.333333333333333,0.0,0.0,False,Insufficient Review Volume
71593c7413973a1e160057b80d4958f6,2,5,299.5,45.85,0.15308848080133555,2.0,0.0,-2.868096064814815,0.0,2.0,3.0,1.0,50.0,False,Insufficient Review Volume
715bbd5ba4e6b74cb0d2f29eb45058b0,62,64,4043.3,1272.58,0.3147379615660475,62.0,5.0,-12.742406287335722,8.064516129032258,62.0,4.467741935483871,4.0,6.451612903225806,True,High Revenue + High Experience
7178e1eaa97257d8b6d4b80efd77a025,1,1,167.9,16.81,0.1001191185229303,1.0,0.0,-9.19732638888889,0.0,1.0,5.0,0.0,0.0,False,Insufficient Review Volume
7178f9f4dd81dcef02f62acdf8151e01,203,216,37070.4,4408.52,0.11892291423885365,202.0,10.0,-17.745231309589293,4.9504950495049505,202.0,4.044334975369458,30.0,14.85148514851485,True,High Revenue + Lower Experience
717b78b0950b51ed00b1471d858b0edc,5,5,138.6,81.15,0.5854978354978355,5.0,1.0,-2.4309652777777773,20.0,5.0,4.0,1.0,20.0,False,Insufficient Review Volume
718539d38d07dd351c76db862760e2e2,37,45,1318.9,659.05,0.4996967169611039,35.0,0.0,-13.314503637566139,0.0,37.0,4.4324324324324325,3.0,8.108108108108109,True,High Revenue + High Experience
71dc18fd8cbf5fd77f45dd8b427abb34,4,9,1080.0,149.4,0.13833333333333334,4.0,0.0,-18.34910300925926,0.0,4.0,5.0,0.0,0.0,False,Insufficient Review Volume
7202e2ba20579a9bd1acb29e61fe71f6,53,55,12750.5,1165.66,0.09142072859887848,51.0,3.0,-11.442160947712418,5.88235294117647,52.0,3.8653846153846154,10.0,19.230769230769234,True,High Revenue + Lower Experience
720e6cf846ea7572cbb66b743fb91e6c,1,1,54.0,14.55,0.26944444444444443,1.0,0.0,-6.337164351851852,0.0,1.0,5.0,0.0,0.0,False,Insufficient Review Volume
7210cd29727d674c00741e5e387b3ccd,9,13,729.0899999999999,145.09,0.19900149501433295,9.0,1.0,-6.7772145061728395,11.11111111111111,9.0,4.444444444444445,1.0,11.11111111111111,False,Insufficient Review Volume
72146da5774cabf2632faedcae097a76,4,6,200.94,110.49,0.5498656315318006,4.0,1.0,4.615633680555555,25.0,4.0,4.0,1.0,25.0,False,Insufficient Review Volume
7238a95bb63ef7e498389fb863b834a1,15,15,2265.7,569.41,0.2513174736284592,15.0,1.0,-8.770981481481481,6.666666666666667,15.0,4.733333333333333,0.0,0.0,False,Insufficient Review Volume
7238f877570096ae403c51898fa64566,3,3,1200.0,49.519999999999996,0.04126666666666667,3.0,0.0,-15.343456790123456,0.0,3.0,5.0,0.0,0.0,False,Insufficient Review Volume
723a46b89fd5c3ed78ccdf039e33ac63,1,1,66.64,23.4,0.35114045618247297,1.0,0.0,-29.038229166666667,0.0,1.0,4.0,0.0,0.0,False,Insufficient Review Volume
723cd880edaacdb998898b67c8f9da30,11,12,2136.5299999999997,413.1,0.193350900759643,11.0,1.0,-10.576943392255892,9.090909090909092,11.0,4.090909090909091,2.0,18.181818181818183,False,Insufficient Review Volume
72431a818f97fe6ab9c81eee3e297e54,1,1,229.9,19.49,0.08477598956067854,1.0,0.0,-14.09119212962963,0.0,1.0,5.0,0.0,0.0,False,Insufficient Review Volume
725af026f869236a8dd0ceb98564d156,7,8,1177.71,184.95999999999998,0.1570505472484737,5.0,0.0,-26.04363425925926,0.0,7.0,3.4285714285714284,2.0,28.57142857142857,False,Insufficient Review Volume
725c32fa80c2faacc4fc88450d27314e,89,93,7838.88,1327.78,0.16938389157634764,89.0,1.0,-11.63623725551394,1.1235955056179776,87.0,4.517241379310345,2.0,2.2988505747126435,True,High Revenue + High Experience
7299e27ed73d2ad986de7f7c77d919fa,338,361,34725.43,6855.65,0.19742448113673466,335.0,16.0,-11.852645902432284,4.776119402985075,338.0,4.420118343195266,23.0,6.804733727810651,True,High Revenue + High Experience
729b2d09b2a0bdab221076327f13d050,49,61,1822.11,946.55,0.519480163107606,48.0,4.0,-11.621497878086421,8.333333333333332,49.0,4.489795918367347,3.0,6.122448979591836,True,High Revenue + High Experience
729f06993dac8e860d4f02d7088ca48a,96,115,20485.079999999998,4994.57,0.2438150107297604,94.0,11.0,-10.072540632387707,11.702127659574469,95.0,4.168421052631579,11.0,11.578947368421053,True,High Revenue + High Experience
72bc2cce903c872fe376a8faaa81d237,17,18,2149.2,255.77,0.11900707239903222,17.0,0.0,-7.476917211328976,0.0,17.0,4.647058823529412,1.0,5.88235294117647,False,Insufficient Review Volume
72c38a04bd6a1c3dbc5298425a0db86d,4,5,647.3,113.35,0.17511200370770894,4.0,0.0,-21.224525462962962,0.0,4.0,3.75,1.0,25.0,False,Insufficient Review Volume
72c5da29406b4234927b81855e7b64f6,31,31,11798.69,853.78,0.07236227072666541,31.0,1.0,-15.886599089008364,3.225806451612903,31.0,4.129032258064516,4.0,12.903225806451612,True,High Revenue + Lower Experience
72c73be2b085b9d57650dd53eb2004c9,1,1,29.4,17.92,0.6095238095238096,1.0,0.0,-12.179050925925926,0.0,1.0,5.0,0.0,0.0,False,Insufficient Review Volume
730937bf88cb151eb2eb849f642fc213,22,26,2821.2,455.96999999999997,0.16162271373883455,22.0,1.0,-10.012605218855219,4.545454545454546,22.0,4.409090909090909,2.0,9.090909090909092,False,Insufficient Review Volume
7315baebc0572ff220d226283dc66728,2,2,49.849999999999994,26.369999999999997,0.528986960882648,2.0,0.0,-11.92541087962963,0.0,2.0,4.0,0.0,0.0,False,Insufficient Review Volume
731ef20c231d9a7103a425e83fd91271,2,3,1692.0,505.6,0.2988179669030733,2.0,0.0,-14.746186342592592,0.0,2.0,3.5,0.0,0.0,False,Insufficient Review Volume
734def04b237117a09321dd6d8f3f2a2,2,2,1252.43,28.8,0.02299529714235526,2.0,0.0,-15.636481481481482,0.0,2.0,5.0,0.0,0.0,False,Insufficient Review Volume
7354220fb240bde543b3c40c060d41e7,7,7,672.0,165.13,0.24572916666666667,7.0,0.0,-14.948169642857144,0.0,7.0,4.571428571428571,0.0,0.0,False,Insufficient Review Volume
7357b52d27cbaa90f81a96cbc1279396,12,12,1328.02,217.81,0.16401108417041912,12.0,1.0,-8.498123070987655,8.333333333333332,12.0,4.333333333333333,1.0,8.333333333333332,False,Insufficient Review Volume
739c7d7be81f63812dea0d1b1451c651,2,2,77.5,71.8,0.9264516129032258,2.0,0.0,-23.351446759259257,0.0,2.0,4.0,0.0,0.0,False,Insufficient Review Volume
73a63f72308aa20a46f4b1632018f196,29,41,9606.8,1178.99,0.1227245284590082,27.0,0.0,-14.494344135802468,0.0,28.0,4.142857142857143,3.0,10.714285714285714,False,Insufficient Review Volume
73b8eb4a9a729d4019b24ed1be748cbf,8,8,692.41,105.57,0.15246746869629266,7.0,0.0,-6.705510912698413,0.0,8.0,4.375,1.0,12.5,False,Insufficient Review Volume
73da1880b39c71de2b262bc7720c1494,2,2,398.0,46.99,0.11806532663316584,2.0,0.0,-13.28140625,0.0,2.0,5.0,0.0,0.0,False,Insufficient Review Volume
740205fedfe4e90ca6857bc77db0f2b4,1,1,229.9,21.93,0.09538929969551979,1.0,0.0,-30.385925925925925,0.0,1.0,5.0,0.0,0.0,False,Insufficient Review Volume
7402d13c03a7e91366337cd1de471144,4,4,528.38,131.19,0.24828721753283622,3.0,0.0,-10.469182098765431,0.0,4.0,3.5,1.0,25.0,False,Insufficient Review Volume
741f8c587cb4248ebc5b779a0e8e0e51,5,5,89.95,67.69,0.7525291828793774,5.0,1.0,-7.058583333333334,20.0,5.0,4.0,1.0,20.0,False,Insufficient Review Volume
744dac408745240a2c2528fb1b6028f3,79,84,22490.6,1894.42,0.08423163454954515,78.0,1.0,-16.06577605650522,1.282051282051282,79.0,4.569620253164557,3.0,3.79746835443038,True,High Revenue + High Experience
74636e24f01da9268b0ed88dacd8513e,4,4,776.0,272.61,0.3513015463917526,4.0,1.0,-4.042155671296296,25.0,4.0,4.0,1.0,25.0,False,Insufficient Review Volume
747c1cdcd1737dcfbd1547f6eb6f2cf3,2,2,193.1,29.27,0.15157949249093733,2.0,0.0,-14.245896990740741,0.0,2.0,2.5,1.0,50.0,False,Insufficient Review Volume
747e73c01a4593d4cf60dcf970fd2689,3,3,2217.99,123.77000000000001,0.05580277638763025,3.0,0.0,-29.15775848765432,0.0,3.0,4.333333333333333,0.0,0.0,False,Insufficient Review Volume
74871d19219c7d518d0090283e03c137,6,7,550.04,87.87,0.159752018035052,6.0,0.0,-7.591778549382716,0.0,6.0,5.0,0.0,0.0,False,Insufficient Review Volume
7494d0dcba8551df6cf37f1b905dc2f7,1,1,45.9,17.07,0.3718954248366013,1.0,0.0,-14.003692129629629,0.0,1.0,3.0,0.0,0.0,False,Insufficient Review Volume
749e7cdabbaf72f16677859e27874ba5,1,1,41.9,19.84,0.47350835322195706,1.0,0.0,-6.24068287037037,0.0,1.0,1.0,1.0,100.0,False,Insufficient Review Volume
74a9b9bddf14ece02beb81f52c41a88d,2,2,95.0,22.06,0.23221052631578945,2.0,0.0,-12.131886574074073,0.0,2.0,3.5,1.0,50.0,False,Insufficient Review Volume
74bafed391319577bce6f4d2acc0589a,3,3,1847.0,237.73,0.12871142393069843,3.0,0.0,-11.876979166666667,0.0,3.0,2.6666666666666665,2.0,66.66666666666666,False,Insufficient Review Volume
74c7dec0a384d8a05950e629bd23bde9,5,5,187.68,61.199999999999996,0.3260869565217391,4.0,0.0,-8.390159143518519,0.0,5.0,3.6,2.0,40.0,False,Insufficient Review Volume
750303a20e9c56b2a6bc45cdce0b897d,54,57,8085.0,1309.81,0.16200494743351884,53.0,2.0,-11.130179944095039,3.7735849056603774,54.0,4.2407407407407405,6.0,11.11111111111111,True,High Revenue + High Experience
751bdc4d83a466c7206cd42e8f426b03,54,71,6648.93,1054.81,0.15864357122123407,51.0,1.0,-11.027497049745824,1.9607843137254901,52.0,3.7547169811320753,14.0,26.923076923076923,True,High Revenue + Lower Experience
751e274377499a8503fd6243ad9c56f6,1,2,218.0,17.84,0.0818348623853211,1.0,0.0,-5.081585648148148,0.0,1.0,5.0,0.0,0.0,False,Insufficient Review Volume
75745ef7bc7d4f3ea3380f6f5303f514,3,3,228.4,48.92,0.21418563922942208,3.0,0.0,-20.79,0.0,3.0,5.0,0.0,0.0,False,Insufficient Review Volume
7586919161935337bf6b6d7ff5779648,11,18,1664.71,330.22,0.19836488036955388,11.0,2.0,-4.783412247474748,18.181818181818183,11.0,3.8181818181818183,3.0,27.27272727272727,False,Insufficient Review Volume
75a4764c108403a7a0575140cb22287c,5,9,716.9,210.15,0.29313711814757987,5.0,0.0,-19.048689814814814,0.0,5.0,4.6,0.0,0.0,False,Insufficient Review Volume
75d34ebb1bd0bd7dde40dd507b8169c3,62,72,15048.28,1431.23,0.0951092084942598,57.0,9.0,-15.794629020467836,15.789473684210526,62.0,3.7419354838709675,15.0,24.193548387096776,True,High Revenue + Lower Experience
75fbb52eda0cbc24f479d3b2fbfa8d3e,40,43,1130.99,943.52,0.8342425662472701,38.0,2.0,-13.446733065302144,5.263157894736842,39.0,4.358974358974359,4.0,10.256410256410255,True,High Revenue + High Experience
75fdd0a732287f9497b179f6bd445d32,1,1,59.9,16.18,0.2701168614357262,1.0,0.0,-17.102847222222223,0.0,1.0,5.0,0.0,0.0,False,Insufficient Review Volume
761681a821d8275bc79f552116d06869,3,3,354.92,159.98000000000002,0.45074946466809424,3.0,0.0,-17.207843364197533,0.0,3.0,5.0,0.0,0.0,False,Insufficient Review Volume
762ed976527cddf02787edba70fffa2a,3,4,179.8,60.31999999999999,0.3354838709677419,3.0,0.0,-20.449212962962964,0.0,3.0,2.3333333333333335,2.0,66.66666666666666,False,Insufficient Review Volume
762fafdaa57a532ee0119731697579dd,5,5,206.7,54.17,0.262070633768747,5.0,0.0,-12.634708333333332,0.0,5.0,5.0,0.0,0.0,False,Insufficient Review Volume
76623fde66e6b63b59440fd34160512d,3,3,65.4,23.34,0.3568807339449541,3.0,0.0,-12.632060185185187,0.0,3.0,4.0,0.0,0.0,False,Insufficient Review Volume
7681ef142fd2c19048da7430856b5588,59,77,31941.81,2916.12,0.09129476382208772,58.0,8.0,-8.723640046296296,13.793103448275861,58.0,4.186440677966102,8.0,13.793103448275861,True,High Revenue + High Experience
76833248bbc0e65a0293ec62023e4396,2,2,2399.98,230.7,0.09612580104834206,2.0,0.0,-5.887071759259259,0.0,2.0,5.0,0.0,0.0,False,Insufficient Review Volume
768a86e36ad6aae3d03ee3c6433d61df,17,17,587.46,180.24,0.30681237871514655,17.0,3.0,-8.173312908496731,17.647058823529413,17.0,4.647058823529412,0.0,0.0,False,Insufficient Review Volume
768de2a4fc06aacecb9a586ccc30746a,14,14,475.59999999999997,237.93,0.500273338940286,13.0,0.0,-11.825529736467237,0.0,14.0,4.428571428571429,1.0,7.142857142857142,False,Insufficient Review Volume
76c47a299e4a8fe992316a85865acbe9,6,10,1024.46,221.88,0.21658239462741347,6.0,2.0,-2.0805787037037033,33.33333333333333,6.0,4.666666666666667,0.0,0.0,False,Insufficient Review Volume
76d336555bb25f3165d2f0d6da719c40,2,2,330.0,23.63,0.0716060606060606,1.0,0.0,-29.677118055555557,0.0,2.0,2.0,1.0,50.0,False,Insufficient Review Volume
76d5af76d0271110f9af36c92573f765,131,159,33461.6,4079.96,0.12192961484208766,128.0,12.0,-11.650411874276621,9.375,130.0,4.115384615384615,19.0,14.615384615384617,True,High Revenue + Lower Experience
76d64c4aca3a7baf218bf93ef7fa768d,64,69,16911.8,3543.4900000000002,0.20952766707269482,64.0,2.0,-14.393988896122686,3.125,64.0,4.230769230769231,9.0,14.0625,True,High Revenue + High Experience
76de363de16dacc923eec8daf91df504,2,2,360.0,50.42,0.14005555555555557,2.0,0.0,-14.120885416666667,0.0,2.0,2.5,1.0,50.0,False,Insufficient Review Volume
76ea5315acb3f5f7ade3cd261faf922a,15,15,1087.06,224.02,0.20607878130002025,15.0,1.0,-10.487684413580247,6.666666666666667,15.0,4.266666666666667,1.0,6.666666666666667,False,Insufficient Review Volume
77128dec4bec4878c37ab7d6169d6f26,1,1,6.5,8.72,1.3415384615384616,1.0,0.0,-6.164027777777778,0.0,1.0,5.0,0.0,0.0,False,Insufficient Review Volume
7722b1df1b0e383e000397b2c11e3e19,134,145,7094.09,2071.21,0.29196274645514786,133.0,4.0,-11.32379873294347,3.007518796992481,133.0,4.225563909774436,15.0,11.278195488721805,True,High Revenue + High Experience
77530e9772f57a62c906e1c21538ab82,320,389,46610.4,8453.59,0.18136703396666837,312.0,36.0,-10.250751795465337,11.538461538461538,318.0,4.11214953271028,50.0,15.723270440251572,True,High Revenue + Lower Experience
77714512e8d4dda9c234da8e3faf16e4,4,6,243.39999999999998,105.58,0.4337715694330321,4.0,0.0,-7.715792824074073,0.0,4.0,4.25,0.0,0.0,False,Insufficient Review Volume
777a0c55737f34ffeb78010f7542ab41,6,6,452.5,75.83,0.16758011049723756,6.0,0.0,-9.25639274691358,0.0,6.0,4.333333333333333,1.0,16.666666666666664,False,Insufficient Review Volume
778323240ce2830d68aab11794e00bfb,3,3,189.98000000000002,52.45,0.27608169280976946,3.0,0.0,-6.658059413580247,0.0,3.0,4.333333333333333,0.0,0.0,False,Insufficient Review Volume
77a515caa36327151d1cc6c32a9f00e1,26,26,2217.39,396.19,0.17867402667099608,26.0,3.0,-10.092807158119657,11.538461538461538,26.0,4.423076923076923,2.0,7.6923076923076925,False,Insufficient Review Volume
77dcbb67ccb3659bd58eaf5661560a30,2,2,984.0,98.56,0.10016260162601626,,,,,2.0,1.0,2.0,100.0,False,Insufficient Review Volume
77e4abfd739aed9c46480f90f81c0eb4,18,18,3736.99,355.21999999999997,0.09505511119912015,18.0,0.0,-14.832436342592594,0.0,18.0,4.777777777777778,0.0,0.0,False,Insufficient Review Volume
77fccaae319668a8ab6cd0fd16aec48c,11,12,1667.0,221.44,0.1328374325134973,11.0,0.0,-10.898638468013468,0.0,11.0,4.454545454545454,1.0,9.090909090909092,False,Insufficient Review Volume
7813ea3ebd9411dc600b4dd01f7a97b9,9,9,1599.4,146.59,0.09165311991996998,9.0,1.0,-9.24289223251029,11.11111111111111,9.0,3.888888888888889,2.0,22.22222222222222,False,Insufficient Review Volume
7816cd9c5b1238e320545f5bf7eb80e8,1,1,489.0,22.76,0.0465439672801636,1.0,0.0,-13.2021875,0.0,1.0,4.0,0.0,0.0,False,Insufficient Review Volume
781a66c0d89e30814d49fe8b5e14cd07,1,1,115.0,21.3,0.18521739130434783,1.0,1.0,10.651435185185186,100.0,1.0,1.0,1.0,100.0,False,Insufficient Review Volume
782f78b632a43875dd5b53e3e49c9564,2,3,146.01,41.56,0.2846380384905144,1.0,0.0,-13.412719907407407,0.0,2.0,3.0,1.0,50.0,False,Insufficient Review Volume
784ba75dd9d20200c4caed3d7a77141a,21,24,8295.13,629.8199999999999,0.07592647734273002,19.0,2.0,-8.466403508771931,10.526315789473683,21.0,3.8636363636363638,5.0,23.809523809523807,False,Insufficient Review Volume
78744a20ee2f80ba64f6804c25def2b8,6,6,2715.0,353.85,0.1303314917127072,6.0,1.0,-6.920208333333332,16.666666666666664,6.0,4.166666666666667,1.0,16.666666666666664,False,Insufficient Review Volume
78813699ffac347fe27dba345a5f1551,1,1,152.42,48.12,0.31570660018370295,1.0,0.0,-28.074814814814815,0.0,1.0,5.0,0.0,0.0,False,Insufficient Review Volume
788e857f317e53de488d393e65a80f45,11,11,1210.0,184.95000000000002,0.1528512396694215,11.0,0.0,-13.11110058922559,0.0,11.0,4.909090909090909,0.0,0.0,False,Insufficient Review Volume
788f22bafdd7ab0e1e79f19db72f16a4,2,2,125.80000000000001,26.240000000000002,0.20858505564387916,2.0,0.0,-5.17072337962963,0.0,2.0,4.5,0.0,0.0,False,Insufficient Review Volume
78a4d36f65a019172c6154468831a69f,7,7,1545.5,223.4,0.14454868974441928,7.0,1.0,-10.76633597883598,14.285714285714285,7.0,4.285714285714286,1.0,14.285714285714285,False,Insufficient Review Volume
78ba5933c21686d1c2f64669c8c459e7,2,2,191.8,20.770000000000003,0.10828988529718457,2.0,0.0,-13.456145833333334,0.0,2.0,4.333333333333333,0.0,0.0,False,Insufficient Review Volume
78c99c6dff4eeae5be99bf635ed21e3f,31,39,2030.88,664.89,0.3273900969038052,31.0,3.0,-9.802610887096774,9.67741935483871,31.0,4.419354838709677,3.0,9.67741935483871,True,High Revenue + High Experience
78ef7e885d17f35e2382a47aae8b8cce,3,3,388.0,65.44,0.168659793814433,3.0,0.0,-19.459309413580247,0.0,3.0,4.666666666666667,0.0,0.0,False,Insufficient Review Volume
7901646fdd36a55f564ffaf2dbccaaf7,22,27,11857.08,621.75,0.05243702496736127,22.0,3.0,-10.829266624579125,13.636363636363635,22.0,4.5,2.0,9.090909090909092,False,Insufficient Review Volume
791cfcfe22fe4a771ece27f90017da92,2,2,596.26,57.49,0.09641767014389696,1.0,1.0,5.793865740740741,100.0,2.0,1.5,2.0,100.0,False,Insufficient Review Volume
79565f7d5603b24ddf07ade262547f2f,8,8,385.0,109.07000000000001,0.2832987012987013,7.0,2.0,-10.515087632275131,28.57142857142857,8.0,4.0,2.0,25.0,False,Insufficient Review Volume
7957cac1a02f45d0a4a7e45626382ec2,1,1,343.0,21.64,0.06309037900874635,1.0,0.0,-1.2548263888888889,0.0,1.0,4.0,0.0,0.0,False,Insufficient Review Volume
7963e546f34e098b578f9ad102494601,1,1,60.99,21.23,0.3480898507952123,1.0,0.0,-7.089247685185185,0.0,1.0,5.0,0.0,0.0,False,Insufficient Review Volume
7994081388d55b9cf976c050653dd359,2,6,1020.0,89.65,0.08789215686274511,1.0,0.0,-19.426006944444445,0.0,2.0,3.0,1.0,50.0,False,Insufficient Review Volume
7994b065a7ffb14e71c6312cf87b9de2,5,7,453.0,144.34,0.31863134657836645,5.0,0.0,-21.657115740740743,0.0,5.0,5.0,0.0,0.0,False,Insufficient Review Volume
79a679c36c08d606b3fd47ead9de109b,3,7,935.0,137.22,0.14675935828877004,3.0,1.0,-3.6759066358024692,33.33333333333333,3.0,2.0,2.0,66.66666666666666,False,Insufficient Review Volume
79b93a308a97792cf53ac75f46da00b5,1,1,99.9,16.14,0.16156156156156157,1.0,0.0,-2.063298611111111,0.0,1.0,5.0,0.0,0.0,False,Insufficient Review Volume
79ebd9a61bac3eaf882805ed4ecfa12a,136,143,15092.79,4012.35,0.26584547986157625,133.0,8.0,-11.617387740183792,6.015037593984962,136.0,4.043478260869565,19.0,13.970588235294118,True,High Revenue + Lower Experience
79ed755314cfe6df0daef2c6cd3022cd,23,25,3907.5,459.16,0.11750735764555342,23.0,0.0,-12.984510869565218,0.0,22.0,4.7272727272727275,0.0,0.0,False,Insufficient Review Volume
79ee721b6f766066a80264402548d359,2,2,538.0,30.36,0.05643122676579926,,,,,2.0,1.0,2.0,100.0,False,Insufficient Review Volume
7a073a40a9d3f1fee8bc45670ea1e909,1,1,95.0,17.78,0.1871578947368421,,,,,1.0,1.0,1.0,100.0,False,Insufficient Review Volume
7a188843479798ca813108fa7b959286,1,3,149.7,26.160000000000004,0.17474949899799602,,,,,1.0,1.0,1.0,100.0,False,Insufficient Review Volume
7a241947449cc45dbfda4f9d0798d9d0,62,72,8027.63,1990.47,0.24795238445219822,56.0,4.0,-12.884551091269842,7.142857142857142,61.0,3.8688524590163933,11.0,18.0327868852459,True,High Revenue + Lower Experience
7a2d2949aea47fab95fd98d6c9f618b1,11,12,1638.99,211.24,0.12888425188683275,11.0,0.0,-16.922008627946127,0.0,11.0,4.2727272727272725,1.0,9.090909090909092,False,Insufficient Review Volume
7a425d299613df3e613bcf9d2eaf5c49,18,18,1218.8,286.67,0.235206760748277,18.0,1.0,-11.406756687242797,5.555555555555555,18.0,4.111111111111111,3.0,16.666666666666664,False,Insufficient Review Volume
7a67c85e85bb2ce8582c35f2203ad736,1160,1171,141745.53,20902.85,0.14746743689201344,1145.0,68.0,-11.146678432799611,5.93886462882096,1151.0,4.244155844155844,123.0,10.686359687228498,True,High Revenue + High Experience
7a704e63bb29c446869efde5d57524c8,1,1,94.49,15.41,0.1630860408508837,1.0,0.0,-18.889918981481483,0.0,1.0,5.0,0.0,0.0,False,Insufficient Review Volume
7a91bf945c6fae0779f1c61ce97fe45c,5,5,799.5,82.57,0.10327704815509693,4.0,1.0,16.88870659722222,25.0,5.0,3.8,1.0,20.0,False,Insufficient Review Volume
7a9c12e235c36247c3c81f50d6ea9cea,5,5,983.9,115.69,0.11758308771216587,5.0,0.0,-27.9035625,0.0,5.0,4.6,0.0,0.0,False,Insufficient Review Volume
7aa4334be125fcdd2ba64b3180029f14,217,240,16234.81,4368.52,0.26908353100529053,214.0,29.0,-8.72614091164763,13.551401869158877,215.0,4.102325581395349,32.0,14.883720930232558,True,High Revenue + Lower Experience
7aa538dd6e114e503a2e6154ea352253,5,5,1016.6800000000001,101.92,0.10024786560176259,5.0,0.0,-10.824868055555555,0.0,5.0,4.4,0.0,0.0,False,Insufficient Review Volume
7ab0dd5487bab2dc835337b244f689fb,1,1,12.5,10.96,0.8768,1.0,0.0,-16.505335648148147,0.0,1.0,5.0,0.0,0.0,False,Insufficient Review Volume
7ad32824caee82087b3e2e5f33b1bf32,151,184,22505.1,3545.22,0.1575296266179666,147.0,21.0,-9.356880511463844,14.285714285714285,148.0,3.8378378378378377,30.0,20.27027027027027,True,High Revenue + Lower Experience
7ad41305e96a6cab8294cd65891e9a86,2,2,180.0,57.6,0.32,2.0,0.0,-14.389837962962964,0.0,2.0,5.0,0.0,0.0,False,Insufficient Review Volume
7adbd3210a7b3cc2235e225eef33574d,3,3,131.9,72.96,0.5531463229719483,3.0,0.0,-15.405895061728396,0.0,3.0,4.666666666666667,0.0,0.0,False,Insufficient Review Volume
7ade73f1b9b4e965f9009a4c3a7e2c15,27,28,1880.3000000000002,457.87,0.24350901451895973,26.0,0.0,-12.322436787749288,0.0,26.0,4.769230769230769,0.0,0.0,False,Insufficient Review Volume
7b07b3c7487f0ea825fc6df75abd658b,93,98,9731.85,1342.79,0.13797890431932264,91.0,4.0,-10.323118894993895,4.395604395604396,93.0,4.354838709677419,11.0,11.827956989247312,True,High Revenue + High Experience
7b0df942f46435babab05d49b744b2c4,32,32,22600.63,672.15,0.029740321398120315,32.0,3.0,-10.23301685474537,9.375,31.0,4.387096774193548,2.0,6.451612903225806,True,High Revenue + High Experience
7b1222c3624aa89b9558b50a2594188c,22,22,10103.52,457.57,0.045288176793830265,22.0,3.0,-12.326312079124579,13.636363636363635,22.0,4.454545454545454,2.0,9.090909090909092,False,Insufficient Review Volume
7b3447b497e55af8c15fc7bd89d7b81a,1,1,49.9,20.75,0.41583166332665333,1.0,0.0,-12.07638888888889,0.0,1.0,5.0,0.0,0.0,False,Insufficient Review Volume
7b3f6ce5c6c22e9b96e7581ebf0df6e1,1,1,29.8,12.69,0.4258389261744966,1.0,0.0,-14.255243055555555,0.0,1.0,3.0,0.0,0.0,False,Insufficient Review Volume
7b7ed56ae755e2880f2b69632e839c1e,5,5,321.5,135.1,0.4202177293934681,5.0,1.0,-4.336277777777778,20.0,5.0,4.2,0.0,0.0,False,Insufficient Review Volume
7b7f91e98f8c6def45a1407923304402,11,14,417.47,203.01999999999998,0.4863103935612139,11.0,1.0,-9.227801978114478,9.090909090909092,11.0,4.181818181818182,2.0,18.181818181818183,False,Insufficient Review Volume
7b8e8ec35bad4b0ef7e3963650b0a87b,5,5,2244.2799999999997,372.02,0.1657636302065696,5.0,1.0,0.10056712962963026,20.0,5.0,4.8,0.0,0.0,False,Insufficient Review Volume
7b98de631987e26dd6d803490c43a13c,8,8,634.2,144.43,0.22773573005361084,8.0,0.0,-11.796549479166666,0.0,8.0,4.625,0.0,0.0,False,Insufficient Review Volume
7bac63f6603d382cc8d0832eb6c100a8,19,19,7751.95,362.65,0.04678177748824489,19.0,3.0,-4.763737816764132,15.789473684210526,19.0,4.0,2.0,10.526315789473683,False,Insufficient Review Volume
7bb8fac2913a6064ec412e583c6d8b4d,1,1,109.0,16.52,0.15155963302752293,1.0,0.0,-22.53439814814815,0.0,1.0,5.0,0.0,0.0,False,Insufficient Review Volume
7bcd7c5f8631701474db233ccf1c094b,11,11,666.0,194.94,0.2927027027027027,8.0,1.0,-11.906885127314816,12.5,11.0,3.6363636363636362,2.0,18.181818181818183,False,Insufficient Review Volume
7c1fea10b5b006671d608b1d7c446ec4,14,14,423.59999999999997,224.15,0.5291548630783759,14.0,1.0,-10.085941633597884,7.142857142857142,14.0,4.0,2.0,14.285714285714285,False,Insufficient Review Volume
7c4402417d51474d4d0cda9557340e40,1,1,119.9,27.69,0.23094245204336947,1.0,0.0,-27.189189814814814,0.0,1.0,5.0,0.0,0.0,False,Insufficient Review Volume
7c4618c82226628831613e95e9c22f44,13,13,333.92999999999995,165.54,0.4957326385769473,13.0,2.0,-7.111040776353277,15.384615384615385,13.0,4.076923076923077,2.0,15.384615384615385,False,Insufficient Review Volume
7c462184585ae80bd6e5774c62ce50f2,1,2,60.0,17.64,0.294,1.0,1.0,8.568425925925926,100.0,1.0,3.0,0.0,0.0,False,Insufficient Review Volume
7c4adcc13272c0e26fa23aac642adb7b,2,2,135.0,30.630000000000003,0.22688888888888892,2.0,1.0,-6.000538194444445,50.0,2.0,3.0,1.0,50.0,False,Insufficient Review Volume
7c51de0ab286204ce75ff42bf7c10d92,4,4,759.0,149.64,0.19715415019762844,4.0,0.0,-15.399039351851851,0.0,4.0,4.5,0.0,0.0,False,Insufficient Review Volume
7c5b05cbdb5542049f38d90d7815b97d,22,24,1038.96,306.5,0.295006545006545,21.0,1.0,-11.344690806878308,4.761904761904762,22.0,4.363636363636363,3.0,13.636363636363635,False,Insufficient Review Volume
7c67e1448b00f6e969d365cea6b010ab,982,1364,187923.89,51612.55,0.27464602824047546,973.0,98.0,-10.691665263027673,10.071942446043165,976.0,3.488798370672098,253.0,25.922131147540984,True,High Revenue + Lower Experience
7c9130f5f3729edd32aa059141d92484,3,4,126.0,67.15,0.5329365079365079,3.0,0.0,-13.536828703703703,0.0,3.0,3.3333333333333335,1.0,33.33333333333333,False,Insufficient Review Volume
7caa63f175b1cecbfaadd8b5ab9998c7,2,2,39.8,20.53,0.5158291457286432,1.0,0.0,-21.13341435185185,0.0,2.0,2.0,1.0,50.0,False,Insufficient Review Volume
7cb946b1ad19faebe28c3e86c2794ec3,1,1,25.0,15.1,0.604,1.0,0.0,-2.9725810185185186,0.0,1.0,5.0,0.0,0.0,False,Insufficient Review Volume
7cf4ea70955b00d6b3c22542598e2715,1,1,189.9,14.91,0.07851500789889415,1.0,0.0,-10.31349537037037,0.0,1.0,5.0,0.0,0.0,False,Insufficient Review Volume
7d13fca15225358621be4086e1eb0964,565,578,113628.97,8632.05,0.07596698271576341,558.0,68.0,-10.172527918823842,12.186379928315413,561.0,4.024955436720143,98.0,17.46880570409982,True,High Revenue + Lower Experience
7d294cf9a6a69dc6a0c3e540fff0e039,5,5,257.25,194.13,0.7546355685131195,5.0,0.0,-17.07190277777778,0.0,5.0,4.4,0.0,0.0,False,Insufficient Review Volume
7d456afc660226829370f3173d14520c,56,91,8338.25,1519.6200000000001,0.18224687434413697,55.0,3.0,-12.368926346801347,5.454545454545454,56.0,4.368421052631579,5.0,8.928571428571429,True,High Revenue + High Experience
7d484ca289afaac6bf5fc6a1e96d2226,2,2,183.2,65.22,0.3560043668122271,2.0,1.0,-1.6479050925925929,50.0,2.0,4.0,0.0,0.0,False,Insufficient Review Volume
7d76b645482be4a332374e8223836592,176,187,3843.93,2587.61,0.6731678256367832,172.0,20.0,-8.328849456287683,11.627906976744185,174.0,3.9597701149425286,26.0,14.942528735632186,True,High Revenue + Lower Experience
7d7866a99a8656a42c7ff6352a433410,5,5,147.89,59.49,0.4022584353235513,5.0,0.0,-7.45038888888889,0.0,5.0,4.4,0.0,0.0,False,Insufficient Review Volume
7d7d2b7a51328016102d4528c411d630,7,7,918.8,180.05,0.19596212451023076,7.0,1.0,-8.437347883597884,14.285714285714285,7.0,4.142857142857143,1.0,14.285714285714285,False,Insufficient Review Volume
7d81e74a4755b552267cd5e081563028,1,1,32.5,7.49,0.23046153846153847,1.0,0.0,-5.226967592592593,0.0,1.0,4.0,0.0,0.0,False,Insufficient Review Volume
7d948535954aaf8c5d39db007f74372e,4,4,194.0,43.8,0.22577319587628863,4.0,0.0,-8.551400462962963,0.0,4.0,3.75,1.0,25.0,False,Insufficient Review Volume
7daca0837f033a41a6f3428c18657533,7,7,1228.98,168.16,0.13682891503523245,7.0,2.0,-4.736638558201058,28.57142857142857,7.0,3.5714285714285716,2.0,28.57142857142857,False,Insufficient Review Volume
7dc8c42cc750eeafea6c85712ffee9bf,41,50,6409.68,1035.41,0.1615384855406198,41.0,2.0,-13.14279132791328,4.878048780487805,41.0,4.195121951219512,5.0,12.195121951219512,True,High Revenue + High Experience
7dc9a3355bae96dd82008b313d3a456c,1,1,899.0,50.62,0.056307007786429365,1.0,0.0,-13.192465277777778,0.0,1.0,5.0,0.0,0.0,False,Insufficient Review Volume
7ddcbb64b5bc1ef36ca8c151f6ec77df,334,343,55578.57,7946.72,0.1429817283891975,325.0,28.0,-9.354411324786325,8.615384615384615,331.0,3.9518072289156625,57.0,17.220543806646525,True,High Revenue + Lower Experience
7dea6f73af847b42cc3985bd620f994d,2,2,324.0,56.17,0.1733641975308642,2.0,0.0,-10.681782407407407,0.0,2.0,4.0,0.0,0.0,False,Insufficient Review Volume
7df1fc11cc5cbc518b39faa60cf5d67c,5,5,1037.6,134.36,0.12949113338473403,5.0,0.0,-12.873347222222222,0.0,5.0,4.2,1.0,20.0,False,Insufficient Review Volume
7e1fb0a3ebfb01ffb3a7dae98bf3238d,159,174,27349.53,2986.4,0.10919383258140086,155.0,20.0,-9.955946983273597,12.903225806451612,157.0,4.159235668789809,18.0,11.464968152866243,True,High Revenue + High Experience
7e26c750b4cb9f6766f58265ff9ebe95,23,27,1344.3,388.88,0.28928066651789036,23.0,0.0,-13.094849537037035,0.0,23.0,4.434782608695652,1.0,4.3478260869565215,False,Insufficient Review Volume
7e3dde9ffba72d5340f9aaf09b4424be,1,1,220.0,22.03,0.10013636363636365,,,,,1.0,1.0,1.0,100.0,False,Insufficient Review Volume
7e3f87d16fb353f408d467e74fbd8014,92,94,4754.99,1438.71,0.3025684596602727,91.0,11.0,-9.720249923687424,12.087912087912088,92.0,4.130434782608695,11.0,11.956521739130435,True,High Revenue + Lower Experience
7e79d65b5c6f1f544b7daea036acf720,4,4,517.8,62.09,0.11991116261104676,4.0,0.0,-14.068657407407407,0.0,4.0,4.5,0.0,0.0,False,Insufficient Review Volume
7e93a43ef30c4f03f38b393420bc753a,336,340,176431.87,6322.18,0.0358335486666893,319.0,18.0,-11.531376879426448,5.6426332288401255,335.0,4.214925373134329,40.0,11.940298507462686,True,High Revenue + High Experience
7e959205cebc10adefcb331f934238a4,2,2,513.9000000000001,32.65,0.06353376143218524,,,,,2.0,1.0,2.0,100.0,False,Insufficient Review Volume
7ea5bfa6c340f58f8e71fc1f0412b0d6,98,104,11002.89,1660.99,0.1509594297498203,96.0,7.0,-9.35634090470679,7.291666666666667,97.0,4.123711340206185,11.0,11.34020618556701,True,High Revenue + Lower Experience
7ecd59e5e20407131822c1a68ac59c1f,24,29,1466.71,587.8100000000001,0.4007677045905462,24.0,4.0,-11.292422357253086,16.666666666666664,24.0,4.416666666666667,2.0,8.333333333333332,False,Insufficient Review Volume
7ecef8194babfec876ca720714327841,7,8,990.5,123.76,0.1249469964664311,7.0,1.0,-7.456625330687831,14.285714285714285,7.0,4.285714285714286,0.0,0.0,False,Insufficient Review Volume
7f02656561b680def9986c0795a8a080,2,2,84.0,27.83,0.3313095238095238,1.0,0.0,-9.269328703703703,0.0,2.0,3.0,1.0,50.0,False,Insufficient Review Volume
7f152321c60a266edc53af1925ef96c1,20,20,3919.8,552.12,0.14085412521046992,20.0,6.0,-5.614539351851851,30.0,20.0,3.8,5.0,25.0,False,Insufficient Review Volume
7f2617c58d5d06806987308b45654351,22,23,3656.8,326.47,0.08927751039159922,22.0,2.0,-8.53701914983165,9.090909090909092,22.0,3.8181818181818183,3.0,13.636363636363635,False,Insufficient Review Volume
7f35f9daf223da737b78738fbae4d977,5,5,252.0,101.01,0.4008333333333334,5.0,0.0,-19.148115740740742,0.0,5.0,4.0,1.0,20.0,False,Insufficient Review Volume
7f40d06aa0b5f1aa4f41af8c0480e2ef,6,6,1309.94,125.67999999999999,0.09594332564850297,6.0,1.0,-9.496554783950618,16.666666666666664,6.0,4.833333333333333,0.0,0.0,False,Insufficient Review Volume
7f5e4d5efad7e44b91115dd1decb65f3,3,9,179.9,77.42,0.43035019455252915,3.0,0.0,-9.853707561728395,0.0,3.0,5.0,0.0,0.0,False,Insufficient Review Volume
7f7b8245c336066a1f9933c359f11d77,38,43,2094.36,535.87,0.2558633663744533,38.0,1.0,-11.40073617202729,2.631578947368421,38.0,4.552631578947368,3.0,7.894736842105263,True,High Revenue + High Experience
7fc87cc3e89b3d1d5cabdca32f8485aa,14,14,2153.9,681.92,0.31659779934073073,14.0,4.0,-8.234106316137566,28.57142857142857,14.0,3.5714285714285716,4.0,28.57142857142857,False,Insufficient Review Volume
7fdb0720c8d7c9075538b365dc8c3a22,9,10,1804.0,484.31,0.2684645232815965,9.0,1.0,-14.106468621399177,11.11111111111111,9.0,2.4444444444444446,5.0,55.55555555555556,False,Insufficient Review Volume
7fe21dd00d2f4943ae09525efa2fd674,4,4,299.6,57.36,0.19145527369826434,2.0,0.0,-11.382019675925926,0.0,4.0,3.0,2.0,50.0,False,Insufficient Review Volume
7ff588a03c2aeae4fbd23f9ae64b760d,14,16,1182.2,221.18,0.1870918626289968,14.0,0.0,-8.943361441798942,0.0,14.0,4.642857142857143,1.0,7.142857142857142,False,Insufficient Review Volume
800214c63934acd05d47e84214db8ba8,4,4,259.6,61.74,0.23782742681047764,3.0,0.0,-14.285478395061729,0.0,4.0,5.0,0.0,0.0,False,Insufficient Review Volume
80146bc52c4f6af5239b23de2a20262b,1,2,27.1,49.68,1.8332103321033208,,,,,1.0,3.0,0.0,0.0,False,Insufficient Review Volume
804287717b9156fb7a787acd9af4fac1,1,1,18.8,15.1,0.803191489361702,1.0,0.0,-26.351412037037036,0.0,1.0,5.0,0.0,0.0,False,Insufficient Review Volume
8060d731897e33b5c5ae575ce1e209e1,5,5,199.5,91.45,0.45839598997493736,5.0,0.0,-16.25399537037037,0.0,5.0,4.8,0.0,0.0,False,Insufficient Review Volume
808d4348b916efa08e766ebad39f61eb,21,21,731.1,283.82,0.3882095472575571,20.0,1.0,-8.556380208333334,5.0,21.0,4.428571428571429,2.0,9.523809523809524,False,Insufficient Review Volume
8090490573c6c0aa343a7231ebcb8c86,26,26,3871.1200000000003,426.91,0.11028074562400546,26.0,2.0,-10.748686787749287,7.6923076923076925,26.0,4.1923076923076925,3.0,11.538461538461538,False,Insufficient Review Volume
809413606dbfe5deefd2db646693ef67,3,5,196.68,50.37,0.2561012812690665,3.0,0.0,-7.14895061728395,0.0,3.0,4.333333333333333,0.0,0.0,False,Insufficient Review Volume
80ceebb4ee9b31afb6c6a916a574a1e2,1,1,6729.0,193.21,0.028713033140139694,1.0,1.0,5.62349537037037,100.0,,,,,False,Insufficient Review Volume
80cfd480be3eb6d6267139f5cb793555,1,1,99.9,26.44,0.26466466466466465,1.0,0.0,-26.305393518518517,0.0,1.0,4.0,0.0,0.0,False,Insufficient Review Volume
80e6699fe29150b372a0c8a1ebf7dcc8,98,100,11441.56,2713.34,0.23714773160303318,96.0,4.0,-15.397172550154322,4.166666666666666,97.0,4.278350515463917,10.0,10.309278350515463,True,High Revenue + High Experience
80f2cf9abf6b5a0e5c612b5eea6646e6,7,7,766.08,288.7,0.3768535923141186,6.0,1.0,-8.12059799382716,16.666666666666664,7.0,4.428571428571429,1.0,14.285714285714285,False,Insufficient Review Volume
8132b9bd16876e1b0f8808d43825dd48,2,3,727.9,41.04,0.05638137106745432,1.0,0.0,-15.424479166666666,0.0,2.0,3.0,1.0,50.0,False,Insufficient Review Volume
813348c996469b40f2e028d5429d3495,179,202,11205.83,3594.6,0.3207794514105604,172.0,9.0,-9.974609442291127,5.232558139534884,175.0,4.057142857142857,26.0,14.857142857142858,True,High Revenue + Lower Experience
81336a0f57a33776419727a300249e90,16,19,1374.8500000000001,296.03,0.21531803469469393,15.0,3.0,-7.722090277777778,20.0,16.0,3.875,3.0,18.75,False,Insufficient Review Volume
8160255418d5aaa7dbdc9f4c64ebda44,385,431,47017.69,7853.81,0.16703946961239483,380.0,63.0,-7.421747197855751,16.57894736842105,381.0,3.9427083333333335,66.0,17.322834645669293,True,High Revenue + Lower Experience
817245bcc3badd82bbd222e0366951a6,29,45,5580.5,722.58,0.1294830212346564,28.0,1.0,-11.694945849867725,3.571428571428571,28.0,4.0,3.0,10.714285714285714,False,Insufficient Review Volume
81783131d2a97c8d44d406a4be81b5d9,13,15,1782.54,195.04,0.10941689948051657,8.0,1.0,-8.573456307870371,12.5,12.0,3.5,4.0,33.33333333333333,False,Insufficient Review Volume
817f85dbb65aa3e70831d90fe75cdf89,11,11,1552.27,231.62,0.1492137321471136,11.0,0.0,-24.933354377104376,0.0,11.0,4.545454545454546,0.0,0.0,False,Insufficient Review Volume
8185694b58b2ba6de20fd41ae608bbea,8,8,1372.3,230.26999999999998,0.1677985863149457,8.0,0.0,-10.069923321759259,0.0,8.0,4.5,0.0,0.0,False,Insufficient Review Volume
818d28f936e791926d33bcb6ee94ef79,5,5,139.5,77.2,0.5534050179211469,4.0,0.0,-20.353579282407406,0.0,3.0,4.0,0.0,0.0,False,Insufficient Review Volume
81a1104df0f08b59c68aa5b03cfe398e,73,73,9420.880000000001,1814.3899999999999,0.19259241174922084,72.0,4.0,-13.038743730709875,5.555555555555555,71.0,4.267605633802817,6.0,8.450704225352112,True,High Revenue + High Experience
81ed90f07c0bacb7594940ba2ef676aa,2,2,223.9,33.56,0.14988834301027246,2.0,0.0,-6.06578125,0.0,2.0,4.5,0.0,0.0,False,Insufficient Review Volume
81f89e42267213cb94da7ddc301651da,46,52,3955.0,766.18,0.19372439949431097,46.0,0.0,-8.958786735104669,0.0,46.0,3.6739130434782608,10.0,21.73913043478261,True,High Revenue + Lower Experience
820c7c9eaf76d2b226b6c242bcf3f34d,1,1,559.0,18.0,0.03220035778175313,1.0,0.0,-20.50857638888889,0.0,1.0,4.0,0.0,0.0,False,Insufficient Review Volume
820cc752a266cdc6c1a1e61dd4583330,15,15,2802.7999999999997,275.97,0.09846225203368063,15.0,2.0,-11.039551697530865,13.333333333333334,15.0,4.133333333333334,1.0,6.666666666666667,False,Insufficient Review Volume
821fb029fc6e495ca4f08a35d51e53a5,28,29,19187.42,1552.83,0.0809295882406285,24.0,9.0,-3.612563657407408,37.5,27.0,3.4074074074074074,9.0,33.33333333333333,False,Insufficient Review Volume
822166ed1e47908f7cfb49946d03c726,69,108,3714.83,1821.12,0.49022970095536,69.0,1.0,-12.52153968733226,1.4492753623188406,68.0,4.0,13.0,19.11764705882353,True,High Revenue + Lower Experience
822b63912576852aea9a8436d72317b7,8,9,4905.6900000000005,191.38,0.03901184135157337,6.0,0.0,-25.069029706790122,0.0,8.0,3.875,2.0,25.0,False,Insufficient Review Volume
822bad9bc42b51213ba522fe87b7ab5d,18,18,5160.0,527.34,0.10219767441860465,18.0,5.0,-3.7743891460905354,27.77777777777778,18.0,4.111111111111111,2.0,11.11111111111111,False,Insufficient Review Volume
827f8f69dfa529c561901c4f2e0f332f,91,104,3408.39,1595.57,0.46813011421814993,91.0,9.0,-9.703123855311356,9.89010989010989,89.0,4.277777777777778,10.0,11.235955056179774,True,High Revenue + High Experience
82921991ff5b557b045605b8bbf08d49,1,1,18.9,18.23,0.9645502645502646,1.0,0.0,-12.09962962962963,0.0,1.0,5.0,0.0,0.0,False,Insufficient Review Volume
82bd0703a4aefd6b599e5bfdaed378fb,21,24,2692.28,392.56,0.1458094997548546,20.0,1.0,-19.395366898148147,5.0,21.0,3.772727272727273,5.0,23.809523809523807,False,Insufficient Review Volume
82cb9f452fe8334df74b22d37824b431,14,18,838.2,317.06,0.37826294440467667,14.0,0.0,-17.850591931216933,0.0,14.0,4.714285714285714,0.0,0.0,False,Insufficient Review Volume
82e0a475a88cc9595229d8029273f045,42,80,10930.02,1485.9,0.13594668628236728,41.0,4.0,-7.631967874887081,9.75609756097561,42.0,3.522727272727273,14.0,33.33333333333333,True,High Revenue + Lower Experience
830379336fad8c6f3b15a4a3ddb5c66e,2,4,268.0,170.38,0.6357462686567164,2.0,0.0,-13.780225694444443,0.0,2.0,4.5,0.0,0.0,False,Insufficient Review Volume
83353a83fd769dfafa4f21a72b15e3e5,5,5,579.5,94.83,0.16364106988783433,5.0,1.0,-8.099787037037038,20.0,5.0,3.8,1.0,20.0,False,Insufficient Review Volume
834f3294fba9f932f56edc879193f925,66,66,39907.5,4299.92,0.10774716531980204,66.0,4.0,-8.804236987934903,6.0606060606060606,66.0,4.545454545454546,3.0,4.545454545454546,True,High Revenue + High Experience
834f8533b2ecb6598dd004ff3de7203a,43,47,4538.29,958.02,0.21109713129835245,41.0,6.0,-6.615783931797652,14.634146341463413,43.0,3.847826086956522,9.0,20.930232558139537,True,High Revenue + Lower Experience
835f0f7810c76831d6c7d24c7a646d4d,44,50,5130.0,964.03,0.18792007797270954,42.0,13.0,-5.205623070987654,30.952380952380953,44.0,3.340909090909091,14.0,31.818181818181817,True,High Revenue + Lower Experience
83645b1645cdee8953ee54c29ceed564,14,14,978.9,266.2,0.2719378894677699,14.0,0.0,-13.246287202380953,0.0,14.0,4.428571428571429,0.0,0.0,False,Insufficient Review Volume
8378eb36b6b70c5734e83ad7b8cdc3b7,7,13,1714.8,241.87,0.14104851877770003,7.0,1.0,-12.682829034391535,14.285714285714285,7.0,3.857142857142857,2.0,28.57142857142857,False,Insufficient Review Volume
83a75eea11694e36e56dd0cb2240229a,3,3,487.0,42.47,0.08720739219712526,3.0,0.0,-13.87815200617284,0.0,3.0,5.0,0.0,0.0,False,Insufficient Review Volume
83b08de96980757220871b31bf6cffca,5,7,1304.17,454.21,0.348275148178535,5.0,2.0,-2.723226851851852,40.0,5.0,4.0,1.0,20.0,False,Insufficient Review Volume
83c465a786b06574376909b35ef6752a,3,3,281.4,49.06,0.17434257285003557,3.0,0.0,-20.955069444444444,0.0,3.0,5.0,0.0,0.0,False,Insufficient Review Volume
83c8aafbefb034674a70de0eac5b8954,2,2,134.9,50.97,0.3778354336545589,2.0,0.0,-15.757881944444446,0.0,2.0,5.0,0.0,0.0,False,Insufficient Review Volume
83d458c0d6d4f94295d63f091460bd60,1,1,89.9,15.84,0.17619577308120132,,,,,1.0,5.0,0.0,0.0,False,Insufficient Review Volume
83d7070a0b9a8b4625fa8682b819fabb,2,2,694.77,127.63,0.1837010809332585,,,,,2.0,1.0,2.0,100.0,False,Insufficient Review Volume
83deb69e889cf80f82be1dc6d5f2d486,40,42,5363.01,913.64,0.17035955554809704,40.0,2.0,-11.152456597222223,5.0,40.0,4.325,6.0,15.0,True,High Revenue + High Experience
83e197e95a1bbabc8c75e883ed016c47,47,55,6693.6900000000005,986.37,0.14735818360276617,46.0,1.0,-13.537569444444443,2.1739130434782608,47.0,4.808510638297872,1.0,2.127659574468085,True,High Revenue + High Experience
83f2b4881141ce3fcd4e985125d3279e,3,3,60.7,40.68,0.6701812191103789,3.0,1.0,-2.496261574074074,33.33333333333333,3.0,5.0,0.0,0.0,False,Insufficient Review Volume
8444e55c1f13cd5c179851e5ca5ebd00,99,109,22873.21,2078.06,0.09085126224084858,92.0,6.0,-21.862584163647345,6.521739130434782,99.0,3.2626262626262625,35.0,35.35353535353536,True,High Revenue + Lower Experience
845e8036c3f7bf62099352f5ed910240,21,24,1584.6000000000001,460.64,0.29069796794143626,21.0,0.0,-12.891038359788359,0.0,21.0,3.9523809523809526,5.0,23.809523809523807,False,Insufficient Review Volume
8476243f92442881ddd5b578975cf115,12,12,7838.0,275.03,0.035089308497065576,12.0,1.0,-6.900901813271605,8.333333333333332,12.0,4.083333333333333,2.0,16.666666666666664,False,Insufficient Review Volume
84c945f15571830c1a91a33978e94009,2,2,51.98,26.060000000000002,0.501346671796845,2.0,0.0,-14.884733796296297,0.0,2.0,4.5,0.0,0.0,False,Insufficient Review Volume
84deb808079d1be601c209c1e771b1cc,2,2,34.93,23.21,0.6644718007443459,2.0,0.0,-10.78103587962963,0.0,2.0,5.0,0.0,0.0,False,Insufficient Review Volume
8501d82f68d23148b6d78bb7c4a42037,1,1,19.7,10.96,0.5563451776649747,,,,,1.0,1.0,1.0,100.0,False,Insufficient Review Volume
85044848b1b767db2a4a58526adef4b4,4,4,240.60000000000002,64.91,0.26978387364921025,4.0,0.0,-11.27144386574074,0.0,4.0,3.25,1.0,25.0,False,Insufficient Review Volume
850857dfac77488c307e2b1cbd84ab5a,1,1,1599.0,39.72,0.024840525328330205,1.0,0.0,-25.19550925925926,0.0,1.0,5.0,0.0,0.0,False,Insufficient Review Volume
850913d59ce317156b00f3705f1c3edb,32,34,2690.0,580.96,0.21597026022304833,29.0,5.0,-6.131736909323116,17.24137931034483,32.0,3.4375,11.0,34.375,True,High Revenue + Lower Experience
850f4f8af5ea87287ac68de36e29107f,187,192,45355.36,3114.41,0.06866685657439385,186.0,12.0,-14.059486509358821,6.451612903225806,184.0,4.293478260869565,17.0,9.239130434782608,True,High Revenue + High Experience
851773c885feb5e2da3b4f82bc2b17ce,10,10,585.3,251.82999999999998,0.430257987356911,10.0,2.0,-7.793101851851851,20.0,10.0,4.2,1.0,10.0,False,Insufficient Review Volume
855668e0971d4dfd7bef1b6a4133b41b,312,327,32208.16,7797.2,0.24208771938539797,300.0,42.0,-8.321978317901234,14.000000000000002,307.0,3.779935275080906,70.0,22.80130293159609,True,High Revenue + Lower Experience
8581055ce74af1daba164fdbd55a40de,387,435,64925.3,9659.0,0.14877097217879623,379.0,38.0,-8.302268610133881,10.026385224274406,386.0,4.262755102040816,43.0,11.139896373056994,True,High Revenue + High Experience
85cc55e048b6bcc90c75afe7f0e72f72,9,9,308.28,193.48,0.6276112624886467,9.0,2.0,-8.594420010288067,22.22222222222222,9.0,4.444444444444445,1.0,11.11111111111111,False,Insufficient Review Volume
85d9eb9ddc5d00ca9336a2219c97bb13,509,522,15415.24,8614.34,0.55881971347835,499.0,18.0,-15.033741116492244,3.6072144288577155,506.0,4.18467583497053,53.0,10.474308300395258,True,High Revenue + High Experience
85e7c62c1d6ea078c3897424f867a7c8,2,2,60.0,27.7,0.46166666666666667,2.0,0.0,-19.887552083333333,0.0,2.0,4.5,0.0,0.0,False,Insufficient Review Volume
85ecf03781da592876b7844acc1b729f,2,2,251.0,43.9,0.1749003984063745,2.0,1.0,0.3337789351851854,50.0,2.0,4.5,0.0,0.0,False,Insufficient Review Volume
8602a61d680a10a82cceeeda0d99ea3d,17,19,826.99,252.91,0.3058199010870748,17.0,1.0,-10.63447644335512,5.88235294117647,17.0,4.411764705882353,2.0,11.76470588235294,False,Insufficient Review Volume
8603f0038fe0e52fedd3382d266723de,10,10,2355.0,490.12,0.20811889596602973,10.0,0.0,-11.1486875,0.0,10.0,4.4,1.0,10.0,False,Insufficient Review Volume
8629a7efec1aab257e58cda559f03ba7,1,1,45.22,18.89,0.4177355152587351,1.0,1.0,33.807858796296294,100.0,1.0,1.0,1.0,100.0,False,Insufficient Review Volume
8629c241b3622ac12cd4118afdc8d394,13,13,1167.66,334.36,0.28635047873524827,13.0,1.0,-13.276194800569801,7.6923076923076925,13.0,4.076923076923077,2.0,15.384615384615385,False,Insufficient Review Volume
863d2ebcd347ce4922de7a0f9a5581d6,18,19,1382.36,308.81,0.22339332735322204,17.0,3.0,-9.736254765795207,17.647058823529413,18.0,3.888888888888889,3.0,16.666666666666664,False,Insufficient Review Volume
8648b1e89e9b349e32d3741b30ec737e,95,103,7442.55,1503.5,0.2020140946315443,93.0,10.0,-11.227437275985663,10.75268817204301,95.0,4.103092783505154,15.0,15.789473684210526,True,High Revenue + Lower Experience
86649b1632b1c0e6c0bcb2c90a8b75d8,1,1,59.99,17.67,0.29454909151525255,,,,,1.0,1.0,1.0,100.0,False,Insufficient Review Volume
866558b3bccef2dbc6d29a2b5995016f,5,6,1519.3999999999999,351.35,0.23124259576148484,5.0,0.0,-12.199722222222222,0.0,5.0,4.8,0.0,0.0,False,Insufficient Review Volume
86bb7c4b535e49a541baf3266b1c95b1,16,16,8162.4,324.82,0.039794668234832895,16.0,3.0,-11.103603153935184,18.75,15.0,3.2,6.0,40.0,False,Insufficient Review Volume
86bf77bdb52e615674772d5817c6212f,4,5,281.8,97.58,0.34627395315826826,4.0,0.0,-12.917818287037036,0.0,4.0,4.75,0.0,0.0,False,Insufficient Review Volume
86ccac0b835037332a596a33b6949ee1,180,210,16619.93,3968.67,0.23878981439753355,178.0,6.0,-14.283329627028714,3.3707865168539324,179.0,4.193370165745856,23.0,12.849162011173185,True,High Revenue + High Experience
86ff3eaef0267069cc891a2ed9d10a17,7,7,409.75,140.61,0.34316046369737646,7.0,0.0,-16.46095072751323,0.0,7.0,4.714285714285714,0.0,0.0,False,Insufficient Review Volume
870d0118f7a9d85960f29ad89d5d989a,45,61,3157.2,1270.83,0.4025180539718738,45.0,2.0,-9.293046296296296,4.444444444444445,45.0,4.085106382978723,4.0,8.88888888888889,True,High Revenue + Lower Experience
87142160b41353c4e5fca2360caf6f92,305,339,31095.98,7218.33,0.2321306483989249,305.0,17.0,-14.321287378567092,5.573770491803279,304.0,4.41042345276873,19.0,6.25,True,High Revenue + High Experience
8759e7aedd644f487315e5860962f162,3,3,627.0,166.34,0.26529505582137164,3.0,1.0,5.474795524691359,33.33333333333333,3.0,3.6666666666666665,1.0,33.33333333333333,False,Insufficient Review Volume
876182d1918783bbe15233febfbd4926,3,3,120.27,34.730000000000004,0.2887669410493058,3.0,0.0,-11.5829012345679,0.0,3.0,4.0,0.0,0.0,False,Insufficient Review Volume
87b4428a334b8f676fd9a7f3bf544fb5,1,1,29.99,18.99,0.6332110703567856,1.0,0.0,-23.26480324074074,0.0,1.0,5.0,0.0,0.0,False,Insufficient Review Volume
87b740daf17b5d1be335a64164ec6842,13,13,14699.87,1482.51,0.10085191229582302,11.0,1.0,-12.040315656565657,9.090909090909092,13.0,3.3076923076923075,4.0,30.76923076923077,False,Insufficient Review Volume
87d30a6a0cbf89356e49324971ab1d24,17,17,2134.13,215.78,0.10110911706409637,17.0,1.0,-10.146539351851851,5.88235294117647,17.0,4.352941176470588,2.0,11.76470588235294,False,Insufficient Review Volume
87d3c3aeb3ead335511b3ce315eb341e,15,15,749.3499999999999,213.71,0.2851938346567025,15.0,1.0,-7.747942901234568,6.666666666666667,14.0,3.5,3.0,21.428571428571427,False,Insufficient Review Volume
87d73636a3acf123e842bb890a4db036,1,1,269.9,43.71,0.16194886995183402,1.0,0.0,-2.3618055555555557,0.0,1.0,5.0,0.0,0.0,False,Insufficient Review Volume
87e24fc7052259b1f7f607d61c10d8be,8,8,7473.49,236.37,0.03162779370816045,7.0,1.0,-11.35681712962963,14.285714285714285,8.0,3.5,2.0,25.0,False,Insufficient Review Volume
87f3e35268860433e13d577825aada95,3,3,161.7,41.78,0.2583797155225727,1.0,0.0,-2.654988425925926,0.0,2.0,1.0,2.0,100.0,False,Insufficient Review Volume
880ce4951cf857ab1d9e0b75c1d856f4,1,1,178.9,18.82,0.10519843487982113,1.0,0.0,-18.074270833333333,0.0,1.0,5.0,0.0,0.0,False,Insufficient Review Volume
880eda903e719a5f179f7e9fceb3a69d,1,1,249.0,42.72,0.17156626506024095,,,,,1.0,1.0,1.0,100.0,False,Insufficient Review Volume
883dd81e82754ac2c65e9790a7db8c9a,5,5,319.5,74.96000000000001,0.23461658841940536,5.0,0.0,-18.007805555555557,0.0,5.0,4.4,1.0,20.0,False,Insufficient Review Volume
88460e8ebdecbfecb5f9601833981930,248,302,31546.550000000003,4996.55,0.15838657476015602,246.0,48.0,-10.506272818804577,19.51219512195122,247.0,3.430830039525692,78.0,31.57894736842105,True,High Revenue + Lower Experience
888faa8bfb0b159c37de6d898b961c31,19,23,2418.2999999999997,526.7,0.21779762643179096,19.0,0.0,-15.049485867446393,0.0,19.0,4.2105263157894735,2.0,10.526315789473683,False,Insufficient Review Volume
889009a0ed0bb52c87819941192931b8,1,1,89.9,33.08,0.36796440489432697,1.0,0.0,-23.292743055555555,0.0,1.0,4.0,0.0,0.0,False,Insufficient Review Volume
88ae906ea2acf6971f26c3e8b7cb4357,3,3,246.0,42.01,0.17077235772357724,3.0,1.0,-1.226057098765432,33.33333333333333,3.0,3.3333333333333335,0.0,0.0,False,Insufficient Review Volume
88af55b4a7ca402b27df16f7c7c9b5d2,1,1,130.0,11.52,0.08861538461538461,,,,,1.0,1.0,1.0,100.0,False,Insufficient Review Volume
88cd3681e0a2ba85e190f7d817629c4c,1,1,180.0,19.36,0.10755555555555556,1.0,0.0,-8.10275462962963,0.0,1.0,4.0,0.0,0.0,False,Insufficient Review Volume
88cf19ec1fc2c58f161aee259d57142c,14,14,1372.97,234.71,0.17095056701894434,14.0,0.0,-12.584605654761905,0.0,14.0,4.466666666666667,0.0,0.0,False,Insufficient Review Volume
88ef59b51bdaa941d10a853429f2b6ce,2,2,252.9,41.8,0.16528272044286277,2.0,0.0,-17.084855324074073,0.0,2.0,2.0,1.0,50.0,False,Insufficient Review Volume
891071be6ba827b591264c90c2ae8a63,92,98,4177.28,1277.07,0.3057180749195649,85.0,15.0,-10.66232938453159,17.647058823529413,92.0,3.78494623655914,23.0,25.0,True,High Revenue + Lower Experience
8931a84a914b3fe9b1ddaa4d704947ca,29,32,4668.3,424.59,0.09095173832015936,29.0,2.0,-10.128874521072797,6.896551724137931,28.0,4.071428571428571,5.0,17.857142857142858,False,Insufficient Review Volume
8936ba0de1073ee888cb3185ae5dc661,1,1,389.99,22.22,0.05697581989281776,1.0,0.0,-9.438912037037037,0.0,1.0,5.0,0.0,0.0,False,Insufficient Review Volume
897060da8b9a21f655304d50fd935913,317,430,23023.92,6863.55,0.2981051879957888,304.0,36.0,-9.09568416483918,11.842105263157894,314.0,3.6246056782334386,82.0,26.11464968152866,True,High Revenue + Lower Experience
89757206b887aed36f3e18d858460fea,2,2,120.5,55.64,0.4617427385892116,2.0,0.0,-13.695758101851851,0.0,2.0,5.0,0.0,0.0,False,Insufficient Review Volume
89a51f50b8095ea78d5768f34c13a76f,10,11,677.16,177.1,0.26153346328784927,10.0,0.0,-12.378148148148147,0.0,10.0,4.7,0.0,0.0,False,Insufficient Review Volume
89ad3263c0931c47f976d7c5778e60f6,6,6,568.2,131.54,0.23150299190425902,6.0,0.0,-11.76475887345679,0.0,6.0,4.166666666666667,1.0,16.666666666666664,False,Insufficient Review Volume
89bc797e2e29667aa035d4368f9b7f92,17,20,407.3,252.15,0.6190768475325313,16.0,3.0,-19.126438802083335,18.75,17.0,3.7058823529411766,4.0,23.52941176470588,False,Insufficient Review Volume
89c127985a8b130cfa45c1d36764017a,7,7,1419.5700000000002,120.63,0.0849764365265538,6.0,0.0,-13.675765817901235,0.0,6.0,3.0,3.0,50.0,False,Insufficient Review Volume
89d9a386b0b6e5fc8403071b03f7206a,2,5,167.0,68.25,0.4086826347305389,2.0,0.0,-17.78070601851852,0.0,2.0,4.0,0.0,0.0,False,Insufficient Review Volume
89dda63a3c907c468ec88c310ed91213,2,2,734.99,42.14,0.057334113389297815,1.0,0.0,-5.155752314814815,0.0,2.0,3.0,1.0,50.0,False,Insufficient Review Volume
89de2d6f23e9746ff309705b23581faa,8,8,340.0,160.08,0.47082352941176475,8.0,0.0,-16.088311631944443,0.0,7.0,2.7142857142857144,4.0,57.14285714285714,False,Insufficient Review Volume
89f69225956f951295ca4c7fb1266553,11,12,1041.3,277.41,0.26640737539613946,11.0,1.0,-16.177429503367,9.090909090909092,11.0,4.2727272727272725,1.0,9.090909090909092,False,Insufficient Review Volume
8a130737016f838139d31878787a39c9,56,62,4222.03,842.2900000000001,0.19949881928835184,56.0,4.0,-10.014384093915343,7.142857142857142,56.0,4.446428571428571,3.0,5.357142857142857,True,High Revenue + High Experience
8a1ff5c35f6595a73fef4c7b96e4908a,2,2,1598.0,284.79999999999995,0.17822277847309134,2.0,0.0,-18.667054398148146,0.0,2.0,5.0,0.0,0.0,False,Insufficient Review Volume
8a207b6080964f3c1fc9d35bd6096ba4,2,3,553.7,176.34,0.31847570886761783,2.0,1.0,-4.316903935185185,50.0,2.0,5.0,0.0,0.0,False,Insufficient Review Volume
8a2d12a90e92f012ce5226fc6592b653,18,18,1594.6499999999999,338.97,0.21256702097638983,18.0,0.0,-15.177453703703703,0.0,17.0,4.611111111111111,1.0,5.88235294117647,False,Insufficient Review Volume
8a32e327fe2c1b3511609d81aaf9f042,132,180,6429.01,2363.03,0.3675573688639464,126.0,4.0,-14.274125514403291,3.1746031746031744,131.0,3.8421052631578947,25.0,19.083969465648856,True,High Revenue + Lower Experience
8a40ae794fa3f9892cee24bd5af0488b,6,6,739.85,206.41,0.2789889842535649,6.0,2.0,-5.770414737654321,33.33333333333333,6.0,3.1666666666666665,2.0,33.33333333333333,False,Insufficient Review Volume
8a43128d7f9a3db592b866e6861a6cce,3,4,990.5999999999999,67.89,0.06853422168382799,3.0,0.0,-18.888449074074074,0.0,3.0,2.3333333333333335,2.0,66.66666666666666,False,Insufficient Review Volume
8a432f4e5b471f8da497d7dc517666e2,95,106,7555.0,1965.11,0.26010721376571805,95.0,5.0,-11.737476973684212,5.263157894736842,94.0,4.191489361702128,12.0,12.76595744680851,True,High Revenue + High Experience
8a87611c08849ffeeccab52aa798b6c7,13,14,2369.8,485.32,0.20479365347286688,6.0,0.0,-29.48057291666667,0.0,13.0,2.769230769230769,7.0,53.84615384615385,False,Insufficient Review Volume
8a8835a43bda99fd37310ad76c457510,2,3,224.34,34.2,0.15244717838994384,2.0,0.0,-4.256371527777778,0.0,2.0,4.5,0.0,0.0,False,Insufficient Review Volume
8a9260f2b0340411d6d2a56bcf4f7378,8,9,1256.0,140.94,0.11221337579617834,8.0,1.0,-9.77865306712963,12.5,8.0,4.75,0.0,0.0,False,Insufficient Review Volume
8ab42aa58097fd4668d60cc648225d5f,20,26,2616.75,593.64,0.2268615649183147,20.0,0.0,-16.650910879629627,0.0,20.0,4.2,1.0,5.0,False,Insufficient Review Volume
8ae520247981aa06bc94abddf5f46d34,65,65,16320.99,1445.35,0.08855774067627024,65.0,1.0,-15.705464921652423,1.5384615384615385,65.0,4.446153846153846,6.0,9.230769230769232,True,High Revenue + High Experience
8b11118053756a9a2932f447e11fc1b5,1,1,79.99,11.17,0.13964245530691338,1.0,0.0,-40.15012731481482,0.0,1.0,3.0,0.0,0.0,False,Insufficient Review Volume
8b181ee5518df84f18f4e1a43fe07923,1,1,27.9,27.08,0.9706093189964158,1.0,0.0,-21.04945601851852,0.0,1.0,5.0,0.0,0.0,False,Insufficient Review Volume
8b2492b7ff4468839593fafeed55bad9,29,45,3660.08,676.18,0.18474459574654106,29.0,2.0,-7.760258221583653,6.896551724137931,29.0,4.172413793103448,4.0,13.793103448275861,False,Insufficient Review Volume
8b28d096634035667e8263d57ba3368c,143,155,9375.7,2591.45,0.2764006954147423,139.0,16.0,-9.712380262456701,11.510791366906476,141.0,3.971631205673759,22.0,15.602836879432624,True,High Revenue + Lower Experience
8b2d4ab22f42c5cfc338b846decfda60,6,9,458.0,185.32,0.4046288209606987,6.0,0.0,-12.207941743827162,0.0,6.0,4.833333333333333,0.0,0.0,False,Insufficient Review Volume
8b321bb669392f5163d04c59e235e066,943,1018,17535.69,14156.36,0.8072884500125175,930.0,97.0,-9.234177755376344,10.43010752688172,939.0,4.07454739084132,141.0,15.015974440894569,True,High Revenue + Lower Experience
8b655f0855926bcb49f5835d38dfddf6,5,5,1089.5,73.31,0.06728774667278568,5.0,1.0,-4.971798611111111,20.0,5.0,4.8,0.0,0.0,False,Insufficient Review Volume
8b87cd0d43d49b9bdf40f56229364d59,5,5,1552.9,301.0,0.19383089703136067,2.0,0.0,-6.6792592592592595,0.0,5.0,2.6,3.0,60.0,False,Insufficient Review Volume
8b8cfc8305aa441e4239358c9f6f2485,15,15,11892.0,1218.7,0.10248065926673394,15.0,2.0,-15.415018518518517,13.333333333333334,15.0,4.2,2.0,13.333333333333334,False,Insufficient Review Volume
8b9d6eec4a7eb7d0f9d579ce0b38324d,49,53,4232.54,1684.44,0.39797379351406015,48.0,8.0,-9.664041039737654,16.666666666666664,49.0,4.0,9.0,18.367346938775512,True,High Revenue + Lower Experience
8bb48dc19fccaa8613b6229bf7f452a2,82,95,4190.72,1857.3999999999999,0.4432173946243127,82.0,2.0,-12.682707486449864,2.4390243902439024,82.0,4.421686746987952,7.0,8.536585365853659,True,High Revenue + High Experience
8bd0e3abda539b9479c4b44a691be1ec,7,13,596.55,248.79000000000002,0.4170480261503647,6.0,2.0,-9.068589891975309,33.33333333333333,7.0,2.625,4.0,57.14285714285714,False,Insufficient Review Volume
8bd0f31cf0a614c658f6763bd02dea69,33,35,4455.34,967.98,0.21726288004955852,33.0,1.0,-12.867820216049383,3.0303030303030303,32.0,4.28125,3.0,9.375,True,High Revenue + High Experience
8bdd8e3fd58bafa48af76b2c5fd71974,11,11,2324.82,190.73,0.08204076014487142,9.0,1.0,-11.400266203703703,11.11111111111111,11.0,4.545454545454546,1.0,9.090909090909092,False,Insufficient Review Volume
8c0de775f52fe41590b376a3b7c50f68,9,9,672.7,135.32999999999998,0.2011743719339973,8.0,0.0,-10.783598090277778,0.0,9.0,3.888888888888889,1.0,11.11111111111111,False,Insufficient Review Volume
8c16d1f32a54d92897cc437244442e1b,108,118,5642.6,2112.07,0.3743079431467763,108.0,1.0,-14.50040155606996,0.9259259259259258,107.0,4.355140186915888,8.0,7.476635514018691,True,High Revenue + High Experience
8c351ed7c326c62123318f4f3246e906,2,2,114.9,35.76,0.31122715404699736,2.0,0.0,-13.724265046296296,0.0,2.0,5.0,0.0,0.0,False,Insufficient Review Volume
8c3b533c63cca56240f94f1e3a6b18ef,5,8,3312.16,989.61,0.2987808559972948,3.0,2.0,9.566493055555556,66.66666666666666,4.0,1.5,3.0,75.0,False,Insufficient Review Volume
8c5e007d7bd5693fa1386ffefbc99f6c,9,24,1029.11,378.3,0.36759918764757904,9.0,0.0,-12.174034207818929,0.0,9.0,4.333333333333333,1.0,11.11111111111111,False,Insufficient Review Volume
8c91bfea4263b8fba54081460693e2a1,2,2,739.0,46.75,0.06326116373477672,2.0,0.0,-17.568310185185187,0.0,1.0,5.0,0.0,0.0,False,Insufficient Review Volume
8c9348f33ae3dada25c99c99ade2af78,2,2,312.99,51.94,0.16594779385922873,2.0,0.0,-19.16521990740741,0.0,2.0,5.0,0.0,0.0,False,Insufficient Review Volume
8ca1551acf9832a4cf467bbbac15851f,11,12,2176.4,266.54,0.12246829626906819,11.0,1.0,-13.281498316498316,9.090909090909092,11.0,3.909090909090909,2.0,18.181818181818183,False,Insufficient Review Volume
8ca5b19e0263150d2c57afdde2b3d011,3,4,180.60000000000002,44.08,0.24407530454042078,3.0,0.0,-9.840304783950616,0.0,3.0,4.666666666666667,0.0,0.0,False,Insufficient Review Volume
8cb7c5ddf41f4d506eba76e9a4702a25,2,2,138.0,44.37,0.32152173913043475,1.0,0.0,-11.033564814814815,0.0,2.0,3.0,1.0,50.0,False,Insufficient Review Volume
8cbac7e12637ed9cffa18c7875207478,67,82,2990.98,1663.37,0.556128760473156,66.0,4.0,-12.9311421506734,6.0606060606060606,67.0,4.119402985074627,8.0,11.940298507462686,True,High Revenue + Lower Experience
8cc6a0e5738e61a87b03c78b2ba9db4b,24,26,13312.4,525.82,0.03949851266488387,23.0,2.0,-10.119597926731078,8.695652173913043,24.0,4.333333333333333,2.0,8.333333333333332,False,Insufficient Review Volume
8ccf3cf69651cc1d8a02c8bfaf3b8568,2,2,250.0,38.629999999999995,0.15452,2.0,1.0,-2.9892418981481486,50.0,2.0,3.5,0.0,0.0,False,Insufficient Review Volume
8cf21434553b02cbd37c0bbd07e041b0,2,2,94.98,67.15,0.7069909454622026,1.0,0.0,-14.15105324074074,0.0,2.0,2.5,1.0,50.0,False,Insufficient Review Volume
8d46553a36e68f95350a200c12f8f2e2,13,16,746.6,223.0,0.2986873828020359,9.0,0.0,-10.900698302469136,0.0,13.0,3.230769230769231,4.0,30.76923076923077,False,Insufficient Review Volume
8d79c8a04e42d722a75097ce5cbcf2ef,27,28,2777.7200000000003,757.4399999999999,0.272684071828694,26.0,4.0,-11.575857371794871,15.384615384615385,27.0,4.444444444444445,3.0,11.11111111111111,False,Insufficient Review Volume
8d899e15a5925f097cca50faa49b15e3,4,10,645.0,150.98000000000002,0.234077519379845,4.0,1.0,-11.290425347222222,25.0,4.0,3.75,1.0,25.0,False,Insufficient Review Volume
8d92f3ea807b89465643c219455e7369,3,8,121.2,131.57,1.0855610561056104,3.0,2.0,11.751894290123458,66.66666666666666,3.0,1.0,3.0,100.0,False,Insufficient Review Volume
8d956fec2e4337affcb520f56fd8cbfd,211,228,11015.19,3327.95,0.3021237037218604,210.0,22.0,-9.898116236772486,10.476190476190476,211.0,4.202830188679245,21.0,9.95260663507109,True,High Revenue + High Experience
8daab2245ebdc277c51098d01c5ad8ef,16,16,1604.59,284.05,0.17702341408085556,16.0,1.0,-16.579403935185184,6.25,16.0,4.625,0.0,0.0,False,Insufficient Review Volume
8dd386be0767c330276ea6a3f96532d3,1,2,89.98,44.5,0.49455434541009113,1.0,0.0,-8.821863425925926,0.0,1.0,5.0,0.0,0.0,False,Insufficient Review Volume
8de8fe3af4449ed695d2434c933ed73e,1,1,2090.0,65.35,0.031267942583732056,1.0,0.0,-19.281412037037036,0.0,1.0,5.0,0.0,0.0,False,Insufficient Review Volume
8def3db7f272735afb2ecd03aeca09a7,2,2,196.0,33.64,0.1716326530612245,2.0,0.0,-8.761493055555556,0.0,2.0,5.0,0.0,0.0,False,Insufficient Review Volume
8dfbc5ff27df12f6cef751d3b9554222,4,4,226.0,90.12,0.3987610619469027,4.0,0.0,-12.01952835648148,0.0,4.0,4.5,0.0,0.0,False,Insufficient Review Volume
8e29d051f810eb22959ede205b462b9f,2,2,599.8,213.48000000000002,0.35591863954651554,2.0,1.0,4.829658564814814,50.0,2.0,4.0,0.0,0.0,False,Insufficient Review Volume
8e2b3afb420011ef0c88c9d5f11ea526,11,11,1384.5,147.93,0.10684723726977248,11.0,1.0,-10.062599957912457,9.090909090909092,11.0,4.2727272727272725,1.0,9.090909090909092,False,Insufficient Review Volume
8e34331b7eedd03be4e5d965c1956225,5,5,145.0,65.44,0.4513103448275862,5.0,1.0,-7.075113425925926,20.0,5.0,4.8,0.0,0.0,False,Insufficient Review Volume
8e4f041ff58e7845456d3482524014b3,2,2,133.8,48.59,0.3631539611360239,2.0,1.0,-7.676157407407407,50.0,2.0,3.0,1.0,50.0,False,Insufficient Review Volume
8e670472e453ba34a379331513d6aab1,1,1,975.0,108.96,0.11175384615384615,1.0,1.0,35.714699074074076,100.0,1.0,1.0,1.0,100.0,False,Insufficient Review Volume
8e6cc767478edae941d9bd9eb778d77a,106,114,6830.58,2284.83,0.33450014493644753,100.0,8.0,-12.802673495370371,8.0,104.0,3.943396226415094,20.0,19.230769230769234,True,High Revenue + Lower Experience
8e6d7754bc7e0f22c96d255ebda59eba,85,130,14497.27,1715.24,0.11831468959328205,84.0,14.0,-5.33641796186067,16.666666666666664,85.0,3.6136363636363638,23.0,27.058823529411764,True,High Revenue + Lower Experience
8e8a7ce9f2f970dc00e2acf6f6e199f6,65,66,9101.0,1183.82,0.1300758158444127,63.0,6.0,-10.246872795414461,9.523809523809524,64.0,3.9846153846153847,8.0,12.5,True,High Revenue + Lower Experience
8ea394aed8138685abe1eb9f25e1021d,2,2,1340.0,77.6,0.05791044776119403,2.0,0.0,-8.751157407407407,0.0,2.0,4.0,0.0,0.0,False,Insufficient Review Volume
8eb88b0acb3f90a717ad659221471fa7,2,2,119.8,40.87,0.34115191986644405,2.0,0.0,-17.167216435185185,0.0,2.0,4.5,0.0,0.0,False,Insufficient Review Volume
8ec76bb0965af3f007692b26fa9d6623,1,1,1999.0,29.75,0.014882441220610306,1.0,0.0,-12.043680555555556,0.0,1.0,5.0,0.0,0.0,False,Insufficient Review Volume
8ed8ea9a57c862f2c18c2fe41f601d56,19,19,3831.9,731.0699999999999,0.19078525013700773,19.0,0.0,-15.122169834307993,0.0,19.0,4.473684210526316,1.0,5.263157894736842,False,Insufficient Review Volume
8f0fbe2cd4d472157dc1cdef6edecaa9,2,2,71.88,22.88,0.3183082915971063,2.0,0.0,-10.66578125,0.0,2.0,3.0,1.0,50.0,False,Insufficient Review Volume
8f119a0aee85c0c8fc534629734e94fd,77,83,3733.68,1092.77,0.29267907265753895,75.0,4.0,-10.298411574074073,5.333333333333334,77.0,4.246753246753247,7.0,9.090909090909092,True,High Revenue + High Experience
8f2b51a30523cdecddc2f179f351c7d6,7,8,1027.9,148.32999999999998,0.1443039206148458,7.0,0.0,-15.159153439153439,0.0,7.0,4.142857142857143,1.0,14.285714285714285,False,Insufficient Review Volume
8f2ce03f928b567e3d56181ae20ae952,153,175,21712.9,3837.11,0.17672029070276193,151.0,23.0,-8.305852955604612,15.2317880794702,152.0,4.105263157894737,20.0,13.157894736842104,True,High Revenue + Lower Experience
8f54d64f28a993550aa7943f12572959,15,16,2755.5,377.62,0.13704227907820724,15.0,1.0,-11.192572530864197,6.666666666666667,15.0,3.7333333333333334,4.0,26.666666666666668,False,Insufficient Review Volume
8f580d36c1e9d6fbce95283403c7d447,8,8,4813.25,180.15,0.03742793330909469,8.0,1.0,-9.650280671296297,12.5,8.0,4.375,1.0,12.5,False,Insufficient Review Volume
8f78f0903005064036736c7173a5c2ed,13,21,2113.7000000000003,632.25,0.29912002649382596,13.0,1.0,-11.16846599002849,7.6923076923076925,13.0,3.769230769230769,3.0,23.076923076923077,False,Insufficient Review Volume
8fb67a334bacec338885b4e9e1708073,1,1,59.9,38.52,0.6430717863105176,1.0,0.0,-10.245578703703703,0.0,1.0,5.0,0.0,0.0,False,Insufficient Review Volume
8fb791022c1fc8909664f48ab7dc636d,5,5,8119.95,363.4,0.04475397015991477,5.0,0.0,-17.257386574074072,0.0,5.0,4.2,1.0,20.0,False,Insufficient Review Volume
8fbd63429be6d3e5e6d1a709b6464802,6,8,1061.4,179.57,0.1691822121726022,6.0,0.0,-17.406167052469137,0.0,6.0,4.833333333333333,0.0,0.0,False,Insufficient Review Volume
8fbe2ee446b97e128471be4ce983dc0d,3,3,148.5,40.0,0.26936026936026936,3.0,1.0,-3.8550925925925923,33.33333333333333,3.0,3.0,2.0,66.66666666666666,False,Insufficient Review Volume
8fd3b4468f6425810648177996c14cbd,1,1,354.9,21.67,0.06105945336714568,1.0,0.0,-18.54425925925926,0.0,1.0,5.0,0.0,0.0,False,Insufficient Review Volume
8fdca8e349553f99bc738833a62c8802,22,29,989.34,380.88,0.38498392867972586,22.0,1.0,-11.875292508417509,4.545454545454546,21.0,4.190476190476191,2.0,9.523809523809524,False,Insufficient Review Volume
8fe8786ee000001ab51d030dfd4a7bf1,5,5,2255.0,201.44,0.08933037694013303,5.0,0.0,-20.827456018518518,0.0,5.0,4.6,0.0,0.0,False,Insufficient Review Volume
8fec2e460530482132c436cfb5439925,3,5,468.46,80.15,0.17109251590317212,3.0,1.0,-5.619367283950617,33.33333333333333,3.0,4.333333333333333,0.0,0.0,False,Insufficient Review Volume
8ff1a9df749e454105c55cda13e79143,13,14,1400.6000000000001,277.21,0.19792231900614018,13.0,0.0,-9.514120370370371,0.0,11.0,3.727272727272727,3.0,27.27272727272727,False,Insufficient Review Volume
8ff38bc3969e67c36c48343a07090f66,2,8,3472.0,387.56,0.11162442396313364,2.0,0.0,-10.110908564814814,0.0,2.0,2.5,1.0,50.0,False,Insufficient Review Volume
8fff28c4263ddec387f28d237fb42773,4,6,339.4,82.28,0.2424278137890395,2.0,0.0,-4.721440972222222,0.0,4.0,3.0,2.0,50.0,False,Insufficient Review Volume
900ba814c251a692506d7834c1218441,88,88,29099.690000000002,2368.25,0.08138402848965057,86.0,12.0,-7.883672076873385,13.953488372093023,85.0,4.188235294117647,8.0,9.411764705882353,True,High Revenue + High Experience
901b460cdce0c64e471230d7f2f9f3a3,5,5,1904.0,108.56,0.05701680672268908,5.0,0.0,-18.202733796296297,0.0,5.0,4.4,1.0,20.0,False,Insufficient Review Volume
902c99f1ac505c0d18778b61bcd636f7,4,4,157.96,100.16,0.6340845783742719,3.0,0.0,-2.76576774691358,0.0,4.0,4.0,1.0,25.0,False,Insufficient Review Volume
903037660cf848a717166eb7a06d616e,45,60,7991.51,1091.77,0.13661623397830946,44.0,6.0,-15.647360321969698,13.636363636363635,45.0,3.888888888888889,9.0,20.0,True,High Revenue + Lower Experience
90b36c5aeb728d5504a39f435bef0c5f,5,7,207.85999999999999,132.37,0.6368228615414222,4.0,0.0,-9.347271412037037,0.0,5.0,4.2,1.0,20.0,False,Insufficient Review Volume
90b57083da5d803237da74daec6dcb2b,2,2,206.9,34.31,0.16582890285161914,2.0,0.0,-18.222980324074072,0.0,2.0,5.0,0.0,0.0,False,Insufficient Review Volume
90d4125885ab6c86e8820a722be71974,3,5,1299.5500000000002,43.4,0.03339617559924589,,,,,3.0,1.0,3.0,100.0,False,Insufficient Review Volume
910a922b426b7ff95eaee129ad6c0e1f,2,2,119.8,31.16,0.2601001669449082,2.0,0.0,-5.6663194444444445,0.0,2.0,5.0,0.0,0.0,False,Insufficient Review Volume
913fd0ebba70bb919f7254a02239173c,1,1,159.9,19.22,0.12020012507817385,1.0,0.0,-7.306354166666667,0.0,1.0,1.0,1.0,100.0,False,Insufficient Review Volume
9140bd1d9de28b197dce077bdd687438,6,8,1258.87,184.06,0.1462104903604026,6.0,0.0,-7.782501929012345,0.0,6.0,4.166666666666667,0.0,0.0,False,Insufficient Review Volume
9140ef75cc8211c4035935e80e567204,1,1,49.9,22.28,0.4464929859719439,1.0,0.0,-13.030023148148148,0.0,1.0,5.0,0.0,0.0,False,Insufficient Review Volume
91543f9849d68d023e17194926598543,4,6,834.0,266.57,0.3196282973621103,4.0,0.0,-14.71493923611111,0.0,4.0,4.5,0.0,0.0,False,Insufficient Review Volume
916748bc99315c2d202898ae58b1617e,25,32,369.40000000000003,377.11,1.0208716838115863,25.0,0.0,-9.45804675925926,0.0,25.0,4.28,2.0,8.0,False,Insufficient Review Volume
916c9de0b5ad957346eeeb12f332687e,23,28,5480.25,493.53,0.09005611057889694,22.0,0.0,-17.326774515993268,0.0,23.0,4.565217391304348,1.0,4.3478260869565215,False,Insufficient Review Volume
918717417d88a9f9ae9735567e6c7682,4,4,345.70000000000005,43.52,0.12588949956609777,4.0,0.0,-12.621461226851853,0.0,4.0,5.0,0.0,0.0,False,Insufficient Review Volume
918f6fbcf3ab724d805867303e593a1b,2,3,79.69999999999999,32.88,0.412547051442911,2.0,0.0,-16.64605324074074,0.0,2.0,4.0,0.0,0.0,False,Insufficient Review Volume
9198786624eaeb375793215cad26cfa6,9,10,908.3000000000001,210.07,0.23127821204447868,8.0,0.0,-17.348952546296296,0.0,9.0,3.7777777777777777,3.0,33.33333333333333,False,Insufficient Review Volume
91f0eec23d4a61d7d7caeefa3f0ad1ca,11,11,2190.8,354.46,0.16179477816322801,11.0,3.0,-4.9824631734006735,27.27272727272727,11.0,3.5454545454545454,3.0,27.27272727272727,False,Insufficient Review Volume
91f5779a8731baca4809fdeade81803f,6,6,1971.46,145.63,0.07386911223154413,6.0,0.0,-12.030501543209878,0.0,6.0,3.8333333333333335,1.0,16.666666666666664,False,Insufficient Review Volume
91f848e9f4be368f4318775aac733370,63,73,5932.599999999999,1235.56,0.20826619020328357,60.0,2.0,-11.200524691358025,3.3333333333333335,61.0,4.290322580645161,5.0,8.19672131147541,True,High Revenue + High Experience
9200e6ce317b67196b6b0bad4d4bd567,1,1,36.9,14.52,0.3934959349593496,1.0,0.0,-7.265127314814815,0.0,1.0,3.0,0.0,0.0,False,Insufficient Review Volume
921323538c9f1c4e816f2720eac02bea,15,17,1401.84,240.36,0.17146036637562062,15.0,3.0,-8.486960648148148,20.0,15.0,3.933333333333333,2.0,13.333333333333334,False,Insufficient Review Volume
9261d76c62caaf0b24677c2ceb7f8f20,6,7,968.7,247.54000000000002,0.25553835036647055,6.0,0.0,-15.822145061728394,0.0,6.0,3.8333333333333335,0.0,0.0,False,Insufficient Review Volume
92992bec39dde5766f590d3b1f46d465,1,1,109.0,12.67,0.11623853211009175,,,,,1.0,1.0,1.0,100.0,False,Insufficient Review Volume
929f342384a6607afe143d789ade1316,4,4,209.4,63.36,0.3025787965616046,4.0,0.0,-14.457349537037036,0.0,4.0,5.0,0.0,0.0,False,Insufficient Review Volume
92c8bc6e8f925792247656fed09aad65,3,3,259.7,39.870000000000005,0.1535232961108972,2.0,1.0,-2.842077546296296,50.0,3.0,2.3333333333333335,2.0,66.66666666666666,False,Insufficient Review Volume
92d14edfb62ee5ae7fdff70b0f4e7233,8,13,322.0,165.65,0.5144409937888199,8.0,0.0,-12.353405671296297,0.0,8.0,3.375,2.0,25.0,False,Insufficient Review Volume
92eb0f42c21942b6552362b9b114707d,341,365,6548.63,4944.04,0.7549731775959246,334.0,27.0,-9.63492657047017,8.08383233532934,338.0,3.9911242603550297,51.0,15.088757396449704,True,High Revenue + Lower Experience
9315e491484b1b0081ca166fc164108d,1,1,29.99,30.41,1.014004668222741,1.0,0.0,-23.10800925925926,0.0,1.0,3.0,0.0,0.0,False,Insufficient Review Volume
933446e9a59dece7ae9175103820ca8f,2,3,381.39,57.459999999999994,0.1506594299798107,1.0,0.0,-65.32210648148148,0.0,2.0,3.0,1.0,50.0,False,Insufficient Review Volume
934ed5cd1b9c1c7382d0a94a94b9e639,1,1,125.85,26.62,0.2115216527612237,1.0,0.0,-31.320069444444446,0.0,1.0,5.0,0.0,0.0,False,Insufficient Review Volume
939e6227d6964a11a70aa91243e418f2,4,4,425.0,63.25,0.14882352941176472,4.0,0.0,-6.3007204861111115,0.0,4.0,4.25,0.0,0.0,False,Insufficient Review Volume
939f6e231201f26803cb5c3a3d2940b3,3,4,130.6,95.02000000000001,0.7275650842266463,3.0,0.0,-44.69259645061728,0.0,3.0,4.666666666666667,0.0,0.0,False,Insufficient Review Volume
93b9a99027bd8bd6af682aff18dd19bf,20,21,1953.0,467.11,0.23917562724014338,19.0,0.0,-16.81447246588694,0.0,19.0,4.052631578947368,1.0,5.263157894736842,False,Insufficient Review Volume
93bef6edaa84956e8e575016449b6351,1,1,115.0,14.56,0.12660869565217392,1.0,0.0,-20.164965277777778,0.0,1.0,5.0,0.0,0.0,False,Insufficient Review Volume
93dc87703c046b603023e75222018b45,35,36,8517.35,688.9399999999999,0.08088666075716038,33.0,3.0,-10.242226430976432,9.090909090909092,33.0,3.9696969696969697,5.0,15.151515151515152,True,High Revenue + Lower Experience
94144541854e298c2d976cb893b81343,68,76,17286.28,1429.37,0.08268812028961697,68.0,3.0,-13.588435117102398,4.411764705882353,67.0,4.205882352941177,9.0,13.432835820895523,True,High Revenue + High Experience
941554c5757b73ba0e50aa7732310afc,3,4,107.69,58.66,0.5447116723929798,3.0,0.0,-21.81729552469136,0.0,3.0,4.666666666666667,0.0,0.0,False,Insufficient Review Volume
94165aea8a35c3c21499cbcae239b16c,1,1,180.0,16.11,0.0895,1.0,0.0,-12.091087962962963,0.0,1.0,2.0,1.0,100.0,False,Insufficient Review Volume
94231344608e603693b0a8891143f65d,3,3,722.0,102.17999999999999,0.14152354570637118,3.0,0.0,-15.138707561728395,0.0,3.0,4.0,0.0,0.0,False,Insufficient Review Volume
9449f25aeaf531019b76999ea49a6949,10,10,2046.45,179.39,0.08765911700750079,9.0,2.0,-6.869997427983539,22.22222222222222,10.0,4.0,2.0,20.0,False,Insufficient Review Volume
9485a23c0430ba1d58d359391606fce6,5,5,1129.9,65.25,0.05774847331622267,4.0,1.0,-7.357714120370369,25.0,5.0,3.2,1.0,20.0,False,Insufficient Review Volume
94b9108d4b637ba65bb4f1e53cfcf8d8,7,8,234.95999999999998,99.13,0.4219016002723868,7.0,1.0,-2.3174818121693113,14.285714285714285,7.0,4.428571428571429,1.0,14.285714285714285,False,Insufficient Review Volume
94c49f20a123aeb9360dbf80ff912bf6,3,3,277.75,61.540000000000006,0.2215661566156616,3.0,0.0,-12.989540895061728,0.0,3.0,3.6666666666666665,1.0,33.33333333333333,False,Insufficient Review Volume
94ca168e8bcb407ab85c5da308863027,5,5,224.3,87.36,0.3894783771734284,5.0,0.0,-7.668967592592592,0.0,5.0,5.0,0.0,0.0,False,Insufficient Review Volume
94d76e96eedd976258cd3278ce56d5f2,1,1,385.61,68.56,0.1777962189777236,1.0,0.0,-6.479988425925926,0.0,1.0,5.0,0.0,0.0,False,Insufficient Review Volume
94e93ce877be27a515118dbfd2c2be41,30,35,5674.57,868.15,0.15298956572920944,29.0,0.0,-10.562659642401021,0.0,29.0,3.9310344827586206,5.0,17.24137931034483,False,Insufficient Review Volume
951e8cef368f09bb3f3d03c00ca4702c,64,71,4092.29,1400.8,0.34230223175776886,62.0,5.0,-9.652449223416966,8.064516129032258,61.0,4.081967213114754,9.0,14.754098360655737,True,High Revenue + Lower Experience
9523fb39dd240aa958e040f8183d64f3,1,1,146.99,21.3,0.14490781685828968,1.0,0.0,-16.200266203703702,0.0,1.0,1.0,1.0,100.0,False,Insufficient Review Volume
9535a841eecebed61a9fb1ac1cbb5597,2,2,784.9,33.43,0.04259141291884316,2.0,0.0,-16.934780092592593,0.0,2.0,3.0,1.0,50.0,False,Insufficient Review Volume
9539213aa8e023c01937bef95dc006da,9,9,229.1,89.94,0.39257965953731994,9.0,3.0,-3.486878858024691,33.33333333333333,9.0,4.555555555555555,0.0,0.0,False,Insufficient Review Volume
954e95f20808d7e5d11f0de292d078e0,3,4,158.78,119.17999999999999,0.7505983121299912,3.0,0.0,-13.191161265432099,0.0,3.0,4.666666666666667,0.0,0.0,False,Insufficient Review Volume
9558aa23f77a9e0a0eca83540999f43b,2,2,125.7,29.88,0.237708830548926,1.0,0.0,-1.6480787037037037,0.0,2.0,3.0,1.0,50.0,False,Insufficient Review Volume
955fee9216a65b617aa5c0531780ce60,1287,1499,135171.7,25430.98,0.18813834552646744,1261.0,98.0,-9.516987711839517,7.7716098334655035,1277.0,4.1587177482408135,146.0,11.433046202036023,True,High Revenue + High Experience
9591fc341b1bfb7ef561e2968ec6e011,1,1,79.9,14.31,0.17909887359198998,,,,,1.0,1.0,1.0,100.0,False,Insufficient Review Volume
9596c870880d900012f2e8e6e30d06d7,22,24,8606.25,2009.08,0.23344429920116194,21.0,1.0,-11.691287477954145,4.761904761904762,22.0,4.136363636363637,2.0,9.090909090909092,False,Insufficient Review Volume
9599519be538b98748162a2b48248960,1,3,570.0,60.06,0.10536842105263158,1.0,0.0,-7.050856481481482,0.0,1.0,1.0,1.0,100.0,False,Insufficient Review Volume
95b293867b5862941c9cd74f756a3c68,9,9,648.1,98.12,0.15139638944607314,9.0,4.0,3.4692116769547323,44.44444444444444,9.0,3.5555555555555554,3.0,33.33333333333333,False,Insufficient Review Volume
95cca791657aabeff15a07eb152d7841,1,1,9.99,18.23,1.8248248248248249,1.0,0.0,-25.308449074074073,0.0,1.0,5.0,0.0,0.0,False,Insufficient Review Volume
95e03ca3d4146e4011985981aeb959b9,175,193,11009.960000000001,3233.54,0.2936922568292709,172.0,6.0,-14.42701987779931,3.488372093023256,173.0,4.011428571428572,25.0,14.450867052023122,True,High Revenue + Lower Experience
95ec4458365c4d11f452ccf538377619,27,31,1866.76,436.67,0.23391866120979665,27.0,1.0,-10.014115226337449,3.7037037037037033,26.0,4.615384615384615,1.0,3.8461538461538463,False,Insufficient Review Volume
95f83f51203c626648c875dd41874c7f,52,67,3217.46,1609.05,0.5000994573359109,50.0,3.0,-13.037205324074074,6.0,52.0,3.6226415094339623,16.0,30.76923076923077,True,High Revenue + Lower Experience
960945e1a9535cbc0cd6ddd35fbe7ae8,28,29,3381.73,479.8,0.1418800436462994,28.0,0.0,-9.527387566137566,0.0,28.0,4.642857142857143,0.0,0.0,False,Insufficient Review Volume
9616352088dcf83a7c06637f4ebf1c80,92,98,5703.0,1787.57,0.31344380150797824,91.0,0.0,-14.680990918803419,0.0,92.0,4.301075268817204,8.0,8.695652173913043,True,High Revenue + High Experience
961dff0a659b4561334372337dd897d9,4,4,9946.0,136.56,0.013730142770963202,3.0,2.0,-3.529683641975309,66.66666666666666,4.0,3.75,1.0,25.0,False,Insufficient Review Volume
9646c3513289980f17226a2fc4720dbd,71,78,3039.2999999999997,1208.02,0.39746652189648934,69.0,2.0,-13.288166599570586,2.898550724637681,71.0,4.352112676056338,6.0,8.450704225352112,True,High Revenue + High Experience
96493fab2fbb13a14d0c0e8772eef5c3,63,64,18969.0,1212.23,0.06390584638093733,63.0,4.0,-9.478957047325103,6.349206349206349,62.0,4.064516129032258,9.0,14.516129032258066,True,High Revenue + Lower Experience
964ff64dc05b13811c6d0f41e0aa5f6b,1,1,180.0,24.06,0.13366666666666666,1.0,0.0,-13.372361111111111,0.0,1.0,5.0,0.0,0.0,False,Insufficient Review Volume
966cb4760537b1404caedd472cc610a5,75,75,51286.05,1649.82,0.032168981623657895,67.0,2.0,-14.800268449419569,2.9850746268656714,74.0,3.8533333333333335,14.0,18.91891891891892,True,High Revenue + Lower Experience
9674754b5a0cb32b638cec001178f799,86,97,5069.92,1214.91,0.23963100009467606,84.0,3.0,-10.38107997134039,3.571428571428571,86.0,4.078651685393258,15.0,17.441860465116278,True,High Revenue + Lower Experience
96804ea39d96eb908e7c3afdb671bb9e,38,40,3610.7000000000003,755.06,0.20911734566704515,37.0,1.0,-13.000246183683684,2.7027027027027026,38.0,4.052631578947368,6.0,15.789473684210526,True,High Revenue + Lower Experience
968268a686aa05d1f529fb07dff08130,12,12,4677.29,203.55,0.04351878972652968,12.0,0.0,-11.033559027777779,0.0,12.0,3.5,4.0,33.33333333333333,False,Insufficient Review Volume
968ee78631915a63fef426d6733d7422,2,2,450.0,71.67,0.15926666666666667,2.0,0.0,-15.864334490740742,0.0,2.0,3.0,1.0,50.0,False,Insufficient Review Volume
96e5dc09087bad639b4ee193104ec2e5,2,2,101.9,52.54,0.515603532875368,2.0,0.0,-7.678518518518519,0.0,2.0,4.5,0.0,0.0,False,Insufficient Review Volume
96f7c797de9ca20efbe14545bed63eec,1,3,138.60000000000002,38.37,0.2768398268398268,1.0,0.0,-13.146180555555556,0.0,1.0,1.0,1.0,100.0,False,Insufficient Review Volume
972d0f9cf61b499a4812cf0bfa3ad3c4,83,88,8089.29,2151.3,0.2659442299633219,81.0,9.0,-9.055353366483768,11.11111111111111,79.0,3.0253164556962027,33.0,41.77215189873418,True,High Revenue + Lower Experience
973f21788dfab357250f69a8dcb7ddee,10,21,909.0,536.65,0.5903740374037404,9.0,5.0,-1.8708526234567902,55.55555555555556,10.0,2.0,7.0,70.0,False,Insufficient Review Volume
974cf2cb8f4b7add98709c30df02fe10,33,33,2982.67,577.01,0.19345418702035425,30.0,1.0,-13.064451774691356,3.3333333333333335,33.0,4.0606060606060606,5.0,15.151515151515152,True,High Revenue + Lower Experience
97512d3fc193b2d1dfcdba0f9d1f0f8a,12,13,1458.8700000000001,341.55,0.2341195582882642,12.0,1.0,-7.94947337962963,8.333333333333332,12.0,4.25,1.0,8.333333333333332,False,Insufficient Review Volume
977f9f63dd360c2a32ece2f93ad6d306,24,25,2858.8700000000003,934.98,0.32704530111547564,23.0,3.0,-10.431894122383254,13.043478260869565,24.0,3.75,5.0,20.833333333333336,False,Insufficient Review Volume
979e9f8b5b39dd243a2550c8b05aecf0,3,4,525.0,46.88,0.0892952380952381,3.0,0.0,-12.223688271604937,0.0,3.0,5.0,0.0,0.0,False,Insufficient Review Volume
97e4a63591ca439a2b8b7efd20e6e19e,5,5,349.95,78.55,0.22446063723389056,5.0,0.0,-11.903319444444445,0.0,5.0,4.4,0.0,0.0,False,Insufficient Review Volume
97e50a621f8e801f4baf69e08687c192,1,1,89.9,7.88,0.08765294771968854,1.0,0.0,-4.271516203703704,0.0,1.0,5.0,0.0,0.0,False,Insufficient Review Volume
97e995629983723d11830a829bc2b246,5,5,499.5,99.37,0.19893893893893894,5.0,0.0,-18.60690740740741,0.0,5.0,4.8,0.0,0.0,False,Insufficient Review Volume
9803a40e82e45418ab7fb84091af5231,11,18,4278.75,512.63,0.11980835524393807,11.0,0.0,-15.725552398989901,0.0,11.0,3.727272727272727,3.0,27.27272727272727,False,Insufficient Review Volume
980640c45d7a4635885491d077167e4d,14,14,1004.29,242.37,0.24133467424747834,14.0,1.0,-9.597276785714286,7.142857142857142,14.0,4.642857142857143,0.0,0.0,False,Insufficient Review Volume
98115075dd26cb8835946fc6086f5d30,4,4,434.96000000000004,56.24,0.12929924590766967,4.0,0.0,-6.302462384259259,0.0,4.0,4.75,0.0,0.0,False,Insufficient Review Volume
984c273121e743dd14767befe6cb17f5,1,1,259.6,21.31,0.08208782742681046,1.0,1.0,3.694375,100.0,1.0,1.0,1.0,100.0,False,Insufficient Review Volume
9853a239ab7b7ebbdc3a21248d5b8e1f,5,5,381.0,90.00999999999999,0.23624671916010495,4.0,1.0,-12.696834490740741,25.0,5.0,3.8,1.0,20.0,False,Insufficient Review Volume
985c92cc412091f8529c12d7f23d3fef,12,12,1368.5,238.13,0.1740080379978078,12.0,1.0,-13.350291280864198,8.333333333333332,12.0,4.75,0.0,0.0,False,Insufficient Review Volume
989becdce12ebc39863c2bceab6f3ca1,18,18,7840.88,1052.45,0.1342260052443093,15.0,2.0,-14.919998456790124,13.333333333333334,18.0,4.555555555555555,1.0,5.555555555555555,False,Insufficient Review Volume
98dac6635aee4995d501a3972e047414,91,195,4235.85,2439.52,0.5759221879906039,89.0,8.0,-10.36215368809821,8.98876404494382,90.0,4.144444444444445,16.0,17.77777777777778,True,High Revenue + Lower Experience
98dddbc4601dd4443ca174359b237166,2,2,158.0,53.67,0.3396835443037975,2.0,0.0,-9.695104166666667,0.0,2.0,5.0,0.0,0.0,False,Insufficient Review Volume
98e164d549402270247f3c96a1a158ef,2,2,162.7,24.72,0.1519360786724032,2.0,0.0,-10.223449074074075,0.0,2.0,2.5,1.0,50.0,False,Insufficient Review Volume
98f52e1020fe788c10c0418de4393fec,1,1,21.6,15.1,0.699074074074074,1.0,0.0,-12.096423611111112,0.0,1.0,4.0,0.0,0.0,False,Insufficient Review Volume
99002261c568a84cce14d43fcffb43ea,36,36,4088.0,1100.33,0.26916095890410957,36.0,3.0,-11.504828639403293,8.333333333333332,36.0,3.7222222222222223,6.0,16.666666666666664,True,High Revenue + Lower Experience
9906e7aa42a3c067b7c9a564d01c4320,12,16,2619.0,496.59999999999997,0.1896143566246659,12.0,2.0,-11.219080825617283,16.666666666666664,12.0,4.5,1.0,8.333333333333332,False,Insufficient Review Volume
994f04b3718c2bab35c2adfa8afecd2a,49,57,3445.7,775.51,0.22506602432016717,47.0,4.0,-7.4358554964539,8.51063829787234,49.0,4.244897959183674,3.0,6.122448979591836,True,High Revenue + High Experience
9996ae921c50e8dff411ac69c0b4bb8b,2,3,29.700000000000003,43.67,1.4703703703703703,2.0,0.0,-6.852042824074075,0.0,2.0,2.0,1.0,50.0,False,Insufficient Review Volume
999f6d9a1c7c81f43be44c6b7d076210,2,2,28.0,22.83,0.8153571428571428,2.0,0.0,-23.061521990740744,0.0,2.0,4.5,0.0,0.0,False,Insufficient Review Volume
99a25c39b28a74d1151c35c18d178292,1,6,173.94,44.76,0.257330113832356,1.0,0.0,-9.203020833333333,0.0,1.0,5.0,0.0,0.0,False,Insufficient Review Volume
99a54764c341d5dc80b4a8fac4eba3fb,45,67,3708.7599999999998,1317.5,0.3552400263160733,44.0,9.0,-9.203360953282829,20.454545454545457,44.0,3.6136363636363638,10.0,22.727272727272727,True,High Revenue + Lower Experience
99cd94252748d2bdde08e17858233602,2,2,159.8,21.520000000000003,0.13466833541927412,2.0,0.0,-16.881493055555556,0.0,2.0,4.5,0.0,0.0,False,Insufficient Review Volume
99eaacc9e6046db1c82b163c5f84869f,66,70,13139.17,1135.35,0.08640956772764184,63.0,7.0,-8.155254078483246,11.11111111111111,66.0,3.878787878787879,14.0,21.21212121212121,True,High Revenue + Lower Experience
9a03a4e9eb0b947652fae4f6121a3f5e,7,7,1497.0,185.22,0.12372745490981964,7.0,1.0,-13.841944444444445,14.285714285714285,7.0,3.857142857142857,1.0,14.285714285714285,False,Insufficient Review Volume
9a1aea68d3efa00862ec88c0768037d0,7,8,1309.2,192.51,0.14704399633363885,7.0,0.0,-11.14444775132275,0.0,7.0,4.428571428571429,0.0,0.0,False,Insufficient Review Volume
9a208dee8f95cfdf00760c4d627828ec,1,1,269.9,26.09,0.09666543164134865,,,,,1.0,1.0,1.0,100.0,False,Insufficient Review Volume
9a84ba99f5367fdbd4598363496f1ea2,16,16,2284.98,435.95,0.1907894160999221,15.0,0.0,-21.680817901234565,0.0,16.0,3.7058823529411766,3.0,18.75,False,Insufficient Review Volume
9aa388272ee334b6ae07bc73706e254a,6,7,678.0,183.46,0.27058997050147493,6.0,0.0,-14.377588734567901,0.0,6.0,4.333333333333333,1.0,16.666666666666664,False,Insufficient Review Volume
9ac4f14370b1e24ddc58be041b7f99df,5,5,314.51,122.14,0.3883501319512893,5.0,0.0,-14.562967592592594,0.0,5.0,4.4,0.0,0.0,False,Insufficient Review Volume
9ac75591b69c3402684b6ce0310f22ee,1,1,60.5,9.17,0.1515702479338843,1.0,1.0,0.9082060185185186,100.0,1.0,5.0,0.0,0.0,False,Insufficient Review Volume
9add47bf45ce8e8c7db6b9cf670b1e09,43,45,4829.24,1158.04,0.2397975664907936,41.0,1.0,-13.039421296296297,2.4390243902439024,42.0,4.166666666666667,4.0,9.523809523809524,True,High Revenue + High Experience
9b00cad94ef3078faf6fba2e792c158f,1,1,354.9,18.92,0.053310791772330245,1.0,0.0,-15.097604166666667,0.0,1.0,5.0,0.0,0.0,False,Insufficient Review Volume
9b00ed88b7fdb95d6ff76e27c1b52d16,47,51,1627.88,575.48,0.3535150011057326,46.0,3.0,-9.76030319041868,6.521739130434782,47.0,4.468085106382978,4.0,8.51063829787234,True,High Revenue + High Experience
9b013e03b2ab786505a1d3b5c0756754,174,225,9027.4,2604.21,0.28847841017347187,170.0,10.0,-9.14282781862745,5.88235294117647,173.0,4.15606936416185,24.0,13.872832369942195,True,High Revenue + High Experience
9b1050e85becf3ae99c1cf4934c9bc5d,2,2,85.14,30.2,0.3547098895936105,,,,,2.0,2.5,1.0,50.0,False,Insufficient Review Volume
9b1585752613ec342d03bbab9997ec48,3,3,4248.98,100.06,0.02354918121525637,3.0,0.0,-5.632191358024691,0.0,3.0,3.6666666666666665,1.0,33.33333333333333,False,Insufficient Review Volume
9b1ab052f5fca308ba743ac789ebb2e1,2,2,294.09000000000003,31.99,0.1087762249651467,2.0,0.0,-16.024091435185184,0.0,2.0,4.0,0.0,0.0,False,Insufficient Review Volume
9b1f656ca3060f8af17a50d8a024b533,2,2,41.0,47.68,1.1629268292682926,2.0,1.0,-5.94769675925926,50.0,2.0,5.0,0.0,0.0,False,Insufficient Review Volume
9b522ba7eae9e1d04082f267144583cc,4,6,1507.6,148.05,0.09820244096577342,3.0,1.0,24.224367283950617,33.33333333333333,4.0,4.25,0.0,0.0,False,Insufficient Review Volume
9b76ad3d04236f76bc71c59470305e13,2,3,394.70000000000005,61.93,0.15690397770458575,2.0,0.0,-10.01349537037037,0.0,2.0,5.0,0.0,0.0,False,Insufficient Review Volume
9bade61a92bed55a25d2b67b9f4ed739,2,3,117.68,57.12,0.4853840924541128,2.0,0.0,-17.754010416666667,0.0,2.0,3.0,1.0,50.0,False,Insufficient Review Volume
9baf5cb77970f539089d09a38bcec5c3,32,33,6129.67,543.73,0.08870461215693504,31.0,0.0,-17.413035020908005,0.0,32.0,4.3125,3.0,9.375,True,High Revenue + High Experience
9bc484c87d79cd4874e05ca182658045,9,9,1120.0,149.87,0.1338125,8.0,2.0,-4.370026041666667,25.0,9.0,4.0,2.0,22.22222222222222,False,Insufficient Review Volume
9bcdfa7b615b3abb9461d9e3ad9886ae,14,20,2126.07,397.72,0.18706815862130596,14.0,1.0,-14.061874999999999,7.142857142857142,14.0,4.428571428571429,1.0,7.142857142857142,False,Insufficient Review Volume
9bf11dfc0bec77e5a23028043c3c5a8f,1,1,115.0,17.06,0.1483478260869565,1.0,1.0,12.486446759259259,100.0,1.0,1.0,1.0,100.0,False,Insufficient Review Volume
9c068d10aca38e85c50202e17b4a7e88,17,17,2658.9,449.93,0.169216593328068,17.0,3.0,-12.761653050108933,17.647058823529413,16.0,4.125,3.0,18.75,False,Insufficient Review Volume
9c0e69c7bf2619675bbadf47b43f655a,157,206,33702.78,2900.18,0.08605165508601961,151.0,16.0,-7.542730561687516,10.596026490066226,156.0,4.050314465408805,24.0,15.384615384615385,True,High Revenue + Lower Experience
9c1c0c36cd23c20897e473901a8fb149,6,7,544.97,172.07,0.31574215094408864,6.0,0.0,-8.257145061728394,0.0,6.0,5.0,0.0,0.0,False,Insufficient Review Volume
9c351405b754cc5ce3e2ecf277bb034a,1,1,45.0,14.11,0.31355555555555553,,,,,1.0,1.0,1.0,100.0,False,Insufficient Review Volume
9c3a1c416c765687bc79a04113269929,1,1,74.9,58.9,0.7863818424566087,1.0,0.0,-10.949409722222223,0.0,1.0,1.0,1.0,100.0,False,Insufficient Review Volume
9c3c24eca51c52b91c1de727d2a2ae06,6,6,307.5,113.66,0.3696260162601626,6.0,0.0,-23.479822530864197,0.0,6.0,4.5,0.0,0.0,False,Insufficient Review Volume
9c4d31c7e46ab03a43fc06e3142afd4e,2,2,1218.9,43.82000000000001,0.03595044712445648,2.0,0.0,-7.348015046296297,0.0,2.0,4.5,0.0,0.0,False,Insufficient Review Volume
9c54608f0996c32ae4743089d915f845,3,3,194.8,109.92,0.5642710472279261,3.0,0.0,-20.011917438271606,0.0,3.0,4.0,0.0,0.0,False,Insufficient Review Volume
9c57bc60cfad5ee62d35d3f1ce4593a1,1,1,180.0,15.43,0.08572222222222223,1.0,1.0,14.595949074074074,100.0,1.0,1.0,1.0,100.0,False,Insufficient Review Volume
9c690ceacd5c66731bf443ea810195cb,10,12,871.8,249.22,0.28586831842165633,10.0,0.0,-17.614660879629632,0.0,10.0,4.3,1.0,10.0,False,Insufficient Review Volume
9c7fd21e0aa159b20da593371f08ff7c,7,8,798.3,123.5,0.1547037454591006,7.0,1.0,-10.592347883597883,14.285714285714285,7.0,3.2857142857142856,3.0,42.857142857142854,False,Insufficient Review Volume
9cad4b68bb993ee401a3c5aaa2bc26dd,5,7,649.3000000000001,114.03,0.17561989835207145,5.0,1.0,-6.7848194444444445,20.0,5.0,2.8,2.0,40.0,False,Insufficient Review Volume
9cea4682e16655f7da87f406902e989e,4,9,87.75999999999999,131.47,1.49806289881495,4.0,0.0,-17.24123263888889,0.0,4.0,4.0,1.0,25.0,False,Insufficient Review Volume
9cf787a239c1aa29dbd76f153dc13f9a,4,4,316.0,52.400000000000006,0.1658227848101266,4.0,0.0,-16.599366319444442,0.0,4.0,4.75,0.0,0.0,False,Insufficient Review Volume
9d213f303afae4983637247556438ede,2,3,47.7,73.11,1.5327044025157233,2.0,0.0,-10.69789351851852,0.0,2.0,5.0,0.0,0.0,False,Insufficient Review Volume
9d39404483343dd55c7ae254494d8388,10,10,293.2,141.07999999999998,0.4811732605729877,10.0,1.0,-10.849030092592592,10.0,10.0,3.5,3.0,30.0,False,Insufficient Review Volume
9d489893ff6af05029671b785f54b998,5,6,298.7,102.53999999999999,0.34328757951121525,5.0,1.0,-12.652270833333333,20.0,5.0,4.0,1.0,20.0,False,Insufficient Review Volume
9d4db00d65d7760644ac0c14edb5fd86,98,100,9979.7,1533.11,0.15362285439442067,97.0,4.0,-10.793196353570064,4.123711340206185,97.0,4.515463917525773,5.0,5.154639175257731,True,High Revenue + High Experience
9d5604a1f112324ad6b2aa552122e0fb,13,17,421.5,340.48,0.8077817319098458,13.0,0.0,-13.489212072649572,0.0,13.0,3.5384615384615383,4.0,30.76923076923077,False,Insufficient Review Volume
9d5a9018aee56acb367ba9c3f05d1d6a,67,79,10292.310000000001,1689.9,0.16419054614561746,66.0,1.0,-12.794118792087541,1.5151515151515151,67.0,4.417910447761194,8.0,11.940298507462686,True,High Revenue + High Experience
9d681c7e12db302cb261e721040dde65,13,14,785.6,273.08,0.3476069246435845,13.0,0.0,-13.806892806267806,0.0,13.0,4.923076923076923,0.0,0.0,False,Insufficient Review Volume
9d69ba0a7a626a64dc5db08e529559cf,1,1,19.3,18.24,0.9450777202072538,1.0,0.0,-2.3203009259259257,0.0,1.0,5.0,0.0,0.0,False,Insufficient Review Volume
9d7a1d34a5052409006425275ba1c2b4,13,16,1054.82,277.05,0.26265144764035575,13.0,1.0,-11.364407941595442,7.6923076923076925,13.0,4.384615384615385,1.0,7.6923076923076925,False,Insufficient Review Volume
9da15f4a4ea758d9eeb49000dbe57e22,1,1,196.9,37.71,0.1915185373285932,1.0,1.0,6.047164351851852,100.0,1.0,2.0,1.0,100.0,False,Insufficient Review Volume
9da1ca0bef29ee170e541927a5aeabdc,6,6,1484.3999999999999,127.63,0.08598086769064943,6.0,2.0,-5.728290895061728,33.33333333333333,6.0,3.0,2.0,33.33333333333333,False,Insufficient Review Volume
9dc79dd988ac42f4d56c340d7048420a,4,4,749.6,94.33,0.12584044823906082,4.0,0.0,-9.167847222222223,0.0,4.0,4.75,0.0,0.0,False,Insufficient Review Volume
9dd459b29a14bf89d47183cf2cd0e4c7,2,2,180.0,18.82,0.10455555555555555,2.0,1.0,-5.230966435185185,50.0,2.0,5.0,0.0,0.0,False,Insufficient Review Volume
9dd59e43f0c9f0553244e8f9c2fb247e,10,10,356.3,151.82,0.4261015997754701,10.0,1.0,-12.909622685185187,10.0,10.0,4.8,0.0,0.0,False,Insufficient Review Volume
9dda5bbacd45e18d6485fee649205d09,19,22,1912.6000000000001,506.73,0.2649430095158423,19.0,2.0,-7.77010660331384,10.526315789473683,19.0,4.105263157894737,3.0,15.789473684210526,False,Insufficient Review Volume
9de4643a8dbde634fe55621059d92273,72,81,17560.34,1722.07,0.09806586888408766,72.0,3.0,-11.076966306584362,4.166666666666666,72.0,4.527777777777778,4.0,5.555555555555555,True,High Revenue + High Experience
9df5750209b83567ec144eb299d7d634,11,11,4917.0,259.3,0.05273540776896482,11.0,1.0,-19.636546717171715,9.090909090909092,11.0,4.0,2.0,18.181818181818183,False,Insufficient Review Volume
9e17b9d64683aebcbb9ee362d06463b4,2,3,98.69999999999999,37.97,0.38470111448834854,,,,,2.0,1.0,2.0,100.0,False,Insufficient Review Volume
9e25199f6ef7e7c347120ff175652c3b,1,1,12.5,14.52,1.1616,1.0,0.0,-13.384108796296296,0.0,1.0,4.0,0.0,0.0,False,Insufficient Review Volume
9e6229250fedbe05838fef417b74e7fb,74,78,13132.2,1854.45,0.14121396262621647,73.0,3.0,-14.542915873921865,4.10958904109589,74.0,3.891891891891892,11.0,14.864864864864865,True,High Revenue + Lower Experience
9e6967d3cf386d284251784b18ccb485,9,11,517.67,137.23,0.26509166071049123,9.0,1.0,-6.071523919753087,11.11111111111111,9.0,3.888888888888889,2.0,22.22222222222222,False,Insufficient Review Volume
9e7c5f4d7770eab65738cca38f9efccf,2,2,184.8,38.08,0.20606060606060603,2.0,0.0,-13.26486689814815,0.0,2.0,3.5,0.0,0.0,False,Insufficient Review Volume
9e94fa26a70ede4d26226e918e8706a2,1,1,62.8,9.94,0.15828025477707006,1.0,0.0,-7.22619212962963,0.0,1.0,5.0,0.0,0.0,False,Insufficient Review Volume
9e9b539eb2806acee3f5c28085c1db9f,3,3,967.0,72.47,0.07494312306101344,3.0,1.0,-2.1766975308641974,33.33333333333333,3.0,3.6666666666666665,1.0,33.33333333333333,False,Insufficient Review Volume
9ed65337433adfbedefd23dd76eaa494,6,6,1262.6,81.05,0.06419293521305243,6.0,0.0,-9.696184413580248,0.0,6.0,4.833333333333333,0.0,0.0,False,Insufficient Review Volume
9ef932e837d8b7f392c0bfee9d359dc2,1,1,59.9,19.66,0.3282136894824708,1.0,1.0,9.004814814814814,100.0,1.0,3.0,0.0,0.0,False,Insufficient Review Volume
9f50216bfd01913736a55a11b55ea842,17,19,1354.0,317.1,0.2341949778434269,17.0,3.0,-7.504719498910676,17.647058823529413,17.0,4.411764705882353,1.0,5.88235294117647,False,Insufficient Review Volume
9f505651f4a6abe901a56cdc21508025,397,430,26361.82,6030.04,0.22874141466712086,393.0,20.0,-10.0782443337103,5.089058524173027,394.0,4.341772151898734,40.0,10.152284263959391,True,High Revenue + High Experience
9f56a7a649097b166d8ed286ad86a15c,2,2,27.98,23.04,0.823445318084346,,,,,2.0,1.0,2.0,100.0,False,Insufficient Review Volume
9fbd5666d8618fa571c4230fafa09bd6,1,1,79.9,16.81,0.2103879849812265,1.0,0.0,-5.096400462962963,0.0,1.0,5.0,0.0,0.0,False,Insufficient Review Volume
9fc70243fb26800cba56e8f014797004,6,7,466.6,104.7,0.2243891984569224,6.0,0.0,-10.32761188271605,0.0,6.0,4.5,0.0,0.0,False,Insufficient Review Volume
9fe7c6641c79970ab48185498f547c09,1,1,130.0,34.71,0.267,1.0,0.0,-16.206145833333334,0.0,1.0,5.0,0.0,0.0,False,Insufficient Review Volume
a00824eb9093d40e589b940ec45c4eb0,3,3,9399.97,379.49,0.040371405440655664,3.0,0.0,-14.3617862654321,0.0,3.0,4.666666666666667,0.0,0.0,False,Insufficient Review Volume
a0415d9b25ede3c4b1e477e9916ffc03,10,10,4044.1,203.88,0.05041418362552855,9.0,0.0,-16.988317901234566,0.0,10.0,3.9,2.0,20.0,False,Insufficient Review Volume
a066df7361163e7ddc5d7452dd17448b,15,17,1078.3,266.32,0.24698135954743577,15.0,3.0,-7.7801118827160485,20.0,15.0,4.4,2.0,13.333333333333334,False,Insufficient Review Volume
a06c8ff043abea0528ee44171e2140a2,8,8,514.5,92.42999999999999,0.17965014577259475,8.0,0.0,-10.180092592592592,0.0,8.0,4.75,0.0,0.0,False,Insufficient Review Volume
a080fc8a850289b27500f6b49cca2553,4,4,383.0,52.57,0.13725848563968668,4.0,0.0,-8.657502893518519,0.0,4.0,4.75,0.0,0.0,False,Insufficient Review Volume
a08692680c77d30a0b4280da5df01c5a,6,17,2433.0,227.91000000000003,0.09367447595561036,6.0,0.0,-9.059861111111111,0.0,6.0,5.0,0.0,0.0,False,Insufficient Review Volume
a09a13f18ed27932d08438aa6f12756e,1,1,29.9,16.11,0.5387959866220736,1.0,0.0,-22.27857638888889,0.0,1.0,3.0,0.0,0.0,False,Insufficient Review Volume
a0a14e50070f3225b3eabba5b85da517,4,4,176.2,72.44,0.41112372304199774,4.0,0.0,-11.88470775462963,0.0,4.0,4.5,0.0,0.0,False,Insufficient Review Volume
a0d7fbb07bb5ebc3b05980e750db56f3,3,4,848.99,236.19,0.278201156668512,3.0,0.0,-13.226172839506171,0.0,3.0,2.3333333333333335,2.0,66.66666666666666,False,Insufficient Review Volume
a0e19590a0923cdd0614ea9427713ced,2,7,258.3,139.12,0.5385985288424313,,,,,2.0,1.0,2.0,100.0,False,Insufficient Review Volume
a1040efe9ff4a6f93c28b0499eada8f5,1,1,1658.83,34.48,0.02078573452373058,1.0,0.0,-14.13292824074074,0.0,1.0,5.0,0.0,0.0,False,Insufficient Review Volume
a1043bafd471dff536d0c462352beb48,718,770,101901.16,31844.09,0.31249977919780303,702.0,40.0,-11.747952889231824,5.698005698005698,715.0,4.222377622377622,78.0,10.909090909090908,True,High Revenue + High Experience
a11a0e0ca67423425691db355cff69b0,2,2,448.9,28.080000000000002,0.06255290710625976,2.0,1.0,-5.418240740740741,50.0,2.0,5.0,0.0,0.0,False,Insufficient Review Volume
a13580f0e8f782b7a543885a0ef99f08,10,10,1304.9,258.78,0.19831404705341402,10.0,2.0,-7.810491898148149,20.0,10.0,4.4,0.0,0.0,False,Insufficient Review Volume
a13aaf2d2886ab9fb30fb9a920160b8f,4,4,1011.52,74.31,0.07346369819677318,4.0,1.0,-5.9266579861111115,25.0,4.0,4.5,0.0,0.0,False,Insufficient Review Volume
a1474fd46fd3430168f7ec202da39408,12,14,2752.5,661.02,0.2401525885558583,12.0,2.0,-12.011083140432099,16.666666666666664,12.0,4.333333333333333,1.0,8.333333333333332,False,Insufficient Review Volume
a150c540f572d0fb53992264bc5c10b5,1,1,119.9,15.59,0.1300250208507089,1.0,0.0,-19.211724537037036,0.0,1.0,4.0,0.0,0.0,False,Insufficient Review Volume
a1544b9ea0b2390e020537d4daa89049,8,8,841.2,107.33,0.12759153590109368,8.0,0.0,-19.373292824074074,0.0,8.0,4.0,1.0,12.5,False,Insufficient Review Volume
a154d7316f158bb42e6fa18bbe3afd3a,2,2,139.8,50.33,0.36001430615164515,2.0,1.0,17.23984375,50.0,2.0,3.0,1.0,50.0,False,Insufficient Review Volume
a17f621c590ea0fab3d5d883e1630ec6,65,80,2778.58,1122.96,0.40414888180293534,63.0,5.0,-9.750945583480306,7.936507936507936,63.0,4.063492063492063,11.0,17.46031746031746,True,High Revenue + Lower Experience
a1bea7061f61f6fdd9a85a6325ba1033,9,9,810.95,99.93,0.12322584622973057,9.0,1.0,-5.353671553497943,11.11111111111111,9.0,4.444444444444445,0.0,0.0,False,Insufficient Review Volume
a1bea9970d8f65b240555f99c2214f7f,1,1,75.0,27.48,0.3664,1.0,0.0,-12.009479166666667,0.0,1.0,3.0,0.0,0.0,False,Insufficient Review Volume
a1ed30492b3b798bc121845bc4aa7366,1,2,41.8,23.7,0.5669856459330144,,,,,1.0,3.0,0.0,0.0,False,Insufficient Review Volume
a20d8058c866dbaeca014d2cd20ac62e,2,2,1194.0,44.9,0.03760469011725293,2.0,1.0,-2.6066493055555555,50.0,2.0,5.0,0.0,0.0,False,Insufficient Review Volume
a213f1bd6458f4a158f3746cb2514559,1,1,41.52,14.43,0.34754335260115604,1.0,0.0,-25.97332175925926,0.0,1.0,5.0,0.0,0.0,False,Insufficient Review Volume
a218df5c097b0ca409cfaac1488cc7f6,4,4,130.69,110.00999999999999,0.8417629504935342,4.0,0.0,-17.56714988425926,0.0,4.0,2.75,1.0,25.0,False,Insufficient Review Volume
a21c11ec5c3f03e7cc9f9203bff9e1c6,3,4,385.0,90.88,0.23605194805194804,3.0,0.0,-12.909162808641975,0.0,3.0,3.6666666666666665,1.0,33.33333333333333,False,Insufficient Review Volume
a23266650e7c84bb93fbbba502137478,11,16,1512.4,279.04,0.1845014546416292,11.0,0.0,-16.103647937710438,0.0,11.0,3.8181818181818183,2.0,18.181818181818183,False,Insufficient Review Volume
a247197e2e9c19a6a53a6888cb8b660f,2,2,798.0,143.07,0.17928571428571427,,,,,2.0,1.0,2.0,100.0,False,Insufficient Review Volume
a254c682cc01e119f83530446f1df9a9,6,7,569.4,240.02,0.4215314365999298,6.0,1.0,-9.573744212962962,16.666666666666664,6.0,4.0,1.0,16.666666666666664,False,Insufficient Review Volume
a2a41aedb70551d4a85aa04dc2fced48,2,2,52.79,26.94,0.5103239249857928,2.0,0.0,-13.619056712962964,0.0,2.0,4.0,0.0,0.0,False,Insufficient Review Volume
a2b5b6105ea5942300631d2e76f4ffe0,16,16,3286.6899999999996,722.65,0.21987166419711018,16.0,2.0,-7.385464409722222,12.5,16.0,4.75,0.0,0.0,False,Insufficient Review Volume
a2b911e9ad40dc7d61c142a4683e2d85,1,1,85.9,34.4,0.4004656577415599,1.0,0.0,-15.477592592592593,0.0,1.0,5.0,0.0,0.0,False,Insufficient Review Volume
a2deecd5398f5df4987110c80a1972a3,16,16,827.4300000000001,292.1,0.35302079934254255,13.0,0.0,-12.935335648148149,0.0,16.0,3.7058823529411766,4.0,25.0,False,Insufficient Review Volume
a2e85714b56b1cb6bb24a9a6e6cad36f,2,3,339.70000000000005,40.74,0.11992934942596407,,,,,2.0,1.0,2.0,100.0,False,Insufficient Review Volume
a2e874074c877c5a05abae80ad6e488f,44,46,8071.9800000000005,1202.82,0.14901176662974883,40.0,2.0,-15.597168402777777,5.0,44.0,3.9545454545454546,7.0,15.909090909090908,True,High Revenue + Lower Experience
a2fa0bdc798ee84cdb08281337cf4fb6,10,13,392.75,218.27,0.5557479312539784,8.0,0.0,-6.856783854166666,0.0,10.0,4.0,2.0,20.0,False,Insufficient Review Volume
a3082f442524a1be452e3189e003b361,3,4,301.6,97.65,0.3237732095490716,3.0,0.0,-11.748557098765431,0.0,3.0,4.333333333333333,0.0,0.0,False,Insufficient Review Volume
a35124e2d763d7ca3fbe3b97d143200f,4,7,411.5,78.89,0.19171324422843256,4.0,0.0,-11.526397569444445,0.0,4.0,4.75,0.0,0.0,False,Insufficient Review Volume
a353b1083c9863d756d9404695016d64,1,1,120.0,17.09,0.14241666666666666,1.0,0.0,-7.30224537037037,0.0,1.0,5.0,0.0,0.0,False,Insufficient Review Volume
a35ef466c6fd6d052f5d241240d3c5e2,3,3,569.9,79.65,0.13976136164239342,3.0,0.0,-19.94471836419753,0.0,3.0,4.666666666666667,0.0,0.0,False,Insufficient Review Volume
a369d693961cb93b61ca2cc518872a85,11,18,2597.0,616.79,0.2375009626492106,11.0,0.0,-14.728439604377105,0.0,11.0,3.909090909090909,2.0,18.181818181818183,False,Insufficient Review Volume
a36ac007a4d18f865c8d32c3b2402c2d,9,9,1359.7800000000002,177.19,0.13030784391592756,8.0,0.0,-22.681164641203704,0.0,9.0,2.5555555555555554,5.0,55.55555555555556,False,Insufficient Review Volume
a36b125ac6d5fdbc7f50de85c9157bdc,24,26,1843.64,388.99,0.21099021500943785,23.0,3.0,-10.148510466988728,13.043478260869565,24.0,3.9583333333333335,3.0,12.5,False,Insufficient Review Volume
a37c340b91cb0169e8b029db6440fba2,5,5,345.0,94.95,0.27521739130434786,5.0,0.0,-11.65300462962963,0.0,5.0,4.8,0.0,0.0,False,Insufficient Review Volume
a3a38f4affed601eb87a97788c949667,254,263,26533.32,5241.95,0.19756102892514016,251.0,12.0,-14.039605743691899,4.780876494023905,251.0,4.386454183266932,21.0,8.366533864541832,True,High Revenue + High Experience
a3b0df0065e264a91b7bbf5f844af5cd,2,2,186.69,32.06,0.17172853393325835,2.0,0.0,-5.690358796296296,0.0,2.0,5.0,0.0,0.0,False,Insufficient Review Volume
a3b42d266fa8afc874b909422ce88582,1,6,839.4000000000001,81.84,0.09749821300929234,1.0,0.0,-3.0570601851851853,0.0,1.0,5.0,0.0,0.0,False,Insufficient Review Volume
a3dd39f583bc80bd8c5901c95878921e,34,37,4607.81,804.35,0.17456231919284865,34.0,1.0,-11.05301028050109,2.941176470588235,34.0,4.6,1.0,2.941176470588235,True,High Revenue + High Experience
a3e9a2c700480d9bb01fba070ba80a0e,130,144,13440.8,2883.09,0.21450285697279925,129.0,13.0,-9.460426177146138,10.077519379844961,128.0,3.984732824427481,22.0,17.1875,True,High Revenue + Lower Experience
a3f0b55de503387383c7b1de3ad7f678,24,26,4348.400000000001,1229.34,0.28271088216355433,24.0,1.0,-13.632355324074075,4.166666666666666,24.0,4.416666666666667,1.0,4.166666666666666,False,Insufficient Review Volume
a3fa18b3f688ec0fca3eb8bfcbd2d5b3,1,2,47.8,36.46,0.7627615062761507,1.0,0.0,-2.3071064814814815,0.0,1.0,5.0,0.0,0.0,False,Insufficient Review Volume
a414555ce331b8c8aea4a9cb8395194d,7,8,1450.95,242.64,0.16722836762121368,7.0,0.0,-12.05834656084656,0.0,6.0,3.3333333333333335,2.0,33.33333333333333,False,Insufficient Review Volume
a416b6a846a11724393025641d4edd5e,162,181,25670.72,2999.8,0.11685687039553234,157.0,20.0,-9.598157510615712,12.738853503184714,162.0,4.154320987654321,25.0,15.432098765432098,True,High Revenue + High Experience
a420f60ff1aa9acc80d0e42959f2b313,67,69,7443.3,1099.97,0.14777988257896363,67.0,6.0,-12.245959266169153,8.955223880597014,65.0,3.953846153846154,10.0,15.384615384615385,True,High Revenue + Lower Experience
a425f92c199eb576938df686728acd20,17,19,1165.8,308.95,0.2650111511408475,16.0,0.0,-14.489281684027777,0.0,17.0,4.294117647058823,3.0,17.647058823529413,False,Insufficient Review Volume
a435b009cd956ea60748b5cfbddf2e24,3,3,361.18,45.209999999999994,0.12517304391162298,3.0,2.0,3.1874074074074064,66.66666666666666,3.0,4.333333333333333,0.0,0.0,False,Insufficient Review Volume
a44fb5a447105f8469bdf16bf9159f25,19,19,3706.1,586.61,0.15828229135749172,19.0,5.0,-6.289195297270955,26.31578947368421,19.0,4.052631578947368,3.0,15.789473684210526,False,Insufficient Review Volume
a45314082d50d578a4721c9787ce09ab,2,2,424.9,29.020000000000003,0.06829842315839021,2.0,0.0,-5.201302083333333,0.0,2.0,5.0,0.0,0.0,False,Insufficient Review Volume
a45765f8afb1e594b22bf9e974b46765,1,1,79.99,8.93,0.11163895486935867,1.0,0.0,-13.420763888888889,0.0,1.0,4.0,0.0,0.0,False,Insufficient Review Volume
a478c7961d6a992065b24e63b366f90b,8,9,1281.5,170.06,0.1327038626609442,8.0,0.0,-16.315399305555555,0.0,8.0,4.875,0.0,0.0,False,Insufficient Review Volume
a49928bcdf77c55c6d6e05e09a9b4ca5,98,106,8816.7,1757.55,0.1993432917077818,96.0,25.0,-3.6783018663194444,26.041666666666668,98.0,3.010204081632653,40.0,40.816326530612244,True,High Revenue + Lower Experience
a4b6b9b992b46e9ef863637af96e04bc,7,14,7147.0,305.36,0.04272561914089828,6.0,1.0,-9.992451774691357,16.666666666666664,7.0,3.2857142857142856,2.0,28.57142857142857,False,Insufficient Review Volume
a4b8d97cd5d3674eeff96abc99d8ed67,1,1,214.08,19.3,0.09015321375186845,1.0,0.0,-15.384918981481482,0.0,1.0,1.0,1.0,100.0,False,Insufficient Review Volume
a4bd6e9adf39b63f43dc545d3ca1f53d,4,5,1848.59,112.38000000000001,0.06079227952114856,4.0,0.0,-15.948061342592593,0.0,4.0,4.5,0.0,0.0,False,Insufficient Review Volume
a4e634166243bbb3a13fa584463fa468,2,2,155.55,45.629999999999995,0.2933461909353905,,,,,2.0,2.0,2.0,100.0,False,Insufficient Review Volume
a4fc6eadaff1576af888509a53420f6a,1,1,100.86,20.76,0.20582986317668056,1.0,0.0,-5.253831018518518,0.0,1.0,3.0,0.0,0.0,False,Insufficient Review Volume
a513150f33f99a06569e9cd5c4bb889b,2,2,677.0,34.25,0.050590841949778434,2.0,0.0,-14.221116898148148,0.0,2.0,4.333333333333333,0.0,0.0,False,Insufficient Review Volume
a5259c149128e82c9d6d46e0c1c812bb,8,8,1182.26,438.87,0.37121276199820685,8.0,0.0,-22.772724247685183,0.0,8.0,3.875,2.0,25.0,False,Insufficient Review Volume
a53f60f05f822b5c621a50ff6a5cb362,4,6,415.40000000000003,129.13,0.3108570052961001,4.0,0.0,-18.522598379629628,0.0,3.0,3.6666666666666665,1.0,33.33333333333333,False,Insufficient Review Volume
a56a8043ebf66e42119618fb8cf232c6,1,1,83.0,23.73,0.28590361445783136,1.0,0.0,-8.238402777777777,0.0,1.0,5.0,0.0,0.0,False,Insufficient Review Volume
a56e351445e5863fc8960640ba9190c7,3,4,760.9200000000001,65.06,0.08550176102612626,3.0,1.0,-7.22451774691358,33.33333333333333,3.0,4.333333333333333,0.0,0.0,False,Insufficient Review Volume
a5a1bfcf728ab0e19182959cf0771ee4,21,24,1812.96,347.89,0.19189060983143588,21.0,2.0,-9.50858630952381,9.523809523809524,21.0,4.333333333333333,1.0,4.761904761904762,False,Insufficient Review Volume
a5bff0f43eb51f0cad7c37fac7244c8a,4,5,445.0,96.27000000000001,0.21633707865168542,4.0,0.0,-11.16455150462963,0.0,4.0,4.75,0.0,0.0,False,Insufficient Review Volume
a5cba26a62b8b4d0145b68b841e62e7f,54,55,14737.84,1382.82,0.09382786079914017,53.0,1.0,-14.090742706149545,1.8867924528301887,54.0,4.518518518518518,3.0,5.555555555555555,True,High Revenue + High Experience
a5dd1946fb63ada8bcaa0c9cd8f11e22,6,7,219.62,206.71,0.9412166469356161,6.0,0.0,-9.752372685185184,0.0,6.0,3.8333333333333335,1.0,16.666666666666664,False,Insufficient Review Volume
a5ff20ff766e7f50bd5066f33da14413,2,4,66.59,43.58,0.6544526205135905,2.0,0.0,-26.115896990740744,0.0,2.0,3.0,1.0,50.0,False,Insufficient Review Volume
a61cc04793308395a840807104365121,1,1,14.63,23.74,1.6226930963773067,1.0,0.0,-9.234652777777777,0.0,1.0,5.0,0.0,0.0,False,Insufficient Review Volume
a63bfbaa882c8f4542891b4e2246cc7f,7,7,6772.0,264.19,0.039012108682811575,6.0,1.0,-9.608769290123456,16.666666666666664,7.0,4.428571428571429,1.0,14.285714285714285,False,Insufficient Review Volume
a64e44665225d19dfc0277eeeaaccc57,6,6,335.0,91.76,0.27391044776119405,6.0,1.0,-6.176284722222223,16.666666666666664,6.0,5.0,0.0,0.0,False,Insufficient Review Volume
a663d9c3797e90eac99ff60939416a56,1,1,235.0,14.08,0.05991489361702128,1.0,0.0,-6.075983796296296,0.0,1.0,5.0,0.0,0.0,False,Insufficient Review Volume
a673821011d0cec28146ea42f5ab767f,129,146,13863.69,2626.45,0.18944811951219334,125.0,14.0,-8.43991287037037,11.200000000000001,124.0,3.9921259842519685,23.0,18.548387096774192,True,High Revenue + Lower Experience
a67780aba9dd436e7ac0aa1f889e73ec,6,6,863.0,178.04000000000002,0.20630359212050986,6.0,2.0,-3.6513753858024693,33.33333333333333,6.0,3.6666666666666665,1.0,16.666666666666664,False,Insufficient Review Volume
a69aa24cec11168e7e39a3fbc727e925,3,3,105.97,34.32,0.3238652448806266,3.0,0.0,-8.887060185185186,0.0,3.0,5.0,0.0,0.0,False,Insufficient Review Volume
a6bd7d1ccdac48c6b33b28596b7eb122,16,16,14368.61,678.02,0.04718758460282518,15.0,2.0,-15.618875,13.333333333333334,15.0,3.3333333333333335,6.0,40.0,False,Insufficient Review Volume
a6fe7de3d16f6149ffe280349a8535a0,51,52,2904.7999999999997,742.62,0.2556527127513082,50.0,8.0,-8.591528472222222,16.0,50.0,3.98,9.0,18.0,True,High Revenue + Lower Experience
a70e9066dbfd10b6b97a3f54a1356762,2,4,1716.0,311.4,0.18146853146853145,2.0,0.0,-8.0459375,0.0,2.0,5.0,0.0,0.0,False,Insufficient Review Volume
a72c2f59332659e361d647515c698798,5,6,802.9,131.03,0.16319591480881804,5.0,0.0,-16.65916435185185,0.0,5.0,4.8,0.0,0.0,False,Insufficient Review Volume
a72f15980dc3e9bfd1a49ac9b2f3af65,1,1,89.9,18.73,0.20834260289210232,1.0,0.0,-13.178680555555555,0.0,1.0,4.0,0.0,0.0,False,Insufficient Review Volume
a7a9b880c49781da66651ccf4ba9ac38,3,4,307.6,65.47,0.2128413524057217,3.0,0.0,-11.281720679012345,0.0,3.0,3.6666666666666665,0.0,0.0,False,Insufficient Review Volume
a7b7354cc588f7566a848bcbb1ce3d96,2,2,79.8,25.07,0.3141604010025063,2.0,0.0,-6.342800925925926,0.0,2.0,4.0,0.0,0.0,False,Insufficient Review Volume
a7c53f6b3b61adbdaa99dda97e8cbd56,1,1,99.0,11.3,0.11414141414141415,1.0,0.0,-9.308217592592593,0.0,1.0,4.0,0.0,0.0,False,Insufficient Review Volume
a7c88262832dfc683781d6a421edefae,5,5,1520.0,82.42,0.05422368421052632,5.0,0.0,-11.366541666666667,0.0,5.0,4.2,0.0,0.0,False,Insufficient Review Volume
a7d0f8dd44f57ef6de7f7f02e3d82630,2,2,73.78999999999999,25.88,0.3507250304919366,2.0,0.0,-10.194091435185186,0.0,2.0,4.5,0.0,0.0,False,Insufficient Review Volume
a7dc4098e4da6e41b426269d12ae7e91,2,3,518.0,36.45,0.07036679536679537,2.0,0.0,-5.194247685185185,0.0,2.0,3.0,1.0,50.0,False,Insufficient Review Volume
a7ecf689b40a44361e259b28939023e4,1,1,389.0,21.91,0.05632390745501285,1.0,0.0,-8.15638888888889,0.0,1.0,5.0,0.0,0.0,False,Insufficient Review Volume
a7f13822ceb966b076af67121f87b063,75,86,12477.64,3117.48,0.24984532331434472,73.0,5.0,-15.8618366311517,6.8493150684931505,74.0,3.3378378378378377,22.0,29.72972972972973,True,High Revenue + Lower Experience
a806a4bb063ea7ca6d374eafa50a6058,5,6,294.4,110.87,0.37659646739130437,5.0,0.0,-22.355046296296297,0.0,5.0,4.0,0.0,0.0,False,Insufficient Review Volume
a81466620e46a6970b22ef40379fdfc9,2,2,321.8,32.98,0.10248601615910502,2.0,0.0,-16.29453703703704,0.0,2.0,5.0,0.0,0.0,False,Insufficient Review Volume
a8739afb32aaa45e01815ca76f76f54b,13,15,298.83,264.73,0.8858882976943414,13.0,1.0,-9.71661680911681,7.6923076923076925,13.0,3.769230769230769,3.0,23.076923076923077,False,Insufficient Review Volume
a888faf2d1baececa6baf9c3d603ee1f,54,55,17765.8,1121.52,0.0631280325119049,53.0,8.0,-10.074773104472396,15.09433962264151,54.0,4.037037037037037,9.0,16.666666666666664,True,High Revenue + Lower Experience
a89e143d5211473ae18db9577ee34b64,2,2,140.0,19.68,0.14057142857142857,1.0,0.0,-6.282037037037037,0.0,2.0,3.0,1.0,50.0,False,Insufficient Review Volume
a90a5da8b09e44264a177c0374a5ac87,3,3,74.69999999999999,72.6,0.9718875502008033,3.0,0.0,-16.485586419753087,0.0,3.0,4.333333333333333,0.0,0.0,False,Insufficient Review Volume
a938325a4b357fd23a6a4d5bb126408e,24,25,3231.0,560.81,0.173571649644073,24.0,1.0,-10.646807002314814,4.166666666666666,24.0,3.8333333333333335,5.0,20.833333333333336,False,Insufficient Review Volume
a9415cf907dfa12f9ed18693244f5329,1,2,210.0,175.42,0.8353333333333333,1.0,0.0,-14.175162037037037,0.0,1.0,5.0,0.0,0.0,False,Insufficient Review Volume
a99504ac23ed125aaf5302af6cc30af9,1,1,978.0,47.24,0.04830265848670757,1.0,0.0,-7.129201388888889,0.0,1.0,5.0,0.0,0.0,False,Insufficient Review Volume
a9ae440659f48b7849df83e82734150b,1,1,285.0,27.02,0.09480701754385965,1.0,0.0,-31.108541666666667,0.0,1.0,5.0,0.0,0.0,False,Insufficient Review Volume
a9b533a26e898b12e8b8d4c07279bf4d,4,4,119.6,71.46,0.5974916387959865,4.0,0.0,-9.66724537037037,0.0,4.0,5.0,0.0,0.0,False,Insufficient Review Volume
aa17b35ce4de7b565be3249ba838944f,2,2,79.8,34.2,0.4285714285714286,2.0,0.0,-8.81162037037037,0.0,2.0,4.5,0.0,0.0,False,Insufficient Review Volume
aa1eb17b9fdf6dfd546e25c45c7b9235,3,4,117.99,36.269999999999996,0.3073989321128909,3.0,0.0,-8.497912808641976,0.0,3.0,4.666666666666667,0.0,0.0,False,Insufficient Review Volume
aa2640d851ec322526f1295bbeb20092,1,2,159.98,22.36,0.13976747093386674,1.0,0.0,-4.150949074074074,0.0,1.0,3.0,0.0,0.0,False,Insufficient Review Volume
aa762680c40618316a896838866140ea,3,3,261.0,62.46,0.2393103448275862,3.0,1.0,-8.556616512345679,33.33333333333333,3.0,3.3333333333333335,1.0,33.33333333333333,False,Insufficient Review Volume
aa8af66c623d7d544dfe4bb85b5ebe3b,1,1,99.0,15.57,0.1572727272727273,1.0,0.0,-17.172303240740742,0.0,1.0,5.0,0.0,0.0,False,Insufficient Review Volume
aac29b1b99776be73c3049939652091d,98,138,6755.91,2709.61,0.401072542411015,94.0,9.0,-10.061690430457052,9.574468085106384,96.0,4.1020408163265305,11.0,11.458333333333332,True,High Revenue + Lower Experience
aac51c486b672a9850d59f3e84b1cf88,10,13,728.28,131.29,0.18027407041247873,10.0,0.0,-7.854832175925926,0.0,10.0,4.8,0.0,0.0,False,Insufficient Review Volume
aadfe0417e61315688b6bd7043361e25,1,1,289.9,14.28,0.04925836495343222,1.0,0.0,-15.154178240740741,0.0,1.0,4.0,0.0,0.0,False,Insufficient Review Volume
aae3bfea055532c57fb453ed3ec80b30,48,50,3057.92,799.25,0.2613704740477187,48.0,0.0,-13.138421103395062,0.0,47.0,3.595744680851064,10.0,21.27659574468085,True,High Revenue + Lower Experience
aae5953b9edddf14749c0d65d60eb4b9,2,2,173.0,29.9,0.17283236994219653,2.0,0.0,-11.700075231481481,0.0,2.0,5.0,0.0,0.0,False,Insufficient Review Volume
aae5e7b457a3c72ee230a47d98fceda5,5,7,604.8,140.77,0.23275462962962967,5.0,0.0,-18.548886574074075,0.0,5.0,4.2,0.0,0.0,False,Insufficient Review Volume
aaed1309374718fdd995ee4c58c9dfcd,105,112,9376.95,2331.07,0.2485957587488469,104.0,3.0,-16.560984241452992,2.8846153846153846,105.0,4.066666666666666,14.0,13.333333333333334,True,High Revenue + Lower Experience
aafe36600ce604f205b86b5084d3d767,129,131,9251.4,2421.8,0.26177659597466335,129.0,6.0,-12.446116673844386,4.651162790697675,129.0,4.403100775193798,12.0,9.30232558139535,True,High Revenue + High Experience
ab27bbbad5239bc31a34709275a70db4,3,11,382.9,102.15,0.2667798380778271,3.0,0.0,-10.572750771604937,0.0,3.0,5.0,0.0,0.0,False,Insufficient Review Volume
ab3e0c171fe84a7ba7de130f19cfb485,7,10,863.42,172.28,0.19953209330337496,6.0,2.0,-7.430742669753087,33.33333333333333,7.0,3.5714285714285716,2.0,28.57142857142857,False,Insufficient Review Volume
ab75b89cc49c9ab3160d0c91565a442a,2,2,37.98,15.85,0.4173249078462349,1.0,0.0,-23.227141203703702,0.0,2.0,1.5,2.0,100.0,False,Insufficient Review Volume
ab91571efab27993ff2f6b36e38055c3,3,4,102.24,56.69,0.55447965571205,3.0,1.0,-3.9714043209876544,33.33333333333333,3.0,4.666666666666667,0.0,0.0,False,Insufficient Review Volume
ab9db4cf53b08b828b64dccaafc2d9f0,5,5,277.67,125.76,0.4529117297511434,4.0,0.0,-18.85212673611111,0.0,5.0,4.2,1.0,20.0,False,Insufficient Review Volume
aba1721a889e04decc910aa13b768ef4,83,92,14103.3,1249.17,0.08857288719661356,83.0,9.0,-10.956338827532353,10.843373493975903,83.0,4.445783132530121,8.0,9.63855421686747,True,High Revenue + High Experience
abbf6046bbdf1028606a5bc7f00c99e7,7,7,2217.15,175.99,0.07937667726585933,6.0,0.0,-16.407260802469136,0.0,7.0,4.142857142857143,1.0,14.285714285714285,False,Insufficient Review Volume
abc015ebac1d283a323ca9db35ede4b9,12,13,1106.8,222.85000000000002,0.20134622334658478,12.0,0.0,-14.340567129629628,0.0,12.0,4.416666666666667,1.0,8.333333333333332,False,Insufficient Review Volume
abcd2cb37d46c2c8fb1bf071c859fc5b,45,52,4880.22,1320.4,0.2705615730438382,44.0,2.0,-16.013399095117844,4.545454545454546,45.0,4.2444444444444445,2.0,4.444444444444445,True,High Revenue + High Experience
abe021b01ba992245271b9aa422032df,2,2,6720.0,117.24000000000001,0.01744642857142857,2.0,0.0,-30.367980324074075,0.0,2.0,3.5,1.0,50.0,False,Insufficient Review Volume
abe42c5d03695b4257b5c6cbf4e6784e,50,50,17159.0,999.23,0.058233580045457194,49.0,8.0,-8.628012566137565,16.3265306122449,49.0,3.9183673469387754,9.0,18.367346938775512,True,High Revenue + Lower Experience
ac137bac82ffa8548e62bd9d01d2a14f,1,1,49.6,9.34,0.18830645161290321,,,,,1.0,1.0,1.0,100.0,False,Insufficient Review Volume
ac1ed5fc15901fbc92920361eb4ab350,1,1,110.25,13.79,0.12507936507936507,,,,,1.0,1.0,1.0,100.0,False,Insufficient Review Volume
ac3508719a1d8f5b7614b798f70af136,103,104,12775.84,3016.39,0.23610110959435934,101.0,3.0,-17.372371080858088,2.9702970297029703,101.0,4.603960396039604,4.0,3.9603960396039604,True,High Revenue + High Experience
ac51cac5e20d69ff485a54746488ef48,4,4,759.9,73.87,0.09721015923147784,3.0,0.0,-9.783479938271606,0.0,4.0,3.5,1.0,25.0,False,Insufficient Review Volume
ac6417315ae5da8f9a38ee11de6f7780,8,8,788.9,182.53,0.23137279756623147,7.0,1.0,-12.865848214285716,14.285714285714285,8.0,3.75,2.0,25.0,False,Insufficient Review Volume
ac9b01377919cdbd2a1bbb8d5837c70b,1,1,55.9,23.54,0.4211091234347048,1.0,0.0,-29.41528935185185,0.0,1.0,3.0,0.0,0.0,False,Insufficient Review Volume
acadd4d36859671cb635527c6c977533,12,12,2381.0,265.94,0.11169256614867702,12.0,2.0,-6.390378086419752,16.666666666666664,12.0,4.25,1.0,8.333333333333332,False,Insufficient Review Volume
acb6c2ca5c82411c1fdb88d5fd5eb95e,10,11,413.88,161.61,0.39047550014496957,10.0,0.0,-13.64432060185185,0.0,10.0,3.9,2.0,20.0,False,Insufficient Review Volume
acce39e832338debb07b02385cde5967,44,44,4748.1,1175.56,0.24758534992944542,44.0,0.0,-9.628650042087543,0.0,44.0,4.4772727272727275,3.0,6.8181818181818175,True,High Revenue + High Experience
ace601496e211a664100321f038f50af,1,1,165.0,14.92,0.09042424242424242,,,,,1.0,2.0,1.0,100.0,False,Insufficient Review Volume
aced59e9b31ef866a94f9e7f29d8d418,61,67,7268.5,1047.3,0.1440875008598748,61.0,5.0,-10.729572138737097,8.19672131147541,61.0,4.419354838709677,4.0,6.557377049180328,True,High Revenue + High Experience
acf974e4d5950ad143a247471b831eb9,5,12,423.8,329.82,0.7782444549315715,5.0,0.0,-15.859983796296296,0.0,4.0,4.75,0.0,0.0,False,Insufficient Review Volume
ad14615bdd492b01b0d97922e87cb87f,1,1,8.25,10.96,1.3284848484848486,1.0,0.0,-13.679641203703703,0.0,1.0,5.0,0.0,0.0,False,Insufficient Review Volume
ad273c9eb54ecb4532de4bf75bae9e4e,10,11,645.0,184.75,0.2864341085271318,10.0,0.0,-11.175914351851851,0.0,10.0,4.1,1.0,10.0,False,Insufficient Review Volume
ad420dd0c4f92f8af951ac24b86d0cf5,42,46,4705.29,913.11,0.19406030234055713,42.0,3.0,-10.234122299382715,7.142857142857142,40.0,4.125,6.0,15.0,True,High Revenue + Lower Experience
ad738d3fcf42655ed15c4960b7b6c601,1,1,65.0,15.89,0.24446153846153848,,,,,1.0,1.0,1.0,100.0,False,Insufficient Review Volume
ad75519a07f039025e83795a4418470f,3,9,302.1,115.82000000000001,0.38338298576630253,3.0,0.0,-17.46880401234568,0.0,3.0,3.6666666666666665,1.0,33.33333333333333,False,Insufficient Review Volume
ad781527c93d00d89a11eecd9dcad7c1,44,44,6899.570000000001,2379.69,0.3449041027194448,38.0,12.0,-8.314369822124757,31.57894736842105,44.0,3.0681818181818183,18.0,40.909090909090914,True,High Revenue + Lower Experience
ad87df7699e83b8a91822a4a0b765c3a,6,7,349.9,88.72,0.25355815947413546,5.0,0.0,-16.171583333333334,0.0,6.0,3.8333333333333335,0.0,0.0,False,Insufficient Review Volume
ad8ada0ffa993cb1197d102d9ab21a3e,1,2,599.8,56.36,0.09396465488496165,,,,,1.0,1.0,1.0,100.0,False,Insufficient Review Volume
ad8b531ae67582f096925cff5630d0d1,3,3,208.35000000000002,67.56,0.32426205903527716,2.0,0.0,-10.6565625,0.0,3.0,3.0,1.0,33.33333333333333,False,Insufficient Review Volume
ad97a199236354e53fcd91a5a913e9a2,17,18,13205.9,868.8,0.06578877622880681,16.0,2.0,-9.720891927083333,12.5,17.0,4.529411764705882,1.0,5.88235294117647,False,Insufficient Review Volume
adbc26658d6c7b4b6219f9d934598091,88,92,11806.4,1885.85,0.15973116275918145,88.0,14.0,-7.504794954755892,15.909090909090908,88.0,4.125,14.0,15.909090909090908,True,High Revenue + Lower Experience
adbe70ab2c97442046d393988c8d1d27,5,5,289.5,65.15,0.22504317789291883,5.0,0.0,-7.971451388888889,0.0,4.0,5.0,0.0,0.0,False,Insufficient Review Volume
adcf50477d6a1f5d91bb9d54c4903cb5,19,38,1425.14,798.66,0.5604081002568169,16.0,3.0,-12.766213831018518,18.75,19.0,3.263157894736842,6.0,31.57894736842105,False,Insufficient Review Volume
ade45994b717ccee333492330fbf037b,10,10,7196.0,283.63,0.03941495275152863,10.0,0.0,-24.484471064814816,0.0,10.0,4.5,0.0,0.0,False,Insufficient Review Volume
aded58c8142dedc5494a81f948431fab,4,5,289.5,89.98,0.3108117443868739,4.0,0.0,-12.545190972222223,0.0,4.0,3.75,1.0,25.0,False,Insufficient Review Volume
ae45ad30c2d2e5913094769690a239d2,1,2,251.8,31.26,0.12414614773629865,1.0,0.0,-14.24363425925926,0.0,1.0,5.0,0.0,0.0,False,Insufficient Review Volume
ae45df84722b1d15c5f32b23a095746c,9,12,901.83,163.66,0.18147544437421687,9.0,0.0,-15.641783693415638,0.0,9.0,4.777777777777778,0.0,0.0,False,Insufficient Review Volume
ae7ab174effdead6c241e547e4ca13f0,6,7,2778.6,795.46,0.28628086086518395,6.0,0.0,-10.389990354938272,0.0,6.0,4.333333333333333,1.0,16.666666666666664,False,Insufficient Review Volume
ae8bfdbf1c2a2a2dee92d799db0a31c6,8,8,339.92,146.22,0.43016003765591904,8.0,0.0,-15.107581018518518,0.0,8.0,4.125,0.0,0.0,False,Insufficient Review Volume
ae9690c6e8fee182c28c9ff8e11ca52c,1,1,47.4,12.41,0.26181434599156117,1.0,0.0,-46.539467592592594,0.0,1.0,5.0,0.0,0.0,False,Insufficient Review Volume
aeb36d67f1414f234d42a29e27cf1f17,4,4,3263.8,284.3,0.08710705312825541,4.0,1.0,-2.218880208333333,25.0,4.0,4.5,0.0,0.0,False,Insufficient Review Volume
aec99834ab5d38ead22766ada8497e87,1,1,459.0,17.51,0.03814814814814815,1.0,0.0,-12.015474537037036,0.0,1.0,5.0,0.0,0.0,False,Insufficient Review Volume
af3ef48d0e13835e529c29ac573c63e5,21,21,1405.63,467.5,0.33259108015622885,21.0,1.0,-10.687555114638448,4.761904761904762,21.0,3.761904761904762,5.0,23.809523809523807,False,Insufficient Review Volume
af4a0e4cfe1d9c26b6712b1be25a72e5,21,26,8757.98,593.62,0.06778046992571347,21.0,2.0,-12.021671075837743,9.523809523809524,21.0,3.4285714285714284,8.0,38.095238095238095,False,Insufficient Review Volume
af7cdac9d9897cddead9c6b08976c642,6,6,543.54,150.47,0.27683335173124335,6.0,1.0,-6.911259645061729,16.666666666666664,6.0,3.6666666666666665,1.0,16.666666666666664,False,Insufficient Review Volume
afa6714acee029b2dfdf357e5579cc03,16,17,3220.7599999999998,382.82,0.11886014481054162,16.0,2.0,-13.427081886574074,12.5,16.0,4.25,2.0,12.5,False,Insufficient Review Volume
afac9f6b0c4e5f0a7ee87e922cd0f873,1,1,20.99,11.85,0.5645545497856123,,,,,1.0,1.0,1.0,100.0,False,Insufficient Review Volume
afe0067131b73e40875c9b6c10bd2e21,46,46,5130.400000000001,1125.45,0.21936886012786527,45.0,2.0,-10.702703703703703,4.444444444444445,45.0,4.2,5.0,11.11111111111111,True,High Revenue + High Experience
b00af24704019bd2e1b335e70ad11f7c,1,1,189.0,18.25,0.09656084656084656,1.0,0.0,-19.431296296296296,0.0,1.0,5.0,0.0,0.0,False,Insufficient Review Volume
b01c2b7b8599b325103ebcddc67413e1,4,4,169.45,72.67,0.4288580702272057,4.0,0.0,-9.419817708333333,0.0,4.0,4.75,0.0,0.0,False,Insufficient Review Volume
b026643914f651e8371425e5b8a1e780,1,1,27.9,15.1,0.5412186379928315,1.0,0.0,-14.145868055555555,0.0,1.0,5.0,0.0,0.0,False,Insufficient Review Volume
b0398568231ba5e6734af1881671a317,4,4,656.77,113.35,0.17258705482893555,4.0,0.0,-12.217705439814814,0.0,4.0,4.0,1.0,25.0,False,Insufficient Review Volume
b05b432bf68945d4d9783f9e3ca29ee8,2,2,224.8,26.09,0.11605871886120996,2.0,0.0,-15.76916087962963,0.0,2.0,4.5,0.0,0.0,False,Insufficient Review Volume
b080809eaacb49e5ca07290981472431,11,11,424.0,143.4,0.33820754716981133,11.0,0.0,-9.670307239057239,0.0,11.0,4.818181818181818,0.0,0.0,False,Insufficient Review Volume
b0b346d3a89f5eb4c2968af3f083cd43,11,12,614.0,212.60000000000002,0.34625407166123784,9.0,4.0,3.242889660493827,44.44444444444444,11.0,3.272727272727273,4.0,36.36363636363637,False,Insufficient Review Volume
b0f2a6122a90a93eb03e68653dd960e3,6,7,1620.3,137.98,0.0851570696784546,6.0,0.0,-16.644546682098767,0.0,6.0,4.833333333333333,0.0,0.0,False,Insufficient Review Volume
b1204cfda1d4948679db3cfc0d3cb95c,7,11,2903.7,174.45,0.060078520508316975,6.0,0.0,-19.989172453703702,0.0,7.0,4.0,2.0,28.57142857142857,False,Insufficient Review Volume
b127efdabeffb5d559349c7b172eb75d,10,10,308.5,112.77,0.36554294975688817,10.0,1.0,-19.308587962962964,10.0,10.0,4.8,0.0,0.0,False,Insufficient Review Volume
b12cfd255810394b60caef18ae163547,2,2,560.0,166.14999999999998,0.2966964285714285,2.0,0.0,-15.297314814814815,0.0,2.0,4.5,0.0,0.0,False,Insufficient Review Volume
b14db04aa7881970e83ffa9426897925,83,111,5898.6,2225.35,0.3772674872003526,78.0,9.0,-9.495531962250713,11.538461538461538,80.0,3.7125,16.0,20.0,True,High Revenue + Lower Experience
b16d3dadc47d4eb18be3d88bad0775ce,10,11,722.1,178.44,0.24711258828417115,10.0,1.0,-20.525261574074072,10.0,10.0,4.3,1.0,10.0,False,Insufficient Review Volume
b17b679f4f5ce2e03ce6968c62648246,55,57,4084.75,1076.07,0.26343595079258214,50.0,9.0,-10.83168287037037,18.0,55.0,3.709090909090909,13.0,23.636363636363637,True,High Revenue + Lower Experience
b18871c324516afa228a13e8f1ef0ae9,9,23,1064.6,243.8,0.22900619951155365,9.0,1.0,-7.568266460905351,11.11111111111111,9.0,3.4444444444444446,4.0,44.44444444444444,False,Insufficient Review Volume
b18dc380845b24038cfc48006478f099,44,54,8353.3,895.63,0.10721870398525135,43.0,7.0,-10.541986164944014,16.27906976744186,43.0,4.1395348837209305,5.0,11.627906976744185,True,High Revenue + Lower Experience
b19c48688808720822399ffa9f2dbe2f,1,1,959.99,24.82,0.025854435983708162,1.0,0.0,-16.102465277777778,0.0,1.0,5.0,0.0,0.0,False,Insufficient Review Volume
b19f3ca2ea475913750f25a5c37c8d8f,24,24,6202.91,1346.6399999999999,0.21709810395443427,19.0,6.0,-6.372702850877193,31.57894736842105,24.0,2.7916666666666665,12.0,50.0,False,Insufficient Review Volume
b1a81260566c1bac3114a6d124413f27,51,54,8684.69,1565.51,0.18026089589841432,51.0,1.0,-15.56016748366013,1.9607843137254901,51.0,4.2745098039215685,7.0,13.725490196078432,True,High Revenue + High Experience
b1aaae6b66ad3c40f54b389d7ea4bee0,15,17,1176.5,392.74,0.3338206544836379,15.0,0.0,-18.768352623456792,0.0,15.0,4.4,1.0,6.666666666666667,False,Insufficient Review Volume
b1ac6ea7895bc3dd6f0f6f4abbdd2821,40,41,3139.0,825.33,0.2629276839757885,38.0,0.0,-16.119986598440548,0.0,40.0,4.35,3.0,7.5,True,High Revenue + High Experience
b1b3948701c5c72445495bd161b83a4c,18,18,24699.19,486.3,0.01968890477784899,14.0,9.0,4.737371858465608,64.28571428571429,18.0,1.7222222222222223,14.0,77.77777777777779,False,Insufficient Review Volume
b1fc4f64df5a0e8b6913ab38803c57a9,107,121,7994.74,2146.25,0.26845776097784296,107.0,13.0,-9.105982822776047,12.149532710280374,105.0,3.857142857142857,22.0,20.952380952380953,True,High Revenue + Lower Experience
b1fecf4da1fa2689bccffa0121953643,19,20,3669.64,397.08,0.10820679957707023,19.0,0.0,-21.170483674463938,0.0,19.0,4.947368421052632,0.0,0.0,False,Insufficient Review Volume
b2479f944e1b90cf8a5de1bbfde284d6,103,131,4752.51,2239.71,0.47126886634641485,101.0,14.0,-7.49522082416575,13.861386138613863,102.0,3.4095238095238094,33.0,32.35294117647059,True,High Revenue + Lower Experience
b248792ac0b60ec3f93d80af1b4fae47,7,9,454.5,153.85,0.3385038503850385,7.0,1.0,-8.712863756613757,14.285714285714285,7.0,3.857142857142857,1.0,14.285714285714285,False,Insufficient Review Volume
b26741d31a563d769b4af0465ab20c56,2,2,648.0,47.03,0.07257716049382716,2.0,0.0,-17.59660300925926,0.0,2.0,4.0,0.0,0.0,False,Insufficient Review Volume
b274baf5bbd142410eb2958cf685d684,7,7,585.9,148.67000000000002,0.25374637310121184,7.0,0.0,-22.017334656084653,0.0,7.0,4.285714285714286,1.0,14.285714285714285,False,Insufficient Review Volume
b29d3380981c51df13fc6fbe87e1763d,6,7,435.3,98.58,0.2264645072363887,6.0,0.0,-8.993630401234567,0.0,6.0,3.8333333333333335,1.0,16.666666666666664,False,Insufficient Review Volume
b2a6d334e2833acea353624840e25a0e,25,26,1650.98,387.61,0.2347757089728525,25.0,0.0,-16.252355555555553,0.0,25.0,4.48,2.0,8.0,False,Insufficient Review Volume
b2ac621f0d0322434d04a12b078b9369,30,30,9575.5,781.39,0.08160304944911492,30.0,3.0,-10.948530092592593,10.0,30.0,4.4,2.0,6.666666666666667,True,High Revenue + High Experience
b2ba3715d723d245138f291a6fe42594,337,363,51676.88,6496.14,0.12570689252137515,324.0,29.0,-9.155995441815271,8.950617283950617,334.0,4.098802395209581,49.0,14.67065868263473,True,High Revenue + Lower Experience
b2bdc5e7940a7d7ca8c4a37953b27a42,1,1,250.0,62.49,0.24996000000000002,,,,,1.0,4.5,0.0,0.0,False,Insufficient Review Volume
b2c97074649f92197d9387d9033dda5f,10,11,684.71,279.37,0.4080121511296753,10.0,1.0,-8.665873842592593,10.0,10.0,4.7,0.0,0.0,False,Insufficient Review Volume
b2eecf5ea250510da76590ca79d60e5d,9,11,1060.0,153.15,0.1444811320754717,9.0,0.0,-12.181625514403292,0.0,9.0,5.0,0.0,0.0,False,Insufficient Review Volume
b2f4d63c7203f539a78252565ca32257,1,1,14.9,20.84,1.3986577181208053,1.0,0.0,-10.06480324074074,0.0,1.0,5.0,0.0,0.0,False,Insufficient Review Volume
b32be1695eb7ec5f10f72d9610a12527,45,46,26874.0,2957.02,0.11003274540448017,44.0,2.0,-12.910634732744107,4.545454545454546,44.0,4.068181818181818,6.0,13.636363636363635,True,High Revenue + Lower Experience
b335c59ab742f751a85db9c411a86739,33,35,2873.34,607.38,0.21138466036041678,30.0,1.0,-11.03645486111111,3.3333333333333335,33.0,3.8484848484848486,4.0,12.121212121212121,True,High Revenue + Lower Experience
b33aaadd1a8891d2dfef0c4c3bdf0371,16,17,1504.0,359.04,0.23872340425531915,16.0,2.0,-7.948213252314814,12.5,16.0,3.9375,3.0,18.75,False,Insufficient Review Volume
b33e7c55446eabf8fe1a42d037ac7d6d,152,155,44985.17,2725.07,0.0605770746225923,149.0,19.0,-10.775942782127766,12.751677852348994,152.0,4.1644736842105265,21.0,13.815789473684212,True,High Revenue + High Experience
b347677812ea483b0f528eaf8cbc09b7,21,21,7288.99,762.35,0.10458925036253308,21.0,0.0,-16.296075286596118,0.0,21.0,4.523809523809524,1.0,4.761904761904762,False,Insufficient Review Volume
b372ee768ed69e46ca8cdbd267aa7a38,63,69,12630.0,1183.84,0.09373238321456848,63.0,0.0,-18.432356701940037,0.0,63.0,4.4375,6.0,9.523809523809524,True,High Revenue + High Experience
b37c4c02bda3161a7546a4e6d222d5b2,4,15,24075.0,412.6,0.017138110072689512,4.0,1.0,-4.735384837962963,25.0,4.0,2.25,3.0,75.0,False,Insufficient Review Volume
b3809b8d4394588a47c8470ea331e135,1,1,89.0,7.88,0.08853932584269662,1.0,0.0,-7.1260763888888885,0.0,1.0,4.0,0.0,0.0,False,Insufficient Review Volume
b39d7fe263ef469605dbb32608aee0af,44,49,5193.1,1062.67,0.20463114517340317,43.0,2.0,-14.531769487510767,4.651162790697675,43.0,3.883720930232558,7.0,16.27906976744186,True,High Revenue + Lower Experience
b3b17aab11f273023a5f22ca52e1eb70,7,13,6850.0,475.34999999999997,0.0693941605839416,7.0,1.0,-9.12027943121693,14.285714285714285,7.0,4.857142857142857,0.0,0.0,False,Insufficient Review Volume
b3e2faf2c1004d674f16a3aa3197f0e1,3,3,61.47,33.77,0.5493736782170164,3.0,0.0,-13.227947530864197,0.0,3.0,5.0,0.0,0.0,False,Insufficient Review Volume
b3f19518fcec265b2e97af287725f981,9,9,486.91,137.57,0.2825368137848884,8.0,0.0,-12.279686053240741,0.0,9.0,4.222222222222222,0.0,0.0,False,Insufficient Review Volume
b410bdd36d5db7a65dcd42b7ead933b8,44,44,7726.9,1006.71,0.13028640204998124,42.0,1.0,-14.678761574074073,2.380952380952381,44.0,4.659090909090909,2.0,4.545454545454546,True,High Revenue + High Experience
b416191c9813d821a295cfabafff4161,2,2,117.8,32.34,0.2745331069609508,2.0,0.0,-7.61478587962963,0.0,2.0,2.5,1.0,50.0,False,Insufficient Review Volume
b43d8b707f887a30f4675391098354a0,3,4,1342.0,184.76,0.13767511177347241,3.0,1.0,-4.893337191358024,33.33333333333333,3.0,3.0,1.0,33.33333333333333,False,Insufficient Review Volume
b44dbfbf62e52125f3c15d230569ea91,4,8,609.37,89.69000000000001,0.1471847974137224,4.0,0.0,-8.286249999999999,0.0,4.0,4.75,0.0,0.0,False,Insufficient Review Volume
b452cb0ae35044c4a53179c39f49fb06,2,2,63.699999999999996,38.29,0.6010989010989011,2.0,0.0,-8.14185763888889,0.0,2.0,4.0,0.0,0.0,False,Insufficient Review Volume
b45d7ebfb7378630f1bcd74b6ff86ff7,5,5,1007.5,102.51,0.1017468982630273,3.0,0.0,-11.661130401234567,0.0,5.0,3.8,1.0,20.0,False,Insufficient Review Volume
b494891378bd8f4560abe576c52deacd,20,22,2958.9,311.92,0.10541755382067661,19.0,1.0,-7.089301291423001,5.263157894736842,20.0,4.65,1.0,5.0,False,Insufficient Review Volume
b499c00f28f4b7069ff6550af8c1348a,152,187,10327.130000000001,2577.95,0.24962889011758344,147.0,19.0,-10.717694869614512,12.925170068027212,152.0,4.124183006535947,20.0,13.157894736842104,True,High Revenue + Lower Experience
b4a476fbd28de64b1e347abf9089366a,33,38,5724.04,1011.91,0.17678248230270927,30.0,3.0,-10.770497299382717,10.0,32.0,3.84375,6.0,18.75,True,High Revenue + Lower Experience
b4b447d715f9ab302a188fb43d3e96b3,5,5,685.9300000000001,93.73,0.13664659659148892,5.0,1.0,-5.815983796296297,20.0,5.0,4.8,0.0,0.0,False,Insufficient Review Volume
b4f8921fcc4ff77b66bea6dda43dcd51,18,20,11395.05,1468.3600000000001,0.12885946090627073,18.0,1.0,-15.98555234053498,5.555555555555555,18.0,4.555555555555555,2.0,11.11111111111111,False,Insufficient Review Volume
b4ffb71f0cb1b1c3d63fad021ecf93e1,144,165,6656.09,2519.98,0.37859764516405275,143.0,3.0,-14.129654477466977,2.097902097902098,144.0,4.226666666666667,17.0,11.805555555555555,True,High Revenue + High Experience
b55638ad525e906c698fa2ce742c1742,11,12,1094.8,290.87,0.2656832298136646,11.0,2.0,-8.859284511784512,18.181818181818183,11.0,4.181818181818182,0.0,0.0,False,Insufficient Review Volume
b561927807645834b59ef0d16ba55a24,85,95,4501.99,1305.04,0.2898806972027925,85.0,12.0,-7.921072440087145,14.117647058823529,85.0,4.341176470588235,8.0,9.411764705882353,True,High Revenue + High Experience
b566ab0ef88016e00422755e305103c6,5,5,1208.0,220.21999999999997,0.18230132450331124,5.0,1.0,-8.09044675925926,20.0,5.0,3.2,2.0,40.0,False,Insufficient Review Volume
b56828a9f9027f3c918c04ca720d9e3c,3,3,360.0,111.61000000000001,0.3100277777777778,3.0,1.0,-8.498858024691359,33.33333333333333,3.0,2.6666666666666665,1.0,33.33333333333333,False,Insufficient Review Volume
b56906f7fd1696e043f1bcce164c487b,40,42,2148.49,846.93,0.394197785421389,40.0,2.0,-13.960542245370371,5.0,40.0,4.0,8.0,20.0,True,High Revenue + Lower Experience
b57e8460909fa137df7951b4a3b5ea84,1,2,198.0,84.14,0.42494949494949497,,,,,1.0,2.0,1.0,100.0,False,Insufficient Review Volume
b586cd24c010a13916af621b0325fbba,6,7,1108.94,263.99,0.23805616174004005,6.0,0.0,-13.800318287037037,0.0,6.0,3.8333333333333335,1.0,16.666666666666664,False,Insufficient Review Volume
b5abf4f36adc043117b4fca82c22984c,11,12,1247.8,283.99,0.22759256291072288,8.0,2.0,-2.524788773148148,25.0,11.0,2.5454545454545454,6.0,54.54545454545454,False,Insufficient Review Volume
b5b800c4065bebf4d3442311c9857344,1,1,79.9,8.91,0.11151439299123904,1.0,0.0,-2.023912037037037,0.0,1.0,5.0,0.0,0.0,False,Insufficient Review Volume
b5bb2b985208834bd5bd86c7a402bbad,2,2,621.06,38.66,0.06224841400186777,2.0,0.0,-18.255364583333332,0.0,2.0,5.0,0.0,0.0,False,Insufficient Review Volume
b5d034ac251546e25afe9067f05c1539,1,1,69.9,15.37,0.2198855507868383,1.0,0.0,-18.192465277777778,0.0,1.0,5.0,0.0,0.0,False,Insufficient Review Volume
b5dd7151a92ccaaa282cbe9681a05f44,1,1,85.0,18.7,0.22,1.0,0.0,-5.139826388888889,0.0,1.0,5.0,0.0,0.0,False,Insufficient Review Volume
b5e3e38609125694d2ea2417522a60b7,16,17,995.04,301.14,0.3026410998552822,16.0,4.0,-6.473004195601852,25.0,16.0,4.3125,1.0,6.25,False,Insufficient Review Volume
b5f0712d22a873b6797ab6cc65c3fcba,1,1,12.99,8.29,0.6381832178598922,1.0,0.0,-3.223148148148148,0.0,1.0,4.0,0.0,0.0,False,Insufficient Review Volume
b5f49fe968dff6b112861e6cd8e192ef,1,2,194.70000000000002,42.97,0.22069851052901898,1.0,0.0,-13.239733796296296,0.0,1.0,5.0,0.0,0.0,False,Insufficient Review Volume
b64d51f0435e884e8de603b1655155ae,17,23,416.18,357.36,0.8586669229660243,17.0,3.0,-9.937805691721133,17.647058823529413,17.0,4.294117647058823,2.0,11.76470588235294,False,Insufficient Review Volume
b67d6c666e8dce1d078c882825e12704,7,8,352.84,104.19,0.29528964969958055,7.0,0.0,-8.635968915343915,0.0,7.0,4.857142857142857,0.0,0.0,False,Insufficient Review Volume
b6c6854d4d92a5f6f46be8869da3fa1a,1,1,69.9,17.92,0.2563662374821173,,,,,1.0,1.0,1.0,100.0,False,Insufficient Review Volume
b6d44737c043328708f6749c2dbe50bd,62,80,5369.6,1565.6,0.29156734207389745,61.0,4.0,-13.284371205221614,6.557377049180328,62.0,4.467741935483871,6.0,9.67741935483871,True,High Revenue + High Experience
b6dc74ed30f124f95227bed4e43a3bed,11,13,518.9599999999999,228.63,0.4405541852936643,9.0,1.0,-10.237205504115227,11.11111111111111,11.0,4.083333333333333,2.0,18.181818181818183,False,Insufficient Review Volume
b6e1504972665f739dec4facb9943775,14,14,1484.48,225.89,0.15216776244880362,14.0,1.0,-8.227896825396824,7.142857142857142,14.0,4.357142857142857,2.0,14.285714285714285,False,Insufficient Review Volume
b6f52e346160519c24a23af05410ad32,1,1,129.9,13.35,0.10277136258660508,1.0,0.0,-2.047511574074074,0.0,1.0,4.0,0.0,0.0,False,Insufficient Review Volume
b74d1c09cb380e1d03a6f859c6f4224b,31,39,2221.6,831.6,0.3743248109470652,30.0,4.0,-12.19275887345679,13.333333333333334,31.0,4.258064516129032,3.0,9.67741935483871,True,High Revenue + High Experience
b76a1f8356322f12529c37b67d5c96c2,5,5,298.5,56.39,0.18891122278056952,5.0,0.0,-10.358127314814814,0.0,5.0,4.8,0.0,0.0,False,Insufficient Review Volume
b76dba6c951ab00dc4edf0a1aa88037e,159,169,2574.7799999999997,2307.1,0.8960377197275108,157.0,5.0,-15.729684182590233,3.1847133757961785,157.0,4.178343949044586,18.0,11.464968152866243,True,High Revenue + High Experience
b76f4d90e85657a240495c876313adc5,1,1,299.0,19.3,0.0645484949832776,1.0,0.0,-5.402083333333334,0.0,1.0,5.0,0.0,0.0,False,Insufficient Review Volume
b77a27b1864483e721dc831d5ba4afa0,2,2,41.8,28.619999999999997,0.684688995215311,1.0,0.0,-20.259756944444444,0.0,2.0,3.5,1.0,50.0,False,Insufficient Review Volume
b7ba853e9551f4558440881fd3e5c815,2,2,376.8,37.989999999999995,0.10082271762208066,1.0,0.0,-25.36488425925926,0.0,2.0,1.0,2.0,100.0,False,Insufficient Review Volume
b7cc6c5e001441ae8cdd5c69a480cbe4,6,6,651.8,220.49999999999997,0.3382939552009819,5.0,0.0,-13.772645833333334,0.0,6.0,4.166666666666667,1.0,16.666666666666664,False,Insufficient Review Volume
b7d5b4b87af9d42b601865d3f3810bff,2,2,1049.0,41.019999999999996,0.03910390848427073,1.0,0.0,-20.587025462962963,0.0,2.0,2.0,1.0,50.0,False,Insufficient Review Volume
b7e1750c1157341d2abd0251e07c186b,3,4,159.6,60.96,0.38195488721804516,3.0,0.0,-17.740362654320986,0.0,3.0,4.333333333333333,0.0,0.0,False,Insufficient Review Volume
b7ed9fb14c8eadb37adb9c45d67ab0fb,7,11,566.0,221.75,0.3917844522968198,7.0,0.0,-12.625565476190475,0.0,7.0,3.2857142857142856,3.0,42.857142857142854,False,Insufficient Review Volume
b8114f2f589a6804810f04f99b36b498,8,11,1399.62,292.41,0.208920992840914,8.0,0.0,-9.268454861111111,0.0,8.0,4.75,0.0,0.0,False,Insufficient Review Volume
b81e3a6c866a764974fe849821abeebd,8,11,836.1500000000001,216.86,0.25935537881958975,8.0,0.0,-6.341715856481481,0.0,8.0,4.625,0.0,0.0,False,Insufficient Review Volume
b839e41795b7f3ad94cc2014a52f6796,33,36,42829.0,920.93,0.02150248663288893,33.0,1.0,-12.11299312570146,3.0303030303030303,33.0,4.090909090909091,6.0,18.181818181818183,True,High Revenue + Lower Experience
b83cedfb587e7911540e3f576d6917ce,24,25,2224.95,343.8,0.1545203262994674,24.0,2.0,-8.883863811728395,8.333333333333332,24.0,4.208333333333333,3.0,12.5,False,Insufficient Review Volume
b8555308bfdb4ca1ed54325a58da9a97,26,28,3047.2000000000003,582.83,0.19126739301653978,26.0,2.0,-10.191113782051282,7.6923076923076925,26.0,4.0,3.0,11.538461538461538,False,Insufficient Review Volume
b8578d2d823bd8e251f6fdd02b40902d,9,9,1255.6,244.0,0.19432940426887546,9.0,0.0,-21.50218621399177,0.0,9.0,4.444444444444445,1.0,11.11111111111111,False,Insufficient Review Volume
b8630e1121437d41cb08e3c749c2c2e2,12,12,6988.0,346.1,0.049527761877504295,12.0,2.0,-8.84618827160494,16.666666666666664,12.0,4.333333333333333,2.0,16.666666666666664,False,Insufficient Review Volume
b86a47b3366e3b5424a7b225781f4908,1,1,86.5,19.85,0.2294797687861272,1.0,0.0,-13.322743055555556,0.0,1.0,3.0,0.0,0.0,False,Insufficient Review Volume
b87a7ea0c30fad2dd6781b74a0064859,9,9,515.4,122.35,0.2373884361660846,9.0,3.0,-6.3422440843621395,33.33333333333333,9.0,3.4444444444444446,3.0,33.33333333333333,False,Insufficient Review Volume
b88e7c57cb2d8b973b7dd4a2bfa14b36,4,4,353.9,65.77,0.18584345860412546,4.0,0.0,-14.916964699074075,0.0,4.0,4.25,0.0,0.0,False,Insufficient Review Volume
b8a0adc91af209270c2c725168eb00fd,6,6,281.4,107.09,0.3805614783226724,6.0,0.0,-12.648800154320988,0.0,6.0,4.0,1.0,16.666666666666664,False,Insufficient Review Volume
b8bc237ba3788b23da09c0f1f3a3288c,45,47,13685.710000000001,1935.45,0.1414212342655222,45.0,1.0,-13.650289609053498,2.2222222222222223,44.0,4.318181818181818,3.0,6.8181818181818175,True,High Revenue + High Experience
b8d890108a7a80e4f5d59eea9f362438,2,3,89.69999999999999,34.59,0.3856187290969901,2.0,1.0,-1.6477777777777778,50.0,2.0,3.5,0.0,0.0,False,Insufficient Review Volume
b906dd0e57f282c7089171b6ed07982e,2,2,175.0,35.75,0.2042857142857143,2.0,0.0,-18.61548611111111,0.0,2.0,4.0,0.0,0.0,False,Insufficient Review Volume
b90e891671cffd9557f33a97dc523645,34,39,4449.0,632.31,0.142124072825354,34.0,0.0,-15.377356004901962,0.0,34.0,4.323529411764706,3.0,8.823529411764707,True,High Revenue + High Experience
b92e3c8f9738272ff7c59e111e108d7c,62,70,8231.09,2414.21,0.29330380302001313,62.0,2.0,-42.736760379330946,3.225806451612903,62.0,4.174603174603175,11.0,17.741935483870968,True,High Revenue + High Experience
b94cc9f10ddc85e4ba73a6f7974e7101,39,39,25346.1,1022.39,0.040337172188226196,39.0,3.0,-11.940353157644823,7.6923076923076925,37.0,4.297297297297297,5.0,13.513513513513514,True,High Revenue + High Experience
b98b715fe9e276204e2a3464f48cd796,6,6,450.58000000000004,67.03999999999999,0.14878600914377021,4.0,1.0,-22.446293402777776,25.0,6.0,3.3333333333333335,2.0,33.33333333333333,False,Insufficient Review Volume
b9a03475e6447e631b6799ec8274800f,10,11,1349.1,294.98,0.21864947001704843,10.0,0.0,-20.618939814814816,0.0,10.0,4.2,1.0,10.0,False,Insufficient Review Volume
b9c0ffa92f3ff9a5a3d45ef7213c0842,3,3,490.0,82.17,0.16769387755102041,3.0,0.0,-10.798113425925925,0.0,3.0,5.0,0.0,0.0,False,Insufficient Review Volume
b9ca8e8baa5d4aa038394a700f63e69f,14,14,1289.77,388.18,0.3009683897128946,14.0,1.0,-8.377336309523809,7.142857142857142,14.0,4.214285714285714,1.0,7.142857142857142,False,Insufficient Review Volume
b9de031b671cd48b28fae9d828cbf2b4,1,1,155.32,43.37,0.2792299768220448,1.0,0.0,-12.189074074074075,0.0,1.0,5.0,0.0,0.0,False,Insufficient Review Volume
b9ec22de23f18567de0e09d776ca0309,2,2,341.98,40.49,0.11839873676823207,2.0,0.0,-26.676741898148148,0.0,2.0,5.0,0.0,0.0,False,Insufficient Review Volume
ba143b05f0110f0dc71ad71b4466ce92,85,86,6110.58,1343.01,0.219784373987412,83.0,13.0,-7.796486083221776,15.66265060240964,84.0,4.416666666666667,8.0,9.523809523809524,True,High Revenue + High Experience
ba5daa4041e1f15cdf34b76e3e18a450,15,15,806.8000000000001,152.55,0.18908031730292513,15.0,0.0,-10.262487654320987,0.0,15.0,4.266666666666667,2.0,13.333333333333334,False,Insufficient Review Volume
ba6b4a237f92479743cf0ca06b67a9ac,8,8,801.89,111.82,0.13944555986481935,8.0,1.0,-4.501802662037037,12.5,8.0,4.25,1.0,12.5,False,Insufficient Review Volume
ba6b68b55fe8704377a7d43c8e5c0185,5,5,739.77,92.44999999999999,0.12497127485569838,5.0,0.0,-12.85537962962963,0.0,5.0,4.2,1.0,20.0,False,Insufficient Review Volume
ba6ce6de456f6c11d08c17701ba5c26f,6,7,744.35,130.16,0.174863975280446,6.0,1.0,-3.738780864197531,16.666666666666664,6.0,4.166666666666667,1.0,16.666666666666664,False,Insufficient Review Volume
ba89796db68db180bd389de96b2ff3b6,2,2,309.8,43.46,0.14028405422853454,2.0,0.0,-10.904427083333333,0.0,2.0,5.0,0.0,0.0,False,Insufficient Review Volume
ba8e85df286308fe68a2ce83a8f8b2d6,1,1,80.9,16.76,0.20716934487021013,1.0,0.0,-20.222939814814815,0.0,1.0,5.0,0.0,0.0,False,Insufficient Review Volume
ba90964cff9b9e0e6f32b23b82465f7b,38,38,44212.5,1311.0,0.02965224766751484,38.0,2.0,-11.294222709551656,5.263157894736842,38.0,4.421052631578948,2.0,5.263157894736842,True,High Revenue + High Experience
baa49d93c8c8841e27400a300f5d74b2,6,6,246.39999999999998,88.02,0.35722402597402597,6.0,1.0,-9.198852237654322,16.666666666666664,6.0,4.5,0.0,0.0,False,Insufficient Review Volume
bab0a8cd684e41ba6e2637dca0979d3b,1,1,269.9,19.14,0.0709151537606521,1.0,0.0,-9.119675925925925,0.0,1.0,5.0,0.0,0.0,False,Insufficient Review Volume
babcc0ab201e4c60188427cae51a5b8b,1,1,79.0,14.13,0.1788607594936709,1.0,0.0,-10.370173611111111,0.0,1.0,5.0,0.0,0.0,False,Insufficient Review Volume
bac44fa8e13424950488659b5f765c41,1,1,19.9,14.52,0.7296482412060302,1.0,0.0,-45.343784722222225,0.0,1.0,5.0,0.0,0.0,False,Insufficient Review Volume
bac692d6c0ed08467878018e6cc9c26c,1,3,477.0,82.23,0.17238993710691825,1.0,0.0,-16.121342592592594,0.0,1.0,4.0,0.0,0.0,False,Insufficient Review Volume
bacb1f0ed56ad24198f5810d2b3fe9a5,42,42,6940.45,892.94,0.12865736371560924,38.0,1.0,-12.696670321637427,2.631578947368421,40.0,4.075,6.0,15.0,True,High Revenue + Lower Experience
baeda7047354773262ba2405f97038ba,1,1,35.0,15.1,0.43142857142857144,1.0,0.0,-8.190833333333334,0.0,1.0,5.0,0.0,0.0,False,Insufficient Review Volume
baf15155e37ef5492731459bdc05be8a,1,1,47.0,8.72,0.18553191489361703,1.0,0.0,-8.47585648148148,0.0,1.0,5.0,0.0,0.0,False,Insufficient Review Volume
bafc5aa11e413978be29040f51342e70,9,9,1679.55,149.92,0.08926200470364085,9.0,1.0,-11.484389146090535,11.11111111111111,9.0,3.7777777777777777,3.0,33.33333333333333,False,Insufficient Review Volume
bb135baca94c82fcb731335ad5b04a03,18,38,1049.8,472.88,0.45044770432463327,18.0,0.0,-18.70529899691358,0.0,18.0,3.0555555555555554,7.0,38.88888888888889,False,Insufficient Review Volume
bb2afe2061d53c6968aa0cffa233a8ec,5,6,549.4,94.62,0.17222424463050603,5.0,0.0,-10.04567824074074,0.0,5.0,4.8,0.0,0.0,False,Insufficient Review Volume
bb3dca718920a4d7ec3cc9ffb025108b,2,3,108.0,93.7,0.8675925925925926,2.0,0.0,-39.40977430555556,0.0,2.0,3.0,1.0,50.0,False,Insufficient Review Volume
bb5bd94c8f59cc050072d2930c869cac,16,17,2543.87,302.77000000000004,0.11901944674845807,16.0,1.0,-10.238390480324075,6.25,16.0,4.176470588235294,1.0,6.25,False,Insufficient Review Volume
bb5d956dece964a06c12bceb66b923ae,2,2,1278.36,50.14,0.03922212835195094,2.0,0.0,-12.528998842592593,0.0,2.0,5.0,0.0,0.0,False,Insufficient Review Volume
bb7a14e229b1c95156719c3d9552eeee,11,11,3190.1,329.34999999999997,0.10324127770289332,10.0,1.0,-9.812314814814815,10.0,11.0,4.181818181818182,2.0,18.181818181818183,False,Insufficient Review Volume
bb7ad8a45c027be8ab075b8e465f8ca0,2,2,19.98,32.64,1.6336336336336337,2.0,0.0,-13.576105324074074,0.0,2.0,5.0,0.0,0.0,False,Insufficient Review Volume
bba3293d6f5d5af2f415e004e8b93ae3,17,17,11702.1,326.69,0.027917211440681586,17.0,1.0,-8.345047657952069,5.88235294117647,17.0,4.294117647058823,2.0,11.76470588235294,False,Insufficient Review Volume
bba74270a87732727b5a3b4fd9ac1c39,36,41,6001.59,758.85,0.12644149300435384,35.0,0.0,-15.26284623015873,0.0,36.0,3.9722222222222223,6.0,16.666666666666664,True,High Revenue + Lower Experience
bba8d0c234a52b87b3957037a215d1a4,1,1,120.0,19.53,0.16275,1.0,0.0,-9.351944444444445,0.0,1.0,5.0,0.0,0.0,False,Insufficient Review Volume
bbad7e518d7af88a0897397ffdca1979,69,85,4462.22,1338.2,0.29989556767707554,68.0,11.0,-8.682960580065359,16.176470588235293,68.0,3.161764705882353,28.0,41.17647058823529,True,High Revenue + Lower Experience
bbaff50f3b708fda865918715276cd87,12,16,449.7,202.07,0.44934400711585504,12.0,2.0,-8.426232638888889,16.666666666666664,12.0,4.75,0.0,0.0,False,Insufficient Review Volume
bbd3acfe6de99892e73940d3fdceaf68,2,2,69.0,24.55,0.3557971014492754,2.0,0.0,-7.150225694444444,0.0,2.0,3.0,1.0,50.0,False,Insufficient Review Volume
bbe87dce25ba8b38bb61cc7210a3f10b,2,2,287.0,68.39,0.23829268292682926,2.0,0.0,-16.334878472222222,0.0,2.0,5.0,0.0,0.0,False,Insufficient Review Volume
bbf4a892cac7b82422baa711dffb8997,1,1,70.0,35.34,0.5048571428571429,1.0,0.0,-28.51152777777778,0.0,1.0,5.0,0.0,0.0,False,Insufficient Review Volume
bbf9ad41dca6603e614efcdad7aab8c4,14,14,7846.0,776.26,0.09893703798113689,14.0,0.0,-21.060817625661375,0.0,14.0,4.5,1.0,7.142857142857142,False,Insufficient Review Volume
bc07d855eac23aab5ac8a120f21d16b2,12,13,1283.1100000000001,213.07,0.16605746974148747,11.0,2.0,-9.674319234006733,18.181818181818183,12.0,4.166666666666667,2.0,16.666666666666664,False,Insufficient Review Volume
bc2ac6b95e1accce9858528ee566c17e,18,22,2045.0,234.56,0.11469926650366748,18.0,0.0,-9.255743955761316,0.0,18.0,4.555555555555555,2.0,11.11111111111111,False,Insufficient Review Volume
bc302730ea8cf49b5c74f579febb5bbf,11,11,2640.9,289.27,0.10953462834639704,11.0,1.0,-9.245886994949494,9.090909090909092,11.0,3.8181818181818183,2.0,18.181818181818183,False,Insufficient Review Volume
bc30de0d71bd6260b936a026b5cf7200,3,3,392.37,90.47999999999999,0.23059866962305983,3.0,0.0,-19.639679783950616,0.0,3.0,4.666666666666667,0.0,0.0,False,Insufficient Review Volume
bc39d8938f90a3a2b98193723ed59774,2,2,306.8,22.31,0.07271838331160364,2.0,0.0,-12.180769675925927,0.0,1.0,4.0,0.0,0.0,False,Insufficient Review Volume
bc47d5d1490df2b36add65d733eafaba,24,25,1004.8,415.11,0.41312699044585993,21.0,2.0,-11.647678020282186,9.523809523809524,24.0,3.25,9.0,37.5,False,Insufficient Review Volume
bc503e244f187939d10c92a5c8e378ce,7,16,637.67,222.13,0.3483463233333856,6.0,1.0,-10.680831404320989,16.666666666666664,7.0,3.2857142857142856,3.0,42.857142857142854,False,Insufficient Review Volume
bc8c8d665ec4664d286be0d521722b19,1,1,22.5,8.32,0.3697777777777778,1.0,1.0,4.66162037037037,100.0,1.0,2.0,1.0,100.0,False,Insufficient Review Volume
bca9230d3bbb4efa51872bf605a2f1ad,5,5,117.57,50.63,0.4306370672790678,5.0,1.0,-4.2200601851851856,20.0,5.0,4.0,1.0,20.0,False,Insufficient Review Volume
bcc9dd23e2a8bd8267cf92b19304a1b9,3,3,202.79000000000002,43.43,0.21416243404507124,3.0,2.0,0.7026234567901236,66.66666666666666,3.0,2.3333333333333335,2.0,66.66666666666666,False,Insufficient Review Volume
bccf933e006e9b94a6184af782963e77,45,46,4162.74,884.47,0.21247303458779557,45.0,1.0,-12.516870370370372,2.2222222222222223,44.0,4.5227272727272725,3.0,6.8181818181818175,True,High Revenue + High Experience
bcd2d7510d58e293f20fad6438c1b314,1,1,23.9,15.56,0.6510460251046025,1.0,1.0,4.682222222222222,100.0,,,,,False,Insufficient Review Volume
bce6a5ecf98e99fd2a8868b15c51f04b,14,15,3464.9,241.60000000000002,0.06972784207336431,14.0,3.0,-8.003458167989418,21.428571428571427,14.0,4.071428571428571,3.0,21.428571428571427,False,Insufficient Review Volume
bcf5566870987da7bc811fbc8c5b9fd9,1,4,96.0,31.12,0.32416666666666666,,,,,1.0,1.0,1.0,100.0,False,Insufficient Review Volume
bd0389da23d89b726abf911cccc54596,87,90,7472.16,1656.31,0.22166415066058542,87.0,7.0,-11.828660201149425,8.045977011494253,87.0,4.172413793103448,10.0,11.494252873563218,True,High Revenue + High Experience
bd0a1b0aadca9a83d9304f7e8ff5fbd5,4,4,150.6,54.59,0.3624833997343958,4.0,0.0,-6.449945023148149,0.0,4.0,4.5,0.0,0.0,False,Insufficient Review Volume
bd149ed516d4c5d418d5781f8e18919f,8,9,414.0,141.94,0.3428502415458937,8.0,0.0,-6.311873553240741,0.0,8.0,4.875,0.0,0.0,False,Insufficient Review Volume
bd15ee794d5e640d9dd71b665b2ab15b,12,12,374.79999999999995,219.32999999999998,0.5851921024546425,12.0,2.0,-13.5411612654321,16.666666666666664,12.0,4.0,2.0,16.666666666666664,False,Insufficient Review Volume
bd1d49a326abfa9b1036772e40445430,12,13,637.7,188.5,0.29559353928179394,12.0,1.0,-11.280858410493828,8.333333333333332,12.0,4.083333333333333,1.0,8.333333333333332,False,Insufficient Review Volume
bd23da7354813347129d751591d1a6e2,89,90,10544.300000000001,1466.83,0.13911117855144484,86.0,4.0,-9.383328757536606,4.651162790697675,88.0,4.022471910112359,16.0,18.181818181818183,True,High Revenue + Lower Experience
bd43e172d599bed47a85da877172ca8c,1,1,23.92,18.27,0.7637959866220735,1.0,0.0,-7.547418981481481,0.0,1.0,5.0,0.0,0.0,False,Insufficient Review Volume
bd4431c1a8dfa744b59e1e2a8bc99b9e,7,7,809.5,204.09,0.252118591723286,7.0,0.0,-9.76313492063492,0.0,7.0,4.571428571428571,0.0,0.0,False,Insufficient Review Volume
bd4889b5e9133b35b66e42a8665cea5c,36,42,6271.9,984.64,0.15699229898435882,36.0,0.0,-12.942763310185185,0.0,35.0,4.4,3.0,8.571428571428571,True,High Revenue + High Experience
bd4ff04377f974574f7f0bf9d6ce7dde,4,4,164.96,50.14,0.3039524733268671,4.0,1.0,-23.033741319444445,25.0,4.0,3.5,1.0,25.0,False,Insufficient Review Volume
bd65d163ded559eb90a10cd09fec178f,1,2,19.8,18.68,0.9434343434343434,1.0,0.0,-16.09025462962963,0.0,1.0,4.0,0.0,0.0,False,Insufficient Review Volume
bd697db56ff8e7c9cd1abeb7f72029b2,22,22,3069.78,345.42,0.1125227214979575,21.0,0.0,-11.971464947089947,0.0,22.0,4.181818181818182,3.0,13.636363636363635,False,Insufficient Review Volume
bdae679a9b282249bc23b9b69dae9a99,6,12,663.15,188.82999999999998,0.2847470406393727,6.0,0.0,-19.95094328703704,0.0,6.0,3.5,2.0,33.33333333333333,False,Insufficient Review Volume
bdb3edbaee43a761e2d4f258dc08f348,5,5,259.5,68.86,0.2653564547206166,5.0,1.0,-10.418601851851852,20.0,5.0,3.8,1.0,20.0,False,Insufficient Review Volume
bdf0d02d36a1d839d0c39c4a887cdd49,5,7,120.0,95.95,0.7995833333333333,5.0,0.0,-22.729777777777777,0.0,5.0,5.0,0.0,0.0,False,Insufficient Review Volume
be1e9e378700cecaa4ebf71433d7915c,2,2,119.89000000000001,37.62,0.3137876386687797,2.0,2.0,24.26342013888889,100.0,2.0,3.0,1.0,50.0,False,Insufficient Review Volume
be3b4b0f050a6aa1b2d901c4b77e979f,3,8,578.1999999999999,155.52,0.2689726738152889,3.0,0.0,-13.60037037037037,0.0,3.0,4.0,1.0,33.33333333333333,False,Insufficient Review Volume
be67f78487e2cecb0d55bc769709e4f5,1,1,102.0,23.64,0.23176470588235296,1.0,0.0,-16.252534722222222,0.0,1.0,5.0,0.0,0.0,False,Insufficient Review Volume
be7a093e5b4d147b36b72bb1f9e415e5,1,1,60.9,22.36,0.3671592775041051,1.0,0.0,-21.223229166666666,0.0,1.0,5.0,0.0,0.0,False,Insufficient Review Volume
be8e909810184b9b19e886129149d8e5,15,15,629.85,216.23,0.3433039612606176,15.0,3.0,-6.698059413580247,20.0,15.0,3.7333333333333334,3.0,20.0,False,Insufficient Review Volume
be9a160a9011f627c3e121d076c1ec7b,7,7,2934.0,248.52,0.08470347648261758,5.0,0.0,-16.66155787037037,0.0,7.0,3.5714285714285716,2.0,28.57142857142857,False,Insufficient Review Volume
beadbee30901a7f61d031b6b686095ad,64,68,4373.98,937.54,0.21434483010896255,64.0,16.0,-8.751648401331018,25.0,64.0,3.90625,12.0,18.75,True,High Revenue + Lower Experience
bec568278124768c474ee90971ca94d1,2,2,219.9,29.16,0.13260572987721692,2.0,0.0,-12.18375,0.0,2.0,4.5,0.0,0.0,False,Insufficient Review Volume
bede56095ba33c42038fb85f707b8a42,2,2,3973.9,210.87,0.053063740909434054,2.0,0.0,-17.325277777777778,0.0,2.0,4.5,0.0,0.0,False,Insufficient Review Volume
bee36b4f9a2b9fdcaff6ec05df202ed0,2,2,33.8,19.68,0.5822485207100592,1.0,0.0,-12.889861111111111,0.0,2.0,3.0,1.0,50.0,False,Insufficient Review Volume
bf00385a5f7fc1ef39a13c2e9ee50a5f,29,29,870.3,342.73,0.3938067333103528,28.0,0.0,-10.131565806878308,0.0,29.0,4.310344827586207,3.0,10.344827586206897,False,Insufficient Review Volume
bf0045791395e66460eb04749c68672a,2,2,119.8,35.45,0.2959098497495827,2.0,0.0,-21.026707175925925,0.0,2.0,4.0,0.0,0.0,False,Insufficient Review Volume
bf0d50a6410d487dc97d2baac0a8c0be,1,1,27.9,9.26,0.3318996415770609,,,,,1.0,2.0,1.0,100.0,False,Insufficient Review Volume
bf100ecb7997df312b285358fb32f92c,20,21,1991.9,345.11,0.17325668959285104,20.0,0.0,-16.00191550925926,0.0,18.0,4.444444444444445,0.0,0.0,False,Insufficient Review Volume
bf3c6d2a28b2b5501e6c15448982dcc9,35,43,3956.5,691.65,0.17481359787691142,35.0,1.0,-11.204164682539682,2.857142857142857,35.0,4.6,1.0,2.857142857142857,True,High Revenue + High Experience
bf84056e679dbe9c69929847a40e338f,36,40,2024.04,453.28000000000003,0.22394814331732577,35.0,3.0,-5.88357705026455,8.571428571428571,36.0,3.75,6.0,16.666666666666664,True,High Revenue + Lower Experience
bf961104a38e01b9062ee026bb657dee,4,4,585.56,79.9,0.13645057722522033,4.0,0.0,-25.208191550925925,0.0,4.0,4.5,0.0,0.0,False,Insufficient Review Volume
bfd27a966d91cfaafdb25d076585f0da,117,118,19921.0,2724.05,0.13674263340193765,114.0,6.0,-14.828736090805718,5.263157894736842,115.0,4.278260869565218,13.0,11.304347826086957,True,High Revenue + High Experience
bfd938b22bc99bce1ae60dc602889f52,6,12,922.8000000000001,195.46,0.21181187689640224,4.0,0.0,-20.295225694444444,0.0,6.0,3.8333333333333335,2.0,33.33333333333333,False,Insufficient Review Volume
bff9deb0ec77d437f3305a79cf25529e,5,5,161.95,80.78999999999999,0.498857672121025,5.0,0.0,-12.38885185185185,0.0,5.0,4.0,1.0,20.0,False,Insufficient Review Volume
c003204e1ab016dfa150abc119207b24,197,202,25108.09,4742.8,0.18889529231415053,195.0,13.0,-10.847703288224121,6.666666666666667,196.0,4.448979591836735,10.0,5.1020408163265305,True,High Revenue + High Experience
c00396cbdd2e088fe4281baa5920aef1,1,3,832.4100000000001,73.44,0.08822575413558222,1.0,0.0,-9.286527777777778,0.0,1.0,5.0,0.0,0.0,False,Insufficient Review Volume
c004e5ea15737026cecaee0447e00b75,2,2,4700.0,174.32,0.037089361702127656,1.0,1.0,15.844189814814815,100.0,2.0,1.0,2.0,100.0,False,Insufficient Review Volume
c0098efcf800861dcae589affca31408,9,9,1189.28,187.46,0.15762478138033098,9.0,1.0,-10.263711419753086,11.11111111111111,9.0,4.777777777777778,0.0,0.0,False,Insufficient Review Volume
c013e57c075a06e5b5c48ee03c525719,42,45,1971.55,857.11,0.43473916461667217,42.0,3.0,-11.080972497795415,7.142857142857142,42.0,4.238095238095238,4.0,9.523809523809524,True,High Revenue + High Experience
c026ef0d72e9132d9fa112308090c8dc,1,1,520.0,37.72,0.07253846153846154,1.0,0.0,-6.3340625,0.0,1.0,4.0,0.0,0.0,False,Insufficient Review Volume
c03121937e54a93fcc1825c3098bbb6e,7,7,1043.0,154.94,0.1485522531160115,7.0,0.0,-15.823738425925926,0.0,7.0,5.0,0.0,0.0,False,Insufficient Review Volume
c04d70d515d15a7e3db3a73320598566,3,4,158.2,56.62,0.35790139064475346,3.0,0.0,-20.044023919753087,0.0,3.0,5.0,0.0,0.0,False,Insufficient Review Volume
c0563dd588b775f2e37747ef6ad6c92c,28,28,3697.2000000000003,397.47999999999996,0.10750838472357457,28.0,3.0,-8.382554976851852,10.714285714285714,28.0,4.357142857142857,4.0,14.285714285714285,False,Insufficient Review Volume
c092292535a57dacd95a8765f5518f87,1,1,125.0,18.98,0.15184,1.0,0.0,-16.229976851851852,0.0,1.0,5.0,0.0,0.0,False,Insufficient Review Volume
c0aff2da32c17759d30b22fb0af6649d,4,5,188.8,83.53,0.4424258474576271,4.0,0.0,-16.42189525462963,0.0,4.0,3.75,0.0,0.0,False,Insufficient Review Volume
c0e0b73d039eb9a99b6ce4cb7a429cd3,1,1,29.88,7.68,0.2570281124497992,1.0,0.0,-12.351886574074074,0.0,1.0,5.0,0.0,0.0,False,Insufficient Review Volume
c0e6839516f5398edc34adf5f1d53d1a,3,3,432.92,87.92,0.20308602051187286,1.0,0.0,-17.440439814814816,0.0,3.0,2.6666666666666665,2.0,66.66666666666666,False,Insufficient Review Volume
c0f3eea2e14555b6faeea3dd58c1b1c3,1,1,79.99,15.66,0.19577447180897614,1.0,0.0,-15.314710648148148,0.0,1.0,5.0,0.0,0.0,False,Insufficient Review Volume
c0f783394e37cd9c9d7f5f81141450fa,6,6,249.39999999999998,87.35,0.3502405773857257,6.0,0.0,-12.402058256172838,0.0,5.0,3.6,1.0,20.0,False,Insufficient Review Volume
c113b8df1fc375bc3d73d29c1b1144d1,3,5,333.0,67.87,0.20381381381381383,3.0,0.0,-20.916327160493825,0.0,3.0,4.333333333333333,0.0,0.0,False,Insufficient Review Volume
c12b92bf1c350f3e6bf88d3596219c86,17,17,4808.78,444.06,0.09234358818660866,17.0,1.0,-12.422417619825708,5.88235294117647,17.0,3.8823529411764706,4.0,23.52941176470588,False,Insufficient Review Volume
c12d7463a579237ffb9248bd7cff378b,1,1,25.9,8.72,0.3366795366795367,1.0,0.0,-41.202581018518515,0.0,1.0,4.0,0.0,0.0,False,Insufficient Review Volume
c13ef0cfbe42f190780f621ce81f2234,1,1,390.0,61.28,0.15712820512820513,1.0,1.0,6.629965277777778,100.0,1.0,3.0,0.0,0.0,False,Insufficient Review Volume
c13fb473e7cb8b83ccd543c094df0608,2,2,54.8,28.72,0.5240875912408759,2.0,0.0,-20.04763310185185,0.0,2.0,3.5,0.0,0.0,False,Insufficient Review Volume
c1552b1dab6e6f760950368ae61fb600,2,2,53.8,14.89,0.27676579925650563,2.0,0.0,-0.40400462962962963,0.0,2.0,2.5,1.0,50.0,False,Insufficient Review Volume
c157bdeedcbc9a8e3c8bf0d87ff24428,7,10,514.27,208.7,0.40581795554864175,7.0,0.0,-12.655386904761903,0.0,7.0,4.428571428571429,0.0,0.0,False,Insufficient Review Volume
c161d1327ebc3a156c09582ab2f59f6c,3,3,52.99,23.34,0.4404604642385356,2.0,0.0,-10.340341435185184,0.0,3.0,3.0,1.0,33.33333333333333,False,Insufficient Review Volume
c18309219e789960add0b2255ca4b091,1,1,9.9,14.1,1.424242424242424,1.0,0.0,-8.236585648148148,0.0,1.0,5.0,0.0,0.0,False,Insufficient Review Volume
c1849d4d32d7a6cecd5aa471809d3135,3,3,388.98,41.730000000000004,0.10728057997840507,3.0,0.0,-1.924236111111111,0.0,3.0,4.333333333333333,0.0,0.0,False,Insufficient Review Volume
c1d1ebb4745cc43cb6f05e9c8a705c9a,3,3,34.5,42.67,1.2368115942028985,1.0,1.0,5.395856481481482,100.0,3.0,2.3333333333333335,2.0,66.66666666666666,False,Insufficient Review Volume
c1dde11f12d05c478f5de2d7319ad3b2,1,1,12.5,7.39,0.5912,1.0,0.0,-8.005775462962964,0.0,1.0,1.0,1.0,100.0,False,Insufficient Review Volume
c1ed9e3daf6154542826a6996af0fb8c,9,17,971.25,329.39,0.3391402831402831,8.0,1.0,-7.137272858796296,12.5,9.0,3.888888888888889,2.0,22.22222222222222,False,Insufficient Review Volume
c1f12f926d0ba950578b4fa41115cbb6,2,4,479.6,76.96,0.1604670558798999,2.0,1.0,16.36230324074074,50.0,2.0,4.0,0.0,0.0,False,Insufficient Review Volume
c200c73f9d7e5a08ca439d6a0803da7c,1,2,40.0,28.2,0.705,,,,,1.0,1.0,1.0,100.0,False,Insufficient Review Volume
c240c4061717ac1806ae6ee72be3533b,1,1,59.9,13.99,0.2335559265442404,1.0,0.0,-14.206655092592593,0.0,1.0,4.0,0.0,0.0,False,Insufficient Review Volume
c24173065483e421f9e5e7f599de101d,9,9,373.91,117.3,0.31371185579417504,9.0,1.0,-5.346283436213991,11.11111111111111,9.0,3.5555555555555554,2.0,22.22222222222222,False,Insufficient Review Volume
c26a2be5b53b7db6b276280da212a779,13,18,7482.0,806.85,0.10783881315156375,13.0,0.0,-10.701144943019944,0.0,13.0,3.3846153846153846,5.0,38.46153846153847,False,Insufficient Review Volume
c26ba52cf8d2f34915f2f6b7ffa0a3f3,4,4,125.96,46.69,0.37067322959669735,3.0,0.0,-13.386462191358026,0.0,4.0,4.0,1.0,25.0,False,Insufficient Review Volume
c273175f7c6c80fb02f051e2fc6d0d72,14,14,1188.23,255.22,0.2147900658963332,14.0,1.0,-11.740088458994709,7.142857142857142,14.0,3.7857142857142856,3.0,21.428571428571427,False,Insufficient Review Volume
c286ec035ee04ba81c97508f0b5df544,2,2,493.0,72.9,0.14787018255578094,1.0,0.0,-8.80849537037037,0.0,2.0,2.5,1.0,50.0,False,Insufficient Review Volume
c2bda99904207edd1834f03e0022b007,2,2,79.8,21.88,0.27418546365914787,1.0,0.0,-6.185451388888889,0.0,2.0,2.5,1.0,50.0,False,Insufficient Review Volume
c2d70ce2c5d0a2eb75e78668236e6dc8,13,15,2470.9,229.01999999999998,0.09268687522764983,13.0,0.0,-12.228369836182337,0.0,13.0,4.615384615384615,0.0,0.0,False,Insufficient Review Volume
c31eff8334d6b3047ed34bebd4d62c36,122,123,13191.5,2394.55,0.18152219232081265,120.0,17.0,-9.574411265432099,14.166666666666666,121.0,3.8512396694214877,22.0,18.181818181818183,True,High Revenue + Lower Experience
c3251e13f1bbda6c74e37c160f991e19,2,2,437.79999999999995,75.28,0.17195066240292373,2.0,0.0,-29.518628472222222,0.0,2.0,5.0,0.0,0.0,False,Insufficient Review Volume
c32fc744b9160ac853450488e3cfea93,3,3,185.70000000000002,37.82,0.20366182014001075,2.0,0.0,-12.208125,0.0,3.0,2.3333333333333335,2.0,66.66666666666666,False,Insufficient Review Volume
c33847515fa6305ce6feb1e818569f13,114,128,15519.85,4374.41,0.2818590385860688,114.0,5.0,-14.826631944444445,4.385964912280701,114.0,3.8508771929824563,24.0,21.052631578947366,True,High Revenue + Lower Experience
c33a5c3c983090c8b78a28e65052a20d,9,9,629.1,145.06,0.23058337307264345,8.0,0.0,-13.977359664351852,0.0,9.0,4.222222222222222,2.0,22.22222222222222,False,Insufficient Review Volume
c353f8fc0ce8344999f17d578eb69a5e,2,2,175.98,36.59,0.20792135469939768,2.0,0.0,-33.07417824074074,0.0,2.0,5.0,0.0,0.0,False,Insufficient Review Volume
c35672b10ad50968f567ea3f4b91e877,18,22,1150.57,364.78,0.31704285701869506,18.0,1.0,-11.344401363168723,5.555555555555555,18.0,4.5,1.0,5.555555555555555,False,Insufficient Review Volume
c35affa65afd250151285c5917fc1c8a,9,9,5279.91,714.01,0.13523147174857147,8.0,1.0,-6.270883969907407,12.5,9.0,4.0,2.0,22.22222222222222,False,Insufficient Review Volume
c360e4787614ed31ac7a2f95d3b22dc6,1,1,188.9,30.05,0.1590788777130757,1.0,0.0,-16.941087962962964,0.0,1.0,2.0,1.0,100.0,False,Insufficient Review Volume
c37b2059d4f90d4feead554e5246565e,12,16,839.3,221.98,0.2644823066841415,12.0,3.0,-5.3731606867283945,25.0,12.0,3.3333333333333335,5.0,41.66666666666667,False,Insufficient Review Volume
c3867b4666c7d76867627c2f7fb22e21,245,259,37153.4,5043.78,0.13575554323426656,228.0,27.0,-9.04434708008447,11.842105263157894,243.0,3.914285714285714,50.0,20.5761316872428,True,High Revenue + Lower Experience
c394e193cda3b4225ff2094d32184849,3,12,3419.88,191.56,0.05601366129805724,2.0,0.0,-10.259814814814815,0.0,3.0,3.6666666666666665,1.0,33.33333333333333,False,Insufficient Review Volume
c398bc00a606d33758afd91f4e64fd15,2,2,150.0,15.5,0.10333333333333333,2.0,0.0,-27.531035879629627,0.0,2.0,4.5,0.0,0.0,False,Insufficient Review Volume
c3aad7dc65449ae90a5e9c3c6c1e78e0,6,6,510.0,130.36,0.25560784313725493,6.0,0.0,-13.070034722222223,0.0,6.0,4.666666666666667,0.0,0.0,False,Insufficient Review Volume
c3acdfac4e3e97ff87529454fbc03642,12,12,16788.0,269.28000000000003,0.016040028591851323,12.0,1.0,-8.749227430555555,8.333333333333332,12.0,4.25,1.0,8.333333333333332,False,Insufficient Review Volume
c3cfdc648177fdbbbb35635a37472c53,278,307,43048.18,6079.63,0.14122850257548636,278.0,7.0,-15.50761415867306,2.5179856115107913,277.0,4.46643109540636,22.0,7.9422382671480145,True,High Revenue + High Experience
c3e1abd72a42fe690fcd89cf5720fe29,13,13,1798.61,168.97,0.09394476846008863,13.0,0.0,-10.697408297720797,0.0,13.0,4.461538461538462,1.0,7.6923076923076925,False,Insufficient Review Volume
c3e2398fcc7e581cda2e546557bf6968,1,1,14.9,15.23,1.0221476510067113,1.0,0.0,-13.30804398148148,0.0,1.0,5.0,0.0,0.0,False,Insufficient Review Volume
c3ee2331a724e6fc02c4b698b57a73f3,2,3,1347.0,140.88,0.10458797327394209,2.0,0.0,-8.356296296296296,0.0,2.0,3.0,0.0,0.0,False,Insufficient Review Volume
c3f5668699a1b04c0fa61ecea1e2bff6,3,3,407.81,107.12,0.2626713420465413,3.0,0.0,-4.600208333333334,0.0,3.0,5.0,0.0,0.0,False,Insufficient Review Volume
c3fe93ba3085f92855c97e57f38c8c05,7,7,245.0,113.97,0.46518367346938777,6.0,0.0,-10.435185185185185,0.0,7.0,5.0,0.0,0.0,False,Insufficient Review Volume
c42fd8e4d47dfb18ce5222f2dd7752f9,7,11,466.99,161.64000000000001,0.34613160881389327,7.0,2.0,0.9752066798941798,28.57142857142857,5.0,3.8,1.0,20.0,False,Insufficient Review Volume
c43d924a0f1688ee9fae0efcd6f539d4,1,1,29.9,15.11,0.5053511705685618,1.0,0.0,-31.503657407407406,0.0,1.0,4.0,0.0,0.0,False,Insufficient Review Volume
c447f8dd3ed213f291d65ef074a268eb,7,8,655.0,122.22999999999999,0.18661068702290073,7.0,0.0,-16.97058697089947,0.0,7.0,3.7142857142857144,2.0,28.57142857142857,False,Insufficient Review Volume
c458e2045a8aa8964f8879af03fdcce6,4,9,494.91,196.79,0.3976278515285607,4.0,0.0,-18.172543402777777,0.0,4.0,2.75,2.0,50.0,False,Insufficient Review Volume
c4af86330efa7a2620772227d2d670c9,4,4,5396.0,364.96,0.06763528539659007,4.0,0.0,-18.199071180555556,0.0,3.0,4.333333333333333,0.0,0.0,False,Insufficient Review Volume
c4b911d06343b21dd906651f8101cb49,2,2,90.98,50.349999999999994,0.5534183336997142,,,,,2.0,1.0,2.0,100.0,False,Insufficient Review Volume
c4d51195486dc781531876a7d00453d8,17,17,11468.98,569.37,0.049644345007141,17.0,5.0,-12.069052968409586,29.411764705882355,17.0,3.9411764705882355,2.0,11.76470588235294,False,Insufficient Review Volume
c4f7fee5b0db50e87766f5a4d1b1b758,8,9,11961.829999999998,571.77,0.04779954237771312,5.0,0.0,-15.09487962962963,0.0,8.0,2.875,4.0,50.0,False,Insufficient Review Volume
c4fabeea6e569d42d02993bb1f4f1cbc,11,11,859.3000000000001,277.22,0.3226114279064355,11.0,1.0,-4.543681607744108,9.090909090909092,11.0,4.0,2.0,18.181818181818183,False,Insufficient Review Volume
c4fb51fb1c5b7c07bc5e67be6e7e8f6e,15,16,1567.9,558.71,0.35634287901014094,15.0,2.0,-10.081629629629628,13.333333333333334,15.0,3.533333333333333,3.0,20.0,False,Insufficient Review Volume
c500367424994318b9e779ff1ae9a330,9,9,4346.4,311.98999999999995,0.07178124424811337,9.0,1.0,-11.399579475308641,11.11111111111111,9.0,3.7777777777777777,2.0,22.22222222222222,False,Insufficient Review Volume
c510bc1718f0f2961eaa42a23330681a,13,13,12251.0,960.87,0.07843196473757244,12.0,0.0,-9.145652970679011,0.0,13.0,4.0,3.0,23.076923076923077,False,Insufficient Review Volume
c522be04e020c1e7b79f3acff36513d5,7,7,739.9300000000001,98.37,0.13294500831159703,6.0,2.0,-5.6498939043209875,33.33333333333333,7.0,3.5714285714285716,2.0,28.57142857142857,False,Insufficient Review Volume
c52c644cc0dc85121207a27013efc6af,1,2,397.8,283.16,0.7118149824032177,1.0,0.0,-4.2559606481481485,0.0,1.0,5.0,0.0,0.0,False,Insufficient Review Volume
c53bcd3be457a342a97e39e5a9f0be22,5,5,509.5,186.09,0.36524043179587834,5.0,0.0,-19.873391203703704,0.0,5.0,3.2,2.0,40.0,False,Insufficient Review Volume
c542f5a8c64d973f30e9df8d06f70b4a,1,1,81.0,17.31,0.2137037037037037,,,,,1.0,1.0,1.0,100.0,False,Insufficient Review Volume
c54679b132454625907c773d273d4126,7,8,1032.0,107.92999999999999,0.10458333333333332,7.0,0.0,-12.28321593915344,0.0,7.0,4.857142857142857,0.0,0.0,False,Insufficient Review Volume
c5e60e39c0f42b8e827daa13cff74afa,6,8,134.0,89.10000000000001,0.6649253731343284,6.0,1.0,-4.6641107253086425,16.666666666666664,6.0,4.5,0.0,0.0,False,Insufficient Review Volume
c5ebe6598748b0aeaa61cfb820478b92,3,3,297.0,40.17,0.13525252525252526,3.0,0.0,-18.39206790123457,0.0,3.0,4.666666666666667,0.0,0.0,False,Insufficient Review Volume
c5f7e746b7e6d07def6c0dae9903279b,10,11,1429.0,229.92000000000002,0.16089573128061582,10.0,0.0,-16.83465740740741,0.0,10.0,4.4,0.0,0.0,False,Insufficient Review Volume
c5f7feb04a6a1fb3596322bfc3cf1917,11,11,1720.6,337.86,0.19636173427873999,11.0,1.0,-7.964041456228956,9.090909090909092,11.0,4.2727272727272725,2.0,18.181818181818183,False,Insufficient Review Volume
c60b801f2d52c7f7f91de00870882a75,41,41,12913.5,739.39,0.057257134007046885,39.0,8.0,-9.96324252136752,20.51282051282051,41.0,3.317073170731707,13.0,31.70731707317073,True,High Revenue + Lower Experience
c611f4ce9ce875bcc063fa97fd4d7d12,1,1,319.0,13.25,0.041536050156739814,1.0,1.0,1.6859375,100.0,1.0,4.0,0.0,0.0,False,Insufficient Review Volume
c6218512d16fcac0af02fe92691cf274,8,8,674.0,194.64,0.2887833827893175,8.0,1.0,-11.415335648148147,12.5,8.0,4.111111111111111,1.0,12.5,False,Insufficient Review Volume
c6381b1321d7d97717a5bb4ed5b77882,2,3,66.0,34.01,0.5153030303030303,2.0,0.0,-5.773674768518519,0.0,2.0,3.0,1.0,50.0,False,Insufficient Review Volume
c6381d2d013342748761e906d45aff76,15,28,2042.98,571.28,0.279630735494229,15.0,0.0,-15.693851851851852,0.0,15.0,3.8666666666666667,4.0,26.666666666666668,False,Insufficient Review Volume
c64a2aec32cc408a8a4c6d7c46017f91,9,9,3221.5,406.67,0.12623622536085674,9.0,0.0,-11.531579218106996,0.0,9.0,3.888888888888889,1.0,11.11111111111111,False,Insufficient Review Volume
c66dccfb3f109511246da627dd5a2498,45,45,12708.55,973.7,0.07661771012428642,44.0,2.0,-14.312937973484848,4.545454545454546,45.0,4.488888888888889,4.0,8.88888888888889,True,High Revenue + High Experience
c679fb69a36e1d8349e8c50a217b4d58,14,17,1825.68,388.21000000000004,0.2126385785022567,14.0,2.0,-8.854860284391535,14.285714285714285,13.0,3.8461538461538463,3.0,23.076923076923077,False,Insufficient Review Volume
c68fb906c8f4b4b946d8386bfa6e5467,45,48,4541.16,892.45,0.1965246765143708,45.0,1.0,-12.567922839506172,2.2222222222222223,44.0,4.5227272727272725,3.0,6.8181818181818175,True,High Revenue + High Experience
c6a7539d424a8402232c2228d7a03c5e,10,15,607.5,393.82,0.6482633744855967,10.0,1.0,-9.420777777777777,10.0,10.0,3.1,4.0,40.0,False,Insufficient Review Volume
c6bda72e4dbf5c5866b13cb1810c6d03,59,59,14059.380000000001,1136.74,0.08085278298189535,59.0,2.0,-11.559546257062147,3.389830508474576,59.0,4.383333333333334,5.0,8.47457627118644,True,High Revenue + High Experience
c70a353f02429c00775a46a75fb787da,6,6,242.0,94.94,0.39231404958677685,6.0,0.0,-10.585632716049384,0.0,6.0,4.666666666666667,0.0,0.0,False,Insufficient Review Volume
c70c1b0d8ca86052f45a432a38b73958,261,338,36537.369999999995,3938.91,0.10780496789998843,260.0,22.0,-8.241093616452991,8.461538461538462,259.0,4.359073359073359,24.0,9.266409266409266,True,High Revenue + High Experience
c714262700f93defc16bf17a51a4cb23,4,4,421.8,69.53,0.1648411569464201,4.0,0.0,-9.837702546296295,0.0,4.0,3.75,1.0,25.0,False,Insufficient Review Volume
c716e0b86ed568878475b60fbb6323ad,1,1,35.0,15.23,0.43514285714285716,1.0,0.0,-8.9753125,0.0,1.0,5.0,0.0,0.0,False,Insufficient Review Volume
c7246702dc991a06d788120dc7544391,1,1,54.86,17.66,0.3219103171709807,1.0,0.0,-3.0649305555555557,0.0,1.0,5.0,0.0,0.0,False,Insufficient Review Volume
c72de06d72748d1a0dfb2125be43ba63,21,22,17522.0,1211.18,0.06912338774112545,21.0,0.0,-17.913139329805997,0.0,21.0,4.476190476190476,1.0,4.761904761904762,False,Insufficient Review Volume
c731d18cea9bf687ffee82a241c25b11,24,26,3662.0,610.65,0.16675314036045877,24.0,0.0,-15.89216869212963,0.0,23.0,4.217391304347826,4.0,17.391304347826086,False,Insufficient Review Volume
c747d5b92c7648417faea95d36d763e8,1,1,139.0,85.75,0.6169064748201439,1.0,0.0,-14.101319444444444,0.0,1.0,5.0,0.0,0.0,False,Insufficient Review Volume
c74f14c1e26cf1bd5bd34b6a1e274426,1,1,39.0,16.79,0.43051282051282047,1.0,0.0,-25.97372685185185,0.0,1.0,5.0,0.0,0.0,False,Insufficient Review Volume
c76d418370990614e89e956c7a7567d9,2,2,305.24,64.53,0.21140741711440178,2.0,0.0,-14.84693287037037,0.0,2.0,3.5,0.0,0.0,False,Insufficient Review Volume
c79151301b9d90985d1fa52879213105,4,8,322.3,130.81,0.4058641017685386,3.0,0.0,-16.96982638888889,0.0,4.0,3.75,1.0,25.0,False,Insufficient Review Volume
c794dab4928dd97beb41d05514441e86,16,16,1312.3999999999999,232.19,0.17692014629686073,16.0,2.0,-6.7090870949074075,12.5,16.0,4.375,1.0,6.25,False,Insufficient Review Volume
c7a0a13cbcf29d5ce51c8f80afdc0b89,8,9,483.08,174.72,0.36167922497308935,8.0,0.0,-13.348168402777778,0.0,8.0,4.125,1.0,12.5,False,Insufficient Review Volume
c7b7db6c8f3c64a7cc1afa634db21d50,1,1,1489.0,22.86,0.015352585627938214,1.0,1.0,16.650462962962962,100.0,1.0,1.0,1.0,100.0,False,Insufficient Review Volume
c7bb64409aa480bb7d0335faaaf3d242,4,4,97.6,67.56,0.6922131147540984,4.0,0.0,-16.950931712962962,0.0,4.0,2.25,2.0,50.0,False,Insufficient Review Volume
c7c7b2682c648339a0e9846bb1023a39,2,3,168.0,31.68,0.18857142857142856,2.0,0.0,-10.84620949074074,0.0,2.0,4.5,0.0,0.0,False,Insufficient Review Volume
c7dcd301ecfe5ab7f778ac172cf74be7,4,4,457.69,62.14,0.13576875177521905,3.0,0.0,-28.227681327160493,0.0,4.0,2.5,2.0,50.0,False,Insufficient Review Volume
c7fdb77fdbff3c41981bc52f787e959e,10,12,696.32,175.56,0.25212545955882354,9.0,2.0,-5.703630401234568,22.22222222222222,10.0,3.3,4.0,40.0,False,Insufficient Review Volume
c8025364abeecb115431bf95c11a747f,2,2,928.0,43.28,0.04663793103448276,2.0,1.0,-0.7024479166666666,50.0,2.0,4.5,0.0,0.0,False,Insufficient Review Volume
c8143b3069f6746a77421b5ce30a450c,1,1,142.47,43.41,0.30469572541587703,1.0,0.0,-6.046296296296297,0.0,1.0,5.0,0.0,0.0,False,Insufficient Review Volume
c826c40d7b19f62a09e2d7c5e7295ee2,354,373,45643.74,5573.48,0.12210831101921095,346.0,33.0,-9.134863017822736,9.53757225433526,352.0,4.079545454545454,55.0,15.625,True,High Revenue + Lower Experience
c840d3fdbba0790404fdae73d253b253,9,14,4522.28,359.65,0.07952846794095014,9.0,0.0,-17.129533179012345,0.0,9.0,3.5555555555555554,2.0,22.22222222222222,False,Insufficient Review Volume
c8417879a15366a17c30af34c798c332,26,36,1767.9,487.54,0.27577351660161775,25.0,3.0,-10.827925462962963,12.0,25.0,4.28,2.0,8.0,False,Insufficient Review Volume
c84592044b180dec206770c38603814b,15,15,511.94000000000005,224.26,0.4380591475563542,14.0,0.0,-12.453935185185186,0.0,15.0,4.2,2.0,13.333333333333334,False,Insufficient Review Volume
c8467937e403e76a8ee9f0ab13f6f5ef,30,33,1853.79,588.95,0.3177004946622865,30.0,4.0,-8.53823225308642,13.333333333333334,28.0,4.071428571428571,4.0,14.285714285714285,False,Insufficient Review Volume
c847e075301870dd144a116762eaff9a,42,43,15348.7,1112.08,0.07245434466762657,41.0,4.0,-9.657714543812105,9.75609756097561,41.0,4.170731707317073,6.0,14.634146341463413,True,High Revenue + High Experience
c85d7b477a709c85a1e8b8f25aa1b270,1,2,75.0,32.22,0.4296,,,,,1.0,1.0,1.0,100.0,False,Insufficient Review Volume
c864036feaab8c1659f65ea4faebe1da,58,58,10454.2,1845.57,0.17653861605861756,58.0,2.0,-12.6506561302682,3.4482758620689653,58.0,4.568965517241379,3.0,5.172413793103448,True,High Revenue + High Experience
c8660dcf9ba70575f45d80fe28c27713,4,7,335.0,103.99,0.3104179104477612,4.0,1.0,-8.378608217592593,25.0,4.0,4.5,0.0,0.0,False,Insufficient Review Volume
c8665a4dd081a2c436b1cd921079d0d9,1,1,79.39,14.14,0.1781080740647437,1.0,0.0,-23.22318287037037,0.0,1.0,5.0,0.0,0.0,False,Insufficient Review Volume
c8771b1a10bb99bb34d3c459c5cffb53,1,1,64.9,31.2,0.4807395993836671,1.0,0.0,-15.507048611111111,0.0,1.0,5.0,0.0,0.0,False,Insufficient Review Volume
c878515173c84a492ebe50d6b493230b,9,10,1118.84,189.2,0.16910371456151013,9.0,2.0,-11.528969907407408,22.22222222222222,9.0,4.111111111111111,2.0,22.22222222222222,False,Insufficient Review Volume
c87abc38c8ed3240861729e1aeadf221,1,1,133.0,15.68,0.11789473684210526,1.0,0.0,-30.143935185185185,0.0,1.0,1.0,1.0,100.0,False,Insufficient Review Volume
c88f62b4c386a59281014d677864d016,1,1,1099.0,251.5,0.22884440400363967,,,,,1.0,1.0,1.0,100.0,False,Insufficient Review Volume
c89cf7c468a48af70aada384e722f9e2,14,14,745.0,226.01,0.3033691275167785,14.0,1.0,-9.479495701058202,7.142857142857142,13.0,4.0,2.0,15.384615384615385,False,Insufficient Review Volume
c8b0e2b0a7095e5d8219575d5e7e1181,84,85,12170.210000000001,1487.1299999999999,0.1221942760231746,84.0,6.0,-10.098314043209877,7.142857142857142,83.0,4.0843373493975905,12.0,14.457831325301203,True,High Revenue + Lower Experience
c8b3445d737de6befde0c88ede534a5e,30,36,3149.04,651.75,0.20696783781723954,30.0,1.0,-11.113045138888888,3.3333333333333335,30.0,4.433333333333334,2.0,6.666666666666667,True,High Revenue + High Experience
c8c1bea22194a4eefa2dc9a9fa89f536,7,13,1266.0,292.73,0.23122432859399686,7.0,0.0,-24.79425925925926,0.0,7.0,5.0,0.0,0.0,False,Insufficient Review Volume
c8cc60ffd415254af5d9b9f34f32c369,8,9,722.2,194.03,0.26866518969814457,8.0,0.0,-11.573080150462964,0.0,8.0,4.75,0.0,0.0,False,Insufficient Review Volume
c8e135e7b21ecbc36c1153a29d2f5a06,7,7,1165.5,101.98,0.0874989274989275,7.0,0.0,-10.465858134920635,0.0,7.0,4.857142857142857,0.0,0.0,False,Insufficient Review Volume
c963a25b8671419c6ce9eebe8fd03218,1,1,49.0,19.32,0.3942857142857143,1.0,0.0,-14.084467592592592,0.0,1.0,5.0,0.0,0.0,False,Insufficient Review Volume
c97aa4ee7420f937da13b7f9e2228b99,1,1,29.9,6.66,0.22274247491638796,1.0,0.0,-27.326655092592592,0.0,1.0,1.0,1.0,100.0,False,Insufficient Review Volume
c990d6cf976a5718aaedc539f383ab88,10,11,200.9,141.09,0.7022896963663514,8.0,3.0,-1.0088454861111111,37.5,10.0,3.3,3.0,30.0,False,Insufficient Review Volume
c9a06ece156bb057372c68718ec8909b,14,14,4688.9,540.72,0.11531915801147392,11.0,0.0,-32.37888573232323,0.0,14.0,3.0,5.0,35.714285714285715,False,Insufficient Review Volume
c9aafcd0621b2207c10e32c649cada4d,44,52,2997.25,888.65,0.2964884477437651,40.0,4.0,-9.464620081018518,10.0,44.0,4.0227272727272725,8.0,18.181818181818183,True,High Revenue + Lower Experience
c9c7905cffc4ef9ff9f113554423e671,127,139,10657.18,2109.53,0.19794448437579173,127.0,13.0,-9.427629775444736,10.236220472440944,127.0,4.1484375,14.0,11.023622047244094,True,High Revenue + Lower Experience
c9d2ba8dde44a275ae06475ed1d2fafc,1,1,28.79,14.52,0.5043417853421327,1.0,0.0,-19.559166666666666,0.0,1.0,5.0,0.0,0.0,False,Insufficient Review Volume
c9e5ad1f6647f5dbd1172adf6ae3cada,4,4,259.03,60.95,0.23530093039416286,4.0,0.0,-21.908993055555555,0.0,4.0,4.75,0.0,0.0,False,Insufficient Review Volume
ca3bd7cd9f149df75950150d010fe4a2,71,138,9731.85,3439.52,0.3534292041081603,68.0,3.0,-15.839682734204795,4.411764705882353,71.0,3.9577464788732395,13.0,18.30985915492958,True,High Revenue + Lower Experience
ca4b77513ac2040591b0d8fae6958380,14,15,1772.45,201.17000000000002,0.11349826511326132,14.0,3.0,-2.5371726190476194,21.428571428571427,14.0,4.5,1.0,7.142857142857142,False,Insufficient Review Volume
ca5832c6960267b71041f74bb39e8b12,1,1,79.9,17.81,0.2229036295369211,1.0,1.0,14.877280092592592,100.0,1.0,1.0,1.0,100.0,False,Insufficient Review Volume
ca77545ca4d2dfd1431bf61334e2fa3c,6,10,760.0,213.71,0.28119736842105264,6.0,0.0,-12.767033179012344,0.0,6.0,4.666666666666667,0.0,0.0,False,Insufficient Review Volume
ca7c6bd577e559472af1c699de9e764e,6,8,148.0,70.82,0.47851351351351346,6.0,0.0,-7.776290509259259,0.0,6.0,4.333333333333333,1.0,16.666666666666664,False,Insufficient Review Volume
caa9bc43a9fe8cf9c564ddd8a03cc4a6,13,14,803.87,233.87,0.2909301255178076,13.0,1.0,-11.032576566951567,7.6923076923076925,12.0,4.666666666666667,0.0,0.0,False,Insufficient Review Volume
cab85505710c7cb9b720bceb52b01cee,206,209,11389.1,2906.14,0.2551685383392893,201.0,5.0,-15.015998307075733,2.4875621890547266,205.0,4.280193236714976,16.0,7.804878048780488,True,High Revenue + High Experience
cac4c8e7b1ca6252d8f20b2fc1a2e4af,75,83,4168.18,1554.3600000000001,0.3729109587397857,74.0,17.0,-6.078219156656657,22.972972972972975,74.0,3.533333333333333,22.0,29.72972972972973,True,High Revenue + Lower Experience
cac4e0bc1a3269fa2b6ea5e763f6115b,2,3,57.88,50.14,0.8662750518313752,2.0,0.0,-11.115920138888889,0.0,2.0,5.0,0.0,0.0,False,Insufficient Review Volume
cac63f48c38cd7d002a7e846dcd99a23,10,10,874.0,140.62,0.16089244851258583,10.0,0.0,-12.029729166666666,0.0,10.0,4.818181818181818,0.0,0.0,False,Insufficient Review Volume
cac876b37d3abcd6bd76caca30277996,27,33,2229.77,729.02,0.3269485193540141,27.0,1.0,-15.745175325788752,3.7037037037037033,26.0,4.461538461538462,1.0,3.8461538461538463,False,Insufficient Review Volume
cad10cc982ab6a391570c211b995c17c,1,1,47.4,12.79,0.269831223628692,1.0,0.0,-13.199884259259258,0.0,1.0,5.0,0.0,0.0,False,Insufficient Review Volume
cad9969167c09b48ae6f1d123f7fa68d,2,2,43.2,26.98,0.624537037037037,1.0,0.0,-10.155011574074074,0.0,2.0,3.0,1.0,50.0,False,Insufficient Review Volume
cb0b3bcf14e0a709df412a99424a59d7,2,2,460.0,47.43,0.10310869565217391,2.0,0.0,-9.432806712962964,0.0,2.0,4.5,0.0,0.0,False,Insufficient Review Volume
cb162c8eef257253782d245c08d9097c,1,1,34.99,14.13,0.4038296656187482,1.0,0.0,-7.498101851851852,0.0,1.0,5.0,0.0,0.0,False,Insufficient Review Volume
cb32766839f443db85c82a43c4a6c19e,2,2,234.0,31.51,0.13465811965811966,2.0,0.0,-8.363871527777778,0.0,2.0,3.0,1.0,50.0,False,Insufficient Review Volume
cb3dd9ce66268c7a3ca7241ac70ab58c,50,52,2879.76,845.95,0.2937571186487763,48.0,3.0,-12.40662639853395,6.25,50.0,4.173076923076923,7.0,14.000000000000002,True,High Revenue + High Experience
cb41bfbcbda0aea354a834ab222f9a59,12,12,4002.0,886.68,0.22155922038980508,11.0,4.0,10.299937920875422,36.36363636363637,12.0,3.3333333333333335,4.0,33.33333333333333,False,Insufficient Review Volume
cb4a705d00e100b9732d0ca34817d441,1,2,998.0,82.56,0.08272545090180361,1.0,0.0,-1.9516782407407407,0.0,1.0,1.0,1.0,100.0,False,Insufficient Review Volume
cb5df0dcb9e280b1780e9d589889f2c7,16,19,2934.7200000000003,754.49,0.25709096608875803,11.0,2.0,-14.902369528619529,18.181818181818183,15.0,2.6,8.0,53.333333333333336,False,Insufficient Review Volume
cb5ff1b9715e99589f3e0c7a6afab9e3,4,4,85.0,54.03,0.6356470588235295,4.0,0.0,-11.581912615740741,0.0,4.0,4.0,0.0,0.0,False,Insufficient Review Volume
cb6c9f5888a7a090c75beaf615925792,11,11,779.8900000000001,229.08,0.2937337316801087,11.0,1.0,-10.414881102693602,9.090909090909092,11.0,3.8181818181818183,2.0,18.181818181818183,False,Insufficient Review Volume
cb810bd318f51b3dc3c753944d61a1fa,1,1,1750.0,39.02,0.02229714285714286,1.0,0.0,-26.07744212962963,0.0,1.0,4.0,0.0,0.0,False,Insufficient Review Volume
cb8bcce248bb1fb274ba762d8b971456,68,69,9402.2,1232.82,0.1311203760821935,66.0,1.0,-11.30250929433221,1.5151515151515151,68.0,4.25,5.0,7.352941176470589,True,High Revenue + High Experience
cb9fb4ca75d7ba8437480e8dde64fe98,10,10,532.14,173.42000000000002,0.3258916826399068,10.0,0.0,-10.993136574074075,0.0,10.0,4.0,2.0,20.0,False,Insufficient Review Volume
cbbd5ae8f53de5f5097cd8217b529e24,2,2,351.8,70.44999999999999,0.20025582717453094,1.0,0.0,-17.330127314814813,0.0,2.0,2.5,1.0,50.0,False,Insufficient Review Volume
cbd996ad3c1b7dc71fd0e5f5df9087e2,165,196,8411.04,2873.92,0.3416842625882174,160.0,14.0,-10.2364140625,8.75,161.0,4.149068322981367,21.0,13.043478260869565,True,High Revenue + Lower Experience
cbf09e831b0c11f6f23ffb51004db972,10,10,1535.2,280.2,0.18251693590411672,10.0,0.0,-12.74307986111111,0.0,10.0,4.4,0.0,0.0,False,Insufficient Review Volume
cc1f04647be106ba74e62b21f358af25,1,1,11.9,8.29,0.6966386554621847,1.0,0.0,-5.170381944444444,0.0,1.0,1.0,1.0,100.0,False,Insufficient Review Volume
cc3d14116804f7209f3884f6367f1152,27,30,5477.8,582.79,0.10639125196246667,27.0,1.0,-16.557342249657065,3.7037037037037033,27.0,4.62962962962963,1.0,3.7037037037037033,False,Insufficient Review Volume
cc419e0650a3c5ba77189a1882b7556a,1706,1775,104288.42,25668.99,0.24613461398686454,1651.0,101.0,-12.288448485205375,6.1175045427013925,1698.0,4.077586206896552,259.0,15.25323910482921,True,High Revenue + Lower Experience
cc5a78bbad32776dc4e3af205218368c,33,38,4269.18,1304.17,0.30548489405459595,33.0,1.0,-16.19417824074074,3.0303030303030303,33.0,4.454545454545454,3.0,9.090909090909092,True,High Revenue + High Experience
cc63f0dd2acba93ffed4fe9f8e0321fa,55,63,7096.71,1399.97,0.1972702843993907,55.0,0.0,-11.139743265993266,0.0,55.0,4.090909090909091,5.0,9.090909090909092,True,High Revenue + Lower Experience
cc80e2f693fa6e2408f47ccf62413fc1,2,2,420.0,88.63,0.2110238095238095,2.0,0.0,-16.12474537037037,0.0,2.0,4.0,0.0,0.0,False,Insufficient Review Volume
cca3071e3e9bb7d12640c9fbe2301306,712,830,64009.89,14371.4,0.22451842988638163,699.0,41.0,-14.196409636120382,5.865522174535051,700.0,3.846368715083799,144.0,20.57142857142857,True,High Revenue + Lower Experience
ccada0ef508e698917a6eab263375905,3,3,172.8,59.160000000000004,0.3423611111111111,3.0,0.0,-22.08841820987654,0.0,3.0,3.6666666666666665,1.0,33.33333333333333,False,Insufficient Review Volume
ccb83a794700270fde70898fe9ff368b,12,12,11062.0,1723.73,0.1558244440426686,12.0,2.0,-9.273283179012346,16.666666666666664,12.0,4.333333333333333,1.0,8.333333333333332,False,Insufficient Review Volume
ccbd753e6863fe7314dc6c0ca5a074e7,1,1,495.0,101.56,0.20517171717171717,1.0,0.0,-18.264884259259258,0.0,1.0,4.0,0.0,0.0,False,Insufficient Review Volume
ccc4bbb5f32a6ab2b7066a4130f114e3,187,192,74004.62,5256.98,0.07103583533028072,184.0,14.0,-16.237601587661032,7.608695652173914,186.0,4.28494623655914,22.0,11.827956989247312,True,High Revenue + High Experience
cce6ab8d1682639fe45ab70234f1665f,63,66,2522.7,1167.44,0.46277401197130064,61.0,3.0,-13.055296372191865,4.918032786885246,63.0,4.412698412698413,5.0,7.936507936507936,True,High Revenue + High Experience
ccf8813e5a7d6c84d865cd38bfc2b130,26,26,2635.5,415.79,0.15776512995636502,26.0,2.0,-12.802580128205127,7.6923076923076925,26.0,4.384615384615385,3.0,11.538461538461538,False,Insufficient Review Volume
cd06602b43d8800bd0afad514919d35c,44,53,2588.07,747.26,0.2887325304184199,43.0,2.0,-10.770388942721791,4.651162790697675,44.0,3.6818181818181817,12.0,27.27272727272727,True,High Revenue + Lower Experience
cd2169d9f31ff6fbb9ca3373b0c9e354,1,1,569.0,56.33,0.0989982425307557,1.0,0.0,-16.344456018518517,0.0,1.0,4.0,0.0,0.0,False,Insufficient Review Volume
cd233f8bfa30ebfd651f47ee7d054951,1,1,79.9,18.66,0.23354192740926155,1.0,0.0,-19.18570601851852,0.0,1.0,5.0,0.0,0.0,False,Insufficient Review Volume
cd3d09fbe6e3e9ff0c0ac0c300e93ae7,12,12,651.04,229.19,0.35203674121405754,12.0,1.0,-8.915965470679012,8.333333333333332,12.0,4.166666666666667,2.0,16.666666666666664,False,Insufficient Review Volume
cd52a8efd71af3336b14b5039b951cc1,3,3,170.8,59.74,0.34976580796252926,2.0,0.0,-7.806776620370371,0.0,3.0,2.3333333333333335,1.0,33.33333333333333,False,Insufficient Review Volume
cd68562d3f44870c08922d380acae552,125,132,18569.7,2207.49,0.11887591075784744,122.0,22.0,-7.473653992106861,18.0327868852459,124.0,3.943548387096774,23.0,18.548387096774192,True,High Revenue + Lower Experience
cd6efc47efaabf134f8bdb654e10b4f1,31,32,4158.55,598.61,0.14394680838272955,31.0,3.0,-13.364442951015532,9.67741935483871,31.0,4.483870967741935,2.0,6.451612903225806,True,High Revenue + High Experience
cd843d4cf8ef32827de0396605163ba3,5,5,1915.0,697.56,0.3642610966057441,5.0,0.0,-5.441900462962963,0.0,5.0,3.8,0.0,0.0,False,Insufficient Review Volume
cda598c48d7c614bc1cad7d8ff6f0010,17,18,1118.6000000000001,301.6,0.2696227427141069,17.0,0.0,-13.263569580610023,0.0,17.0,4.0588235294117645,1.0,5.88235294117647,False,Insufficient Review Volume
ce20a2ec1514c25e16f2b5b39bc818f0,4,7,287.0,209.03,0.7283275261324041,4.0,1.0,-17.691001157407406,25.0,4.0,4.75,0.0,0.0,False,Insufficient Review Volume
ce248b21cb2adc36282ede306b7660e5,65,66,15230.06,2066.89,0.13571121847189047,64.0,7.0,-9.77272044994213,10.9375,65.0,4.196969696969697,9.0,13.846153846153847,True,High Revenue + High Experience
ce27a3cc3c8cc1ea79d11e561e9bebb6,135,164,10682.65,2329.22,0.21803765919504992,122.0,3.0,-11.705801646933818,2.459016393442623,130.0,3.9083969465648853,25.0,19.230769230769234,True,High Revenue + Lower Experience
ce33c6211beaa8fef4cae8b52db39862,1,1,49.0,14.52,0.2963265306122449,1.0,0.0,-10.605543981481482,0.0,1.0,3.0,0.0,0.0,False,Insufficient Review Volume
ce3ad9de960102d0677a81f5d0bb7b2d,1,1,158.0,16.21,0.10259493670886076,1.0,0.0,-12.443703703703704,0.0,1.0,5.0,0.0,0.0,False,Insufficient Review Volume
ce4755084bc097113867e6454f8f5e52,1,1,18.9,12.79,0.6767195767195767,1.0,0.0,-10.133657407407407,0.0,1.0,5.0,0.0,0.0,False,Insufficient Review Volume
ce616e1913288884e7742faac9d981db,15,24,365.1,274.93,0.7530265680635442,14.0,1.0,-11.808158895502645,7.142857142857142,15.0,4.466666666666667,0.0,0.0,False,Insufficient Review Volume
ce69a8021d18961dd2a40269b7c2c293,19,19,4818.0,471.05,0.09776878372768784,19.0,2.0,-10.747528021442495,10.526315789473683,19.0,4.473684210526316,2.0,10.526315789473683,False,Insufficient Review Volume
ce7d1888639e6fb06b2749cbfdac1ff7,78,84,11793.89,3082.65,0.2613768654786504,78.0,7.0,-11.469869420702754,8.974358974358974,78.0,4.166666666666667,13.0,16.666666666666664,True,High Revenue + High Experience
cea729054f157f5870bdd321a958d994,24,26,2482.1,349.52,0.14081624430925427,24.0,1.0,-8.609893904320987,4.166666666666666,24.0,4.125,3.0,12.5,False,Insufficient Review Volume
ceaec5548eefc6e23e6607c5435102e7,203,211,52917.18,6331.84,0.11965565814353675,198.0,12.0,-14.451661347268987,6.0606060606060606,199.0,4.1457286432160805,25.0,12.562814070351758,True,High Revenue + Lower Experience
ceb7b4fb9401cd378de7886317ad1b47,1,1,399.9,16.55,0.04138534633658415,,,,,1.0,3.0,0.0,0.0,False,Insufficient Review Volume
cecd97bc34ed8330bd4cd15713eda670,1,1,57.99,18.51,0.3191929643041904,1.0,0.0,-8.146608796296297,0.0,1.0,1.0,1.0,100.0,False,Insufficient Review Volume
cee48807215b30a12ca2ca10ffb5f250,39,40,7212.2300000000005,913.29,0.12663073695653077,39.0,6.0,-12.127283060303894,15.384615384615385,39.0,3.769230769230769,9.0,23.076923076923077,True,High Revenue + Lower Experience
cf1313c6e2c01c2f4b014f97db4bcd2b,5,5,315.70000000000005,81.3,0.25752296484003795,5.0,1.0,-10.659053240740741,20.0,5.0,5.0,0.0,0.0,False,Insufficient Review Volume
cf2384dd2f1dddea3f838efed0945e65,16,16,2101.5,433.44,0.2062526766595289,16.0,0.0,-7.995554832175926,0.0,16.0,3.9375,2.0,12.5,False,Insufficient Review Volume
cf281cf8b7affbdfe751b29cc85580e1,1,1,64.9,25.33,0.3902927580893682,,,,,1.0,1.0,1.0,100.0,False,Insufficient Review Volume
cf654707ed6a99f112c7ec3d6f314b8b,3,4,756.0,33.54,0.044365079365079364,3.0,0.0,-5.846940586419753,0.0,3.0,4.666666666666667,0.0,0.0,False,Insufficient Review Volume
cf6f6bc4df3999b9c6440f124fb2f687,1,1,3.5,8.72,2.4914285714285715,,,,,1.0,5.0,0.0,0.0,False,Insufficient Review Volume
cf8ab1616079e2793aa29d524df01bb1,9,9,14391.0,759.37,0.05276700715725106,6.0,1.0,-8.953105709876544,16.666666666666664,9.0,2.0,7.0,77.77777777777779,False,Insufficient Review Volume
cfa5ab0e4d3fc212fd0b3410e7081c62,16,21,6180.8,1039.01,0.1681028345845198,15.0,0.0,-15.850683641975309,0.0,16.0,3.6875,4.0,25.0,False,Insufficient Review Volume
cfb1a033743668a192316f3c6d1d2671,147,184,12803.64,3432.56,0.26809251119212973,143.0,17.0,-10.561074122636622,11.888111888111888,146.0,3.96,27.0,18.493150684931507,True,High Revenue + Lower Experience
cfd7ddab722b902f7ac5b5f3ba6d723d,12,13,3385.0299999999997,673.0799999999999,0.19884018753157284,12.0,0.0,-12.475923032407408,0.0,12.0,4.75,1.0,8.333333333333332,False,Insufficient Review Volume
cfe94489ddd337d1e29e12f2a7205d10,20,24,2376.0,296.82,0.12492424242424242,20.0,2.0,-7.384995949074074,10.0,20.0,4.3,1.0,5.0,False,Insufficient Review Volume
d03698c2efd04a549382afa6623e27fb,18,21,8865.47,779.15,0.08788592144578912,18.0,1.0,-14.572327674897119,5.555555555555555,18.0,4.5,1.0,5.555555555555555,False,Insufficient Review Volume
d05ae8f7a5bd1d2a690a44cd079e4e27,78,81,13436.0,1159.43,0.08629279547484371,77.0,7.0,-10.559751833814333,9.090909090909092,77.0,3.857142857142857,17.0,22.07792207792208,True,High Revenue + Lower Experience
d06d019f72a04e5497a0b64190af170c,17,17,2415.93,225.51,0.09334293626057047,17.0,1.0,-11.729082244008715,5.88235294117647,17.0,4.529411764705882,1.0,5.88235294117647,False,Insufficient Review Volume
d0d70d21e2234dd7cd3cf63fe414148a,8,9,598.4,366.59,0.6126169786096256,8.0,0.0,-17.29063078703704,0.0,8.0,4.25,1.0,12.5,False,Insufficient Review Volume
d101c6da914ae3d53f7bee42283f2fe2,13,16,1297.4,260.15,0.20051641745028514,13.0,1.0,-17.179193376068376,7.6923076923076925,13.0,3.7142857142857144,4.0,30.76923076923077,False,Insufficient Review Volume
d12c926d74ceff0a90a21184466ce161,78,99,3944.18,1248.64,0.3165778438103738,76.0,1.0,-13.98996055677388,1.3157894736842104,78.0,4.3125,7.0,8.974358974358974,True,High Revenue + High Experience
d13e50eaa47b4cbe9eb81465865d8cfc,67,69,7155.05,857.79,0.11988595467536914,66.0,14.0,-3.836210542929293,21.21212121212121,67.0,4.82089552238806,2.0,2.9850746268656714,True,High Revenue + High Experience
d149de2f383552baea37a7198c2296ce,3,3,320.70000000000005,33.67,0.10498908637355783,3.0,0.0,-5.710385802469136,0.0,3.0,5.0,0.0,0.0,False,Insufficient Review Volume
d1582f4043306e6b91afa6a8a884f898,9,9,990.0,131.92,0.13325252525252523,9.0,1.0,-13.760054012345678,11.11111111111111,9.0,4.111111111111111,1.0,11.11111111111111,False,Insufficient Review Volume
d17f467e4bf608a510c20d82f4ba3b6b,12,12,3021.66,534.89,0.17701859242932694,11.0,2.0,-6.457614688552189,18.181818181818183,12.0,4.0,1.0,8.333333333333332,False,Insufficient Review Volume
d180e07dc1e58c31c3f0cd599dc4d945,1,1,58.8,14.16,0.24081632653061225,1.0,0.0,-15.413298611111111,0.0,1.0,3.0,0.0,0.0,False,Insufficient Review Volume
d197aa8fbc64087f61984deef05f6227,6,7,519.09,111.56,0.21491456202200002,6.0,0.0,-11.002241512345678,0.0,6.0,4.833333333333333,0.0,0.0,False,Insufficient Review Volume
d1a1b40ec554c593a1a99366746289dd,1,1,49.7,14.52,0.29215291750503014,,,,,1.0,2.0,1.0,100.0,False,Insufficient Review Volume
d1a5cc844736958c11b8efab9a2b4c87,1,1,237.6,16.41,0.06906565656565657,1.0,1.0,8.838784722222222,100.0,1.0,1.0,1.0,100.0,False,Insufficient Review Volume
d1aa1ec0839dcab73a6161130eb1f94a,1,1,119.9,16.14,0.13461217681401166,1.0,1.0,2.453275462962963,100.0,1.0,4.0,0.0,0.0,False,Insufficient Review Volume
d1b65fc7debc3361ea86b5f14c68d2e2,40,41,11703.07,1438.73,0.122936118471478,39.0,2.0,-15.278800451092119,5.128205128205128,40.0,4.55,2.0,5.0,True,High Revenue + High Experience
d1b9d4be4b6f9ebd85f8acd6745ba612,11,11,1154.35,194.18,0.16821587906614113,11.0,0.0,-17.0289414983165,0.0,11.0,4.181818181818182,1.0,9.090909090909092,False,Insufficient Review Volume
d1c281d3ae149232351cd8c8cc885f0d,215,240,26942.6,5396.46,0.2002947005856896,214.0,19.0,-10.808744537469712,8.878504672897195,213.0,3.808219178082192,48.0,22.535211267605636,True,High Revenue + Lower Experience
d1c7fa84e48cfa21a0e595167c1c500e,12,12,1156.03,321.35,0.277977215124175,12.0,0.0,-18.35080439814815,0.0,12.0,4.333333333333333,2.0,16.666666666666664,False,Insufficient Review Volume
d1e2fe627180431ffda076abb303c56f,1,1,289.0,9.05,0.031314878892733565,,,,,1.0,1.0,1.0,100.0,False,Insufficient Review Volume
d1ef48b38baca7e831711c4a0aeb398f,29,35,1469.1200000000001,675.5699999999999,0.4598467109562186,28.0,3.0,-14.954635416666665,10.714285714285714,29.0,4.448275862068965,1.0,3.4482758620689653,False,Insufficient Review Volume
d20b021d3efdf267a402c402a48ea64b,90,106,4140.17,1575.0,0.3804191615320144,86.0,15.0,-5.016931389965547,17.441860465116278,89.0,3.7,20.0,22.47191011235955,True,High Revenue + Lower Experience
d23019c84ffae2d5ef2270367b8605fc,39,39,29205.1,2749.7400000000002,0.09415273359789901,39.0,1.0,-13.660917913105413,2.564102564102564,39.0,4.410256410256411,2.0,5.128205128205128,True,High Revenue + High Experience
d2374cbcbb3ca4ab1086534108cc3ab7,524,631,21223.92,9593.88,0.45203148146054073,514.0,30.0,-14.128170913496183,5.836575875486381,518.0,3.7518796992481205,110.0,21.235521235521233,True,High Revenue + Lower Experience
d2572f31e9023e9850ef986a636ff9bf,1,1,279.0,26.69,0.09566308243727599,1.0,0.0,-20.349328703703705,0.0,1.0,5.0,0.0,0.0,False,Insufficient Review Volume
d25aa0aaacb370e912f8cf6efeba38b3,17,21,2658.45,714.6800000000001,0.26883334273730936,17.0,1.0,-16.275480664488015,5.88235294117647,17.0,4.470588235294118,1.0,5.88235294117647,False,Insufficient Review Volume
d263fa444c1504a75cbca5cc465f592a,1,1,399.0,45.07,0.11295739348370927,1.0,0.0,-13.050289351851852,0.0,1.0,5.0,0.0,0.0,False,Insufficient Review Volume
d26aa40b90272d4843d63be7c1462c8d,2,2,152.9,24.52,0.16036625245258337,2.0,0.0,-11.222679398148149,0.0,2.0,4.5,0.0,0.0,False,Insufficient Review Volume
d297f1055de2956aedfd3b04113dce3e,1,1,54.3,7.64,0.1406998158379374,1.0,0.0,-3.2767013888888887,0.0,1.0,4.0,0.0,0.0,False,Insufficient Review Volume
d29ba1220fb8634fa3a107e54497b8a4,9,9,724.94,182.92000000000002,0.25232433028940326,9.0,0.0,-12.35761188271605,0.0,9.0,3.2222222222222223,3.0,33.33333333333333,False,Insufficient Review Volume
d2df77822373f19934e87694d8640767,2,2,155.9,40.5,0.25978191148171903,2.0,0.0,-15.714658564814815,0.0,2.0,3.0,1.0,50.0,False,Insufficient Review Volume
d2e753bb80b7d4faa77483ed00edc8ca,14,15,1320.7,454.24,0.34393882032255624,14.0,1.0,-14.841556712962964,7.142857142857142,14.0,3.6,2.0,14.285714285714285,False,Insufficient Review Volume
d2f3e277560ed4c6361284429b00f037,7,7,320.55,134.11,0.41837466853844957,7.0,0.0,-15.248072089947089,0.0,7.0,4.714285714285714,0.0,0.0,False,Insufficient Review Volume
d32e3909cfb714fb2a6cb092c85b9c5f,10,11,2827.9,251.0,0.08875844266063156,10.0,3.0,-10.290099537037037,30.0,10.0,3.5,3.0,30.0,False,Insufficient Review Volume
d354c38a7182125a748cb10474fe963b,18,20,1610.33,315.85,0.19613992163097008,17.0,1.0,-11.457246732026144,5.88235294117647,17.0,4.294117647058823,0.0,0.0,False,Insufficient Review Volume
d3674f271c91f824f82d24d92011f669,20,20,1718.3,383.52,0.22319734621428156,20.0,2.0,-10.739037037037038,10.0,20.0,4.1,3.0,15.0,False,Insufficient Review Volume
d36b07fd3c5088e477a72d1fccfe29d4,1,1,328.9,10.96,0.03332319854058985,1.0,0.0,-10.291759259259258,0.0,1.0,5.0,0.0,0.0,False,Insufficient Review Volume
d379f449f2a3b271bc01c0782020f705,28,29,4423.06,1076.74,0.24343780097941242,28.0,1.0,-14.030799851190476,3.571428571428571,28.0,3.892857142857143,6.0,21.428571428571427,False,Insufficient Review Volume
d3891911c2feae53c52fea2bd14054e5,2,2,141.0,25.990000000000002,0.1843262411347518,2.0,0.0,-14.743842592592593,0.0,2.0,5.0,0.0,0.0,False,Insufficient Review Volume
d3dcf0604eabf0224fbd5948b5e02f69,9,9,2902.2999999999997,165.10999999999999,0.05688936360817283,9.0,3.0,-4.312062757201646,33.33333333333333,9.0,3.888888888888889,2.0,22.22222222222222,False,Insufficient Review Volume
d3e7d37c0df9aef383f3f2a15b0dddfb,1,1,161.0,40.34,0.25055900621118016,1.0,0.0,-23.429305555555555,0.0,1.0,5.0,0.0,0.0,False,Insufficient Review Volume
d3f39f05462b79a4562d35893a28f159,34,38,2411.3,557.47,0.23119064405092687,33.0,4.0,-11.683335788439956,12.121212121212121,34.0,3.6470588235294117,11.0,32.35294117647059,True,High Revenue + Lower Experience
d4828feed4cda2cd9d6b37899a95a71e,1,1,39.9,22.21,0.556641604010025,1.0,0.0,-22.469675925925927,0.0,1.0,2.0,1.0,100.0,False,Insufficient Review Volume
d4910f1cdcfdabd48d6b316e395d4a23,11,12,1146.88,215.04,0.18749999999999997,11.0,1.0,-8.175765993265992,9.090909090909092,11.0,4.909090909090909,0.0,0.0,False,Insufficient Review Volume
d4a5e99e0dd915df64ba55a7fbd583fd,2,6,65.15,84.6,1.2985418265541058,2.0,0.0,-10.200017361111112,0.0,2.0,3.0,1.0,50.0,False,Insufficient Review Volume
d4d99b60c4c94cd35acd502cec65dc8d,1,1,72.9,14.39,0.19739368998628257,1.0,0.0,-34.408483796296295,0.0,1.0,3.0,0.0,0.0,False,Insufficient Review Volume
d4e12e7884759a14fa0f5f896c791cae,29,32,1400.0,439.67,0.31405,29.0,2.0,-11.849385376756066,6.896551724137931,29.0,4.620689655172414,2.0,6.896551724137931,False,Insufficient Review Volume
d4e4b5192cba4e0e66eb12a9d347239d,12,12,441.8,210.29,0.47598460842009954,11.0,0.0,-15.337435816498317,0.0,12.0,4.166666666666667,2.0,16.666666666666664,False,Insufficient Review Volume
d4f117125b59ce73c3302f88ee40c458,17,17,783.29,215.32,0.2748918025252461,17.0,0.0,-11.034194580610022,0.0,17.0,4.823529411764706,0.0,0.0,False,Insufficient Review Volume
d4f91e8be86b38da2ee35bc489645a9d,1,1,49.99,11.17,0.22344468893778754,1.0,0.0,-35.36194444444445,0.0,1.0,5.0,0.0,0.0,False,Insufficient Review Volume
d4ffeb15b67e81ff9af2b4252d99fb7e,11,12,1400.4,324.40999999999997,0.2316552413596115,11.0,0.0,-12.4188468013468,0.0,10.0,4.3,0.0,0.0,False,Insufficient Review Volume
d50d79cb34e38265a8649c383dcffd48,70,70,13012.42,1932.26,0.148493516194528,70.0,5.0,-12.653352347883597,7.142857142857142,69.0,4.246376811594203,6.0,8.695652173913043,True,High Revenue + High Experience
d51e0a403fe2e689ece6c73359d96e12,19,26,7790.0,673.02,0.08639537869062901,18.0,2.0,-14.081319444444444,11.11111111111111,19.0,4.105263157894737,2.0,10.526315789473683,False,Insufficient Review Volume
d52cbce9845184537284a23c3bc3da0e,2,4,75.0,63.78,0.8504,2.0,0.0,-20.696006944444445,0.0,2.0,5.0,0.0,0.0,False,Insufficient Review Volume
d558ebe531605a1285ab2b1bc3256dfb,3,3,709.0,73.23,0.10328631875881523,3.0,0.0,-12.183966049382716,0.0,3.0,4.666666666666667,0.0,0.0,False,Insufficient Review Volume
d566c37fa119d5e66c4e9052e83ee4ea,65,73,5145.7,979.22,0.19029869599860078,65.0,2.0,-10.158475961538462,3.076923076923077,64.0,4.6875,2.0,3.125,True,High Revenue + High Experience
d57e18d5f73c7ccb7f7339b61166898d,61,63,3187.7,923.49,0.2897041754242871,61.0,2.0,-10.69085211748634,3.278688524590164,61.0,4.426229508196721,5.0,8.19672131147541,True,High Revenue + High Experience
d58d521f3789def2e7a22715e0badd93,2,2,65.98,18.22,0.27614428614731734,2.0,0.0,-8.17546875,0.0,2.0,3.5,0.0,0.0,False,Insufficient Review Volume
d594982fd877af63ace38ea1fca27c76,7,7,217.04,92.66,0.42692591227423515,7.0,0.0,-12.615914351851853,0.0,7.0,4.428571428571429,1.0,14.285714285714285,False,Insufficient Review Volume
d598f929fc44e1e38678e7f47250ec04,1,1,69.9,37.4,0.5350500715307581,1.0,0.0,-22.31761574074074,0.0,1.0,5.0,0.0,0.0,False,Insufficient Review Volume
d5b9a084373da994a6e37f732169a853,7,7,1769.0,176.29000000000002,0.09965517241379311,7.0,2.0,-5.522440476190476,28.57142857142857,7.0,3.5714285714285716,2.0,28.57142857142857,False,Insufficient Review Volume
d5ba419e26d246a0719437cf37d9b46d,34,35,4061.4,520.11,0.12806175210518542,33.0,4.0,-8.228323162177329,12.121212121212121,33.0,3.909090909090909,6.0,18.181818181818183,True,High Revenue + Lower Experience
d5c530f4884a75ae0dba9c148718d278,6,9,280.88,164.05,0.5840572486471092,5.0,1.0,-9.982886574074076,20.0,6.0,3.5,2.0,33.33333333333333,False,Insufficient Review Volume
d624126b9206f595fb3fbb6ba03b28a8,23,28,7198.8,569.7,0.07913818969828305,23.0,1.0,-13.844037842190016,4.3478260869565215,22.0,4.318181818181818,0.0,0.0,False,Insufficient Review Volume
d63c73efd41eb002280e7ec831424edb,2,2,5598.0,168.58999999999997,0.030116112897463375,2.0,0.0,-19.66546875,0.0,2.0,4.0,0.0,0.0,False,Insufficient Review Volume
d63f306de130e0391d38a792541723b8,1,1,49.0,7.6,0.15510204081632653,1.0,0.0,-3.2182291666666667,0.0,1.0,5.0,0.0,0.0,False,Insufficient Review Volume
d650b663c3b5f6fb392b6326366efa9a,60,60,19242.9,910.14,0.04729744477183792,57.0,4.0,-10.886111923326835,7.017543859649122,60.0,4.2,7.0,11.666666666666666,True,High Revenue + High Experience
d65f31d2413268e671989503f6cf9993,2,3,488.8,71.15,0.14556055646481178,,,,,2.0,1.0,2.0,100.0,False,Insufficient Review Volume
d66c11a9572221d92fbb8c4897db5f9b,16,16,776.56,387.82,0.49940764396827036,16.0,0.0,-10.595239438657408,0.0,16.0,4.5625,0.0,0.0,False,Insufficient Review Volume
d66c305afaec317ebee552073a674429,41,47,4886.46,1199.24,0.2454210205342927,38.0,1.0,-18.33834917153996,2.631578947368421,41.0,4.309523809523809,4.0,9.75609756097561,True,High Revenue + High Experience
d673a59aac7a70d8b01e6902bf090a11,79,84,3908.94,1590.62,0.40691849964440485,79.0,8.0,-11.328906762775434,10.126582278481013,79.0,3.925,12.0,15.18987341772152,True,High Revenue + Lower Experience
d6ab728cf30867cf3f1a2e216ae2f9b7,12,14,2002.0,231.82,0.1157942057942058,12.0,0.0,-9.211050347222223,0.0,12.0,4.416666666666667,1.0,8.333333333333332,False,Insufficient Review Volume
d6b1ce66b035a475f00c017792ff9769,92,108,12277.4,2038.48,0.16603515402283872,92.0,6.0,-11.824048787238326,6.521739130434782,90.0,4.277777777777778,7.0,7.777777777777778,True,High Revenue + High Experience
d6b664fa0667064c6d76394e7848d790,6,6,6080.0,324.34,0.0533453947368421,6.0,1.0,-14.692827932098766,16.666666666666664,6.0,4.833333333333333,0.0,0.0,False,Insufficient Review Volume
d6cd01c59123df02fc226eadbadb5f89,2,3,244.9,31.21,0.12743977133523887,1.0,0.0,-9.533483796296297,0.0,2.0,3.0,1.0,50.0,False,Insufficient Review Volume
d71d863e5ef30d94e440c11be17dcd8f,29,36,11900.9,754.75,0.06341957330958163,23.0,3.0,-9.217725442834139,13.043478260869565,26.0,2.9615384615384617,12.0,46.15384615384615,False,Insufficient Review Volume
d73cbd89533ce8b041a9190241453ac8,4,4,368.6,65.02,0.17639717851329353,3.0,0.0,-12.379135802469136,0.0,4.0,3.5,1.0,25.0,False,Insufficient Review Volume
d7485b33791774c36108f8c69602d48d,10,10,399.82,219.32,0.5485468460807363,10.0,1.0,-11.547700231481482,10.0,10.0,3.7,1.0,10.0,False,Insufficient Review Volume
d7827b2af99326a03b0ed9c7a24db0d3,1,1,1455.0,101.7,0.06989690721649484,1.0,0.0,-12.346539351851852,0.0,1.0,5.0,0.0,0.0,False,Insufficient Review Volume
d79e8478eed9999493990b44955fb22e,5,5,721.89,80.72,0.11181758993752511,5.0,1.0,-9.224409722222223,20.0,4.0,4.0,1.0,25.0,False,Insufficient Review Volume
d7ab82074b5f1dfba46db123df101bff,2,3,38.67,45.3,1.1714507370054303,2.0,0.0,-21.795555555555556,0.0,2.0,4.5,0.0,0.0,False,Insufficient Review Volume
d7b2377bae6ace1b11fc69a11900ac36,4,4,329.6,51.96,0.15764563106796114,3.0,1.0,-1.7785223765432103,33.33333333333333,4.0,3.25,2.0,50.0,False,Insufficient Review Volume
d7d517afce974cd491b8d52bb5b5b1fc,1,1,89.99,18.73,0.20813423713745974,1.0,0.0,-22.355173611111113,0.0,1.0,4.0,0.0,0.0,False,Insufficient Review Volume
d7f1cfc638473be93baedbfd02208016,1,1,30.0,17.14,0.5713333333333334,1.0,0.0,-9.282199074074073,0.0,1.0,5.0,0.0,0.0,False,Insufficient Review Volume
d85efbc8eff2b7adf524e2820569adc8,1,1,55.0,8.29,0.1507272727272727,1.0,0.0,-8.10226851851852,0.0,1.0,5.0,0.0,0.0,False,Insufficient Review Volume
d8b8f2cf9ff6ba0389072541cb42498c,1,1,149.0,20.01,0.13429530201342282,1.0,0.0,-16.38957175925926,0.0,1.0,5.0,0.0,0.0,False,Insufficient Review Volume
d8bf0fc082fd4a77fc2e5679b6c00133,1,1,139.9,9.14,0.0653323802716226,1.0,0.0,-4.288645833333334,0.0,1.0,5.0,0.0,0.0,False,Insufficient Review Volume
d8c7ba53e7e38711eaef8c2849d6d2e1,22,22,1190.87,597.47,0.5017088347174755,22.0,0.0,-17.828232323232324,0.0,22.0,4.5,0.0,0.0,False,Insufficient Review Volume
d8cf3b6a2151949f930d0252b180ec42,6,19,623.7,406.48,0.6517235850569184,6.0,0.0,-14.555516975308642,0.0,6.0,3.5,2.0,33.33333333333333,False,Insufficient Review Volume
d8d9567d0bfb0bc7eb845a205ba42657,4,4,74.6,59.71,0.800402144772118,4.0,2.0,-2.5261313657407403,50.0,4.0,3.5,1.0,25.0,False,Insufficient Review Volume
d8dd176509baa37f359644d082bf7f7b,2,2,198.0,31.9,0.1611111111111111,2.0,2.0,10.871394675925925,100.0,2.0,1.5,2.0,100.0,False,Insufficient Review Volume
d90fe2229fee1a5da999ccd0c06c1667,3,3,450.0,66.91,0.14868888888888887,3.0,0.0,-14.753614969135803,0.0,3.0,4.666666666666667,0.0,0.0,False,Insufficient Review Volume
d91fb3b7d041e83b64a00a3edfb37e4f,535,536,40889.74,9290.77,0.2272151889447084,524.0,33.0,-11.966925272123268,6.297709923664121,531.0,4.0964285714285715,82.0,15.44256120527307,True,High Revenue + Lower Experience
d921b68bf747894be13a97ae52b0f386,77,77,15645.8,1758.01,0.11236306229147759,77.0,1.0,-15.349977603415104,1.2987012987012987,77.0,4.558441558441558,4.0,5.194805194805195,True,High Revenue + High Experience
d93844a9c55ba7ce353388bcf849ea56,12,14,2708.5,521.02,0.19236477755215062,12.0,1.0,-9.053854166666666,8.333333333333332,12.0,4.25,1.0,8.333333333333332,False,Insufficient Review Volume
d93919c944be9cff128f6c9cb899eacb,33,33,2666.7000000000003,957.31,0.35898676266546664,33.0,6.0,-7.33766835016835,18.181818181818183,33.0,4.0,6.0,18.181818181818183,True,High Revenue + Lower Experience
d93b8458c6fe139d85cfa5eadbf55bd2,1,1,19.9,14.1,0.7085427135678393,1.0,0.0,-18.20638888888889,0.0,1.0,5.0,0.0,0.0,False,Insufficient Review Volume
d9442042130b7fe579d1295f9f4a248f,19,22,772.16,338.88,0.4388727724823871,19.0,1.0,-7.295311281676413,5.263157894736842,19.0,4.368421052631579,2.0,10.526315789473683,False,Insufficient Review Volume
d94a40fd42351c259927028d163af842,101,110,13823.8,3397.14,0.2457457428492889,100.0,4.0,-13.000757870370371,4.0,99.0,4.181818181818182,11.0,11.11111111111111,True,High Revenue + High Experience
d94ba08b99bedd6a5f6c875ecc4a6fac,9,10,599.0,179.27,0.29928213689482475,8.0,0.0,-11.343000578703704,0.0,9.0,4.777777777777778,0.0,0.0,False,Insufficient Review Volume
d97df38225e5abadaff1e72cb72b823c,29,29,1846.0,516.92,0.2800216684723727,28.0,5.0,-8.615176917989418,17.857142857142858,27.0,3.925925925925926,6.0,22.22222222222222,False,Insufficient Review Volume
d98eec89afa3380e14463da2aabaea72,168,183,6968.53,3256.7799999999997,0.4673553819815657,168.0,4.0,-17.54007888282628,2.380952380952381,167.0,4.333333333333333,13.0,7.784431137724551,True,High Revenue + High Experience
d9a84e1403de8da0c3aa531d6d108ba6,54,59,1425.2,732.14,0.5137103564412012,53.0,3.0,-9.606595475192174,5.660377358490567,54.0,4.518518518518518,4.0,7.4074074074074066,True,High Revenue + High Experience
d9b00a97818674c7f8d8b1ef0e689679,1,1,69.9,9.18,0.13133047210300428,1.0,0.0,-4.153726851851852,0.0,1.0,3.0,0.0,0.0,False,Insufficient Review Volume
d9bd94811c3338dceb4181f3dbc0c73e,54,61,6911.02,771.09,0.11157397894956171,54.0,6.0,-7.258045267489712,11.11111111111111,54.0,4.796296296296297,2.0,3.7037037037037033,True,High Revenue + High Experience
d9c349beabc06aa6ff1c6d68b5e9e22e,1,1,168.1,37.55,0.22337894110648424,1.0,0.0,-10.271631944444444,0.0,1.0,5.0,0.0,0.0,False,Insufficient Review Volume
d9cb0052a666de5308b32f32ad5f1b1c,3,3,231.89999999999998,38.59,0.16640793445450627,3.0,0.0,-10.22221836419753,0.0,3.0,3.6666666666666665,1.0,33.33333333333333,False,Insufficient Review Volume
d9cd369bffa979d1634f8e1318bf2f1b,3,3,678.0,66.81,0.09853982300884956,3.0,0.0,-23.77301697530864,0.0,3.0,5.0,0.0,0.0,False,Insufficient Review Volume
d9d43faf741ceaa8da52fdbb81d9e0e3,6,8,210.0,211.25,1.005952380952381,4.0,0.0,-13.679163773148147,0.0,6.0,3.6666666666666665,2.0,33.33333333333333,False,Insufficient Review Volume
d9e7e7778b32987280a6f2cb9a39c57d,11,13,722.5,263.89,0.3652456747404844,11.0,4.0,-9.450272516835017,36.36363636363637,11.0,3.5454545454545454,3.0,27.27272727272727,False,Insufficient Review Volume
d9e8c084b68fe958861d8f2c21202e6b,9,12,3050.0,181.86,0.059626229508196724,9.0,0.0,-8.14983024691358,0.0,9.0,4.333333333333333,1.0,11.11111111111111,False,Insufficient Review Volume
da03c298e3999e9d828591fc2179d109,4,5,787.7,54.78,0.06954424273200457,4.0,0.0,-7.458263888888889,0.0,4.0,4.75,0.0,0.0,False,Insufficient Review Volume
da20530872245d6cd9d2f5725613c430,2,3,314.96000000000004,79.25999999999999,0.25165100330200657,2.0,0.0,-13.24613425925926,0.0,2.0,4.5,0.0,0.0,False,Insufficient Review Volume
da2782c804606d2a5d8e1760dbb3e7ec,1,1,89.0,14.37,0.16146067415730336,1.0,1.0,13.811111111111112,100.0,1.0,1.0,1.0,100.0,False,Insufficient Review Volume
da3fede3469bf49b7293ce3fc45b294d,1,1,44.9,12.79,0.28485523385300665,1.0,0.0,-7.002199074074074,0.0,1.0,5.0,0.0,0.0,False,Insufficient Review Volume
da4d149c0ddbac90557103ac0a0ec356,1,1,730.0,45.98,0.06298630136986301,,,,,1.0,3.0,0.0,0.0,False,Insufficient Review Volume
da6a60cc8cc724fe51be021ff8be779c,12,13,728.79,255.79,0.35097902001948433,12.0,0.0,-12.66316936728395,0.0,12.0,4.75,0.0,0.0,False,Insufficient Review Volume
da7039f29f90ce5b4846ffc0fcc93beb,17,18,1259.1,244.45000000000002,0.19414661265983643,17.0,1.0,-11.004109477124182,5.88235294117647,17.0,4.529411764705882,1.0,5.88235294117647,False,Insufficient Review Volume
da8622b14eb17ae2831f4ac5b9dab84a,1314,1551,160236.57,24955.75,0.15574316150177203,1311.0,100.0,-10.272546481693364,7.627765064836003,1308.0,4.178867924528302,157.0,12.003058103975535,True,High Revenue + High Experience
dace965ca58120f92f8d742a9fa1864b,8,8,1442.0,131.77,0.09138002773925105,8.0,0.0,-10.361300636574073,0.0,8.0,4.625,1.0,12.5,False,Insufficient Review Volume
dadc51ef321949ec9a3ab25cd902e23d,1,1,85.0,14.34,0.16870588235294118,,,,,1.0,1.0,1.0,100.0,False,Insufficient Review Volume
daeb5653dd96c1b11860f72209795012,40,41,2305.9,632.16,0.274148922329676,38.0,3.0,-10.812620309454191,7.894736842105263,40.0,4.0476190476190474,7.0,17.5,True,High Revenue + Lower Experience
daf565f087a52def0fd5c5825b3661bc,9,9,813.9000000000001,307.93,0.3783388622680919,9.0,1.0,-16.85474022633745,11.11111111111111,8.0,3.625,3.0,37.5,False,Insufficient Review Volume
db1f0f7c7e5e87f40b62226f020bb297,3,3,59.01,64.72,1.096763260464328,3.0,0.0,-32.38476466049383,0.0,3.0,4.666666666666667,0.0,0.0,False,Insufficient Review Volume
db2956745b3a8e9f3785c99f34b5d25e,47,48,8599.0,975.27,0.11341667635771602,45.0,5.0,-11.262229423868312,11.11111111111111,47.0,3.765957446808511,10.0,21.27659574468085,True,High Revenue + Lower Experience
db4350fd57ae30082dec7acbaacc17f9,137,146,3331.31,2090.33,0.6274798802873344,136.0,5.0,-15.131163449754903,3.6764705882352944,136.0,4.139705882352941,17.0,12.5,True,High Revenue + Lower Experience
db46ca7bce82b11f7e247539271fc390,16,16,933.97,215.89,0.2311530348940544,16.0,0.0,-12.83427951388889,0.0,16.0,4.5625,1.0,6.25,False,Insufficient Review Volume
db6a4d4b5f1f5f98820ce6ce2619e2de,1,1,135.99,12.16,0.08941833958379292,1.0,0.0,-18.184965277777778,0.0,1.0,5.0,0.0,0.0,False,Insufficient Review Volume
db7ed69a53aa9fb1c01930ba54a88bbe,1,1,109.0,11.78,0.10807339449541284,1.0,0.0,-8.258472222222222,0.0,1.0,5.0,0.0,0.0,False,Insufficient Review Volume
dbb9b48c841a0e39e21f98e1a6b2ec3e,108,118,7186.85,1581.41,0.2200421603344998,108.0,4.0,-11.234537144204388,3.7037037037037033,108.0,4.268518518518518,12.0,11.11111111111111,True,High Revenue + High Experience
dbbcfe2c8d026742134ac3e28ccde274,4,4,308.59000000000003,54.379999999999995,0.17622087559545024,4.0,0.0,-15.25785300925926,0.0,4.0,4.2,1.0,25.0,False,Insufficient Review Volume
dbc22125167c298ef99da25668e1011f,406,429,33776.78,8012.38,0.23721562564578388,394.0,10.0,-12.96027513395375,2.5380710659898478,405.0,4.268472906403941,37.0,9.135802469135802,True,High Revenue + High Experience
dbc51f5e45d654ecc16cb68e6817ecea,1,1,199.99,18.14,0.09070453522676133,1.0,0.0,-6.320844907407407,0.0,1.0,4.0,0.0,0.0,False,Insufficient Review Volume
dbd66278cbfe1aa1000f90a217ca4695,85,99,4928.9,1543.87,0.3132281036336708,85.0,5.0,-11.583589052287582,5.88235294117647,85.0,4.5058823529411764,2.0,2.3529411764705883,True,High Revenue + High Experience
dbdd0ec73a4817971d962698f2fea022,16,16,6384.0,1790.8,0.2805137844611529,16.0,1.0,-16.644780092592594,6.25,16.0,4.375,2.0,12.5,False,Insufficient Review Volume
dbec9a0a7efeff029d4d9dce7dc4cc95,3,3,1170.0,118.59,0.10135897435897437,3.0,0.0,-11.271161265432099,0.0,3.0,4.0,1.0,33.33333333333333,False,Insufficient Review Volume
dc120d932ddf9d4dfb6fd68beefda622,1,1,130.0,14.44,0.11107692307692307,1.0,0.0,-5.982326388888889,0.0,1.0,1.0,1.0,100.0,False,Insufficient Review Volume
dc317f341ab0e22f39acbd9dbf9b4a1f,55,58,18988.4,3581.73,0.18862726717364284,55.0,3.0,-14.249487373737374,5.454545454545454,55.0,4.1454545454545455,9.0,16.363636363636363,True,High Revenue + Lower Experience
dc4a0fc896dc34b0d5bfec8438291c80,231,249,24180.77,4614.32,0.19082601587956047,225.0,15.0,-10.72633209876543,6.666666666666667,231.0,3.7531380753138075,53.0,22.943722943722943,True,High Revenue + Lower Experience
dc50afafdfa325eadc890c7fa42a8f4e,4,4,424.2,57.28,0.13503064592173503,4.0,0.0,-11.016892361111111,0.0,4.0,4.75,0.0,0.0,False,Insufficient Review Volume
dc64d75cc406bb0697be983831430e60,4,4,813.0,92.55000000000001,0.11383763837638378,4.0,0.0,-12.77027199074074,0.0,4.0,4.75,0.0,0.0,False,Insufficient Review Volume
dc7192adf8ba09569261f4a8d576afe0,7,8,917.0,161.43,0.17604143947655398,7.0,0.0,-13.898488756613757,0.0,7.0,3.857142857142857,2.0,28.57142857142857,False,Insufficient Review Volume
dc8798cbf453b7e0f98745e396cc5616,41,51,2056.3,624.4,0.3036521908281865,35.0,2.0,-9.549449074074074,5.714285714285714,41.0,3.0714285714285716,17.0,41.46341463414634,True,High Revenue + Lower Experience
dcb7367a92f5ffb89f1e2152ed260285,1,1,79.9,18.44,0.23078848560700876,1.0,0.0,-13.223263888888889,0.0,1.0,5.0,0.0,0.0,False,Insufficient Review Volume
dcf3755cefcdc158ad0b7bdde51e871b,3,3,269.70000000000005,89.33,0.33121987393400065,3.0,0.0,-13.715883487654319,0.0,2.0,4.0,0.0,0.0,False,Insufficient Review Volume
dd264199fc8b687ad029de7de6d760e6,1,1,87.9,20.7,0.23549488054607506,1.0,0.0,-10.427824074074074,0.0,1.0,5.0,0.0,0.0,False,Insufficient Review Volume
dd2bdf855a9172734fbc3744021ae9b9,108,113,10816.7,2037.18,0.1883365536623924,105.0,6.0,-22.319310846560846,5.714285714285714,104.0,3.8476190476190477,19.0,18.269230769230766,True,High Revenue + Lower Experience
dd39ad39b5d3df33037e141c72497ba6,2,2,135.8,29.049999999999997,0.21391752577319584,2.0,0.0,-18.14527199074074,0.0,2.0,5.0,0.0,0.0,False,Insufficient Review Volume
dd4d95ba2d15c071e6c695e2ef6ce169,4,4,1748.0,214.41,0.12266018306636155,4.0,2.0,-3.3104861111111106,50.0,4.0,4.25,0.0,0.0,False,Insufficient Review Volume
dd533b429f380718b70ad9922c294bae,41,45,2819.77,1151.21,0.40826379456480494,39.0,5.0,-8.594474715099715,12.82051282051282,41.0,3.7804878048780486,8.0,19.51219512195122,True,High Revenue + Lower Experience
dd5450b022b2d00a2145a66331e1aef6,1,1,59.0,22.34,0.37864406779661014,1.0,0.0,-31.30633101851852,0.0,1.0,5.0,0.0,0.0,False,Insufficient Review Volume
dd55f1bb788714a40e7954c3be6df745,35,37,7041.759999999999,659.42,0.0936442025857172,35.0,6.0,-8.705236772486773,17.142857142857142,35.0,3.742857142857143,7.0,20.0,True,High Revenue + Lower Experience
dd58ee93286b0821565574c570e9e1dc,2,2,2948.0,75.31,0.025546132971506107,2.0,0.0,-13.286770833333334,0.0,2.0,5.0,0.0,0.0,False,Insufficient Review Volume
dd7ddc04e1b6c2c614352b383efe2d36,122,143,9178.51,2893.4900000000002,0.31524615651124205,121.0,19.0,-7.14088489057239,15.702479338842975,121.0,3.8512396694214877,23.0,19.00826446280992,True,High Revenue + Lower Experience
dd88d13bea9e4c2bf47daf224f8141e5,1,1,458.0,29.38,0.06414847161572053,1.0,0.0,-6.359247685185185,0.0,1.0,5.0,0.0,0.0,False,Insufficient Review Volume
dd8a29ce82d5c705ba932d81494600a5,2,2,205.75,27.5,0.1336573511543135,2.0,0.0,-9.285034722222221,0.0,2.0,3.5,0.0,0.0,False,Insufficient Review Volume
dd9661d3cda1e6feb237f0c4d8b26f2e,1,1,174.0,16.98,0.09758620689655173,1.0,0.0,-10.413263888888888,0.0,1.0,5.0,0.0,0.0,False,Insufficient Review Volume
dda37071807e404c5bb2a1590c66326f,1,1,199.99,19.28,0.09640482024101205,1.0,0.0,-3.0579050925925926,0.0,1.0,5.0,0.0,0.0,False,Insufficient Review Volume
ddd51ae8cda92f3995a51fc0f0f3eec7,8,25,842.6999999999999,276.92,0.3286104188916578,8.0,0.0,-14.440920138888888,0.0,8.0,4.625,0.0,0.0,False,Insufficient Review Volume
dde698c6d0bd24834c586e5111c2bba7,1,1,155.9,19.19,0.1230917254650417,1.0,0.0,-14.21337962962963,0.0,1.0,5.0,0.0,0.0,False,Insufficient Review Volume
de09d00cfc265b8804c7df34075a68fa,3,3,784.0,43.97,0.05608418367346939,3.0,0.0,-16.19844135802469,0.0,3.0,3.3333333333333335,1.0,33.33333333333333,False,Insufficient Review Volume
de0c78824586e9a5f5f04fd84e25df39,14,16,2489.3,208.53,0.0837705379022215,14.0,0.0,-19.30450562169312,0.0,14.0,4.642857142857143,1.0,7.142857142857142,False,Insufficient Review Volume
de23c3b98a88888289c6f5cc1209054a,164,181,26399.670000000002,2682.14,0.10159748208973823,161.0,16.0,-9.68055843110191,9.937888198757763,164.0,4.2560975609756095,19.0,11.585365853658537,True,High Revenue + High Experience
de66a66f2dd06bb9ec37aa96987466a3,7,8,353.32,115.66,0.327351975546247,7.0,0.0,-25.605962301587304,0.0,7.0,4.142857142857143,1.0,14.285714285714285,False,Insufficient Review Volume
de722cd6dad950a92b7d4f82673f8833,339,379,55426.1,9686.65,0.17476694192808082,337.0,15.0,-14.79758840257171,4.451038575667656,337.0,4.293768545994065,32.0,9.495548961424333,True,High Revenue + High Experience
de9727ca376d1be6ec121b110aa7954c,10,12,1058.7,211.39,0.19966940587512985,9.0,1.0,-18.018248456790122,11.11111111111111,10.0,3.8,3.0,30.0,False,Insufficient Review Volume
deaadd805612bf94faaa9fa702516e11,1,1,50.0,15.11,0.30219999999999997,,,,,1.0,1.0,1.0,100.0,False,Insufficient Review Volume
debe6615cd90cc0c2eac2b8988e1f628,5,5,278.5,95.53,0.343016157989228,5.0,0.0,-13.479270833333334,0.0,5.0,4.6,0.0,0.0,False,Insufficient Review Volume
dedcab67899479e4ea5dcc4eba47f587,2,2,84.0,21.64,0.25761904761904764,2.0,0.0,-4.101707175925926,0.0,2.0,4.5,0.0,0.0,False,Insufficient Review Volume
dee656f0f566ed1aa85bd137c943f08f,93,95,6271.9800000000005,1696.69,0.27051903864489363,92.0,5.0,-13.422530444847022,5.434782608695652,92.0,4.369565217391305,7.0,7.608695652173914,True,High Revenue + High Experience
df0f42bc4c2142eacf0eaf2cffd0cfbb,14,16,1654.0,292.45,0.17681378476420798,14.0,0.0,-9.101029265873015,0.0,14.0,4.142857142857143,2.0,14.285714285714285,False,Insufficient Review Volume
df47da4ae86fa4db890d05aaf24e21d8,5,5,310.5,77.18,0.24856682769726252,5.0,0.0,-17.42118287037037,0.0,5.0,4.2,1.0,20.0,False,Insufficient Review Volume
df560393f3a51e74553ab94004ba5c87,28,29,3661.1800000000003,606.15,0.16556137638684792,26.0,2.0,-12.972164351851852,7.6923076923076925,28.0,3.6785714285714284,4.0,14.285714285714285,False,Insufficient Review Volume
df56d7b40d437f88407c5f78b63bc328,22,25,2791.28,460.21999999999997,0.1648777621736264,22.0,1.0,-10.65772622053872,4.545454545454546,22.0,4.090909090909091,3.0,13.636363636363635,False,Insufficient Review Volume
df683dfda87bf71ac3fc63063fba369d,1,1,39.9,16.05,0.40225563909774437,1.0,1.0,167.70841435185184,100.0,1.0,1.0,1.0,100.0,False,Insufficient Review Volume
df91910b6a03bb2e3358fa6a35e32f6f,14,14,2312.1,395.02,0.17084901172094633,13.0,0.0,-12.622857015669515,0.0,14.0,4.357142857142857,1.0,7.142857142857142,False,Insufficient Review Volume
dfa0c4c6229ab200a4a1336b4d7128ff,77,86,4777.1,1767.11,0.3699127085470264,77.0,3.0,-14.189157497594998,3.896103896103896,77.0,4.0,14.0,18.181818181818183,True,High Revenue + Lower Experience
dfc475d54e1b6dbeeb7d7d9bdaa63827,19,21,1793.76,434.31,0.24212269199892963,18.0,1.0,-15.261688528806584,5.555555555555555,19.0,4.315789473684211,3.0,15.789473684210526,False,Insufficient Review Volume
dfc5fb7259bb2b599ca565e6e9448f0f,33,34,6124.63,721.35,0.11777854335690482,33.0,1.0,-12.325238145342311,3.0303030303030303,33.0,4.121212121212121,3.0,9.090909090909092,True,High Revenue + Lower Experience
dff87e4de60c9736ce8df835951b09bc,2,2,998.0,45.43,0.04552104208416834,,,,,2.0,2.5,1.0,50.0,False,Insufficient Review Volume
e00d85ce20ea50c1224c66ca5050527d,1,1,149.0,8.3,0.055704697986577185,1.0,0.0,-10.475127314814815,0.0,1.0,4.0,0.0,0.0,False,Insufficient Review Volume
e0482f2c769468c3bbcd8a01e09d98c5,1,1,189.0,45.4,0.2402116402116402,1.0,0.0,-13.230081018518518,0.0,1.0,4.0,0.0,0.0,False,Insufficient Review Volume
e0487761face83d64fcada2408959a36,2,2,49.25,14.870000000000001,0.3019289340101523,2.0,0.0,-2.7509027777777777,0.0,2.0,4.5,0.0,0.0,False,Insufficient Review Volume
e067ad2c1c0b48758eb1b5228bcf7a68,54,61,5042.55,1005.36,0.19937531606032663,54.0,5.0,-10.08234246399177,9.25925925925926,54.0,4.148148148148148,6.0,11.11111111111111,True,High Revenue + Lower Experience
e06f09ec0a4aca210779cf1cfc63cf19,29,31,5279.49,621.92,0.11779925712521475,29.0,2.0,-16.18750159642401,6.896551724137931,29.0,3.967741935483871,5.0,17.24137931034483,False,Insufficient Review Volume
e0878efa0e0b7e5313ac0b43bc04c081,27,29,5065.299999999999,529.61,0.10455649221171502,26.0,5.0,-10.256569622507122,19.230769230769234,27.0,3.5357142857142856,8.0,29.629629629629626,False,Insufficient Review Volume
e09887ca8c7bf8a4621ce481820414ef,3,4,119.96000000000001,58.699999999999996,0.48932977659219734,2.0,1.0,41.76645833333333,50.0,3.0,2.3333333333333335,2.0,66.66666666666666,False,Insufficient Review Volume
e0a366315b1b726b6c7832d664c0f530,43,51,7400.09,745.08,0.10068526193600348,43.0,2.0,-10.90776028208441,4.651162790697675,43.0,4.3023255813953485,6.0,13.953488372093023,True,High Revenue + High Experience
e0a3c37054ade6478d923a6efc10f308,2,2,219.8,35.18,0.1600545950864422,2.0,0.0,-15.300538194444444,0.0,2.0,5.0,0.0,0.0,False,Insufficient Review Volume
e0b162a693bc7f9eab00f783a31d60ea,1,1,20.0,29.69,1.4845000000000002,1.0,0.0,-12.359861111111112,0.0,1.0,5.0,0.0,0.0,False,Insufficient Review Volume
e0eabded302882513ced4ea3eb0c7059,8,8,978.4000000000001,138.79,0.1418540474243663,8.0,0.0,-16.344055266203704,0.0,8.0,4.625,0.0,0.0,False,Insufficient Review Volume
e116c7455dd26a4d8c3e92532583905f,1,2,36.76,14.78,0.4020674646354733,,,,,1.0,4.0,0.0,0.0,False,Insufficient Review Volume
e1643dff33666ca629e3644c02738179,3,3,170.0,29.31,0.17241176470588235,3.0,0.0,-11.630702160493826,0.0,3.0,4.333333333333333,0.0,0.0,False,Insufficient Review Volume
e174dc2de86d60fee178170a154c05e7,1,1,19.8,14.1,0.712121212121212,,,,,1.0,1.0,1.0,100.0,False,Insufficient Review Volume
e1a210d482714ce337763a19aef94ba4,1,1,49.9,26.61,0.5332665330661323,,,,,1.0,1.0,1.0,100.0,False,Insufficient Review Volume
e1b12447a7563944843191754aeb5562,9,10,472.46000000000004,126.67,0.26810735300342886,9.0,2.0,-7.271765689300413,22.22222222222222,9.0,4.444444444444445,1.0,11.11111111111111,False,Insufficient Review Volume
e1bed63d68ac36fe1f3061befe196af5,1,1,199.0,18.0,0.09045226130653267,1.0,0.0,-25.622372685185184,0.0,1.0,5.0,0.0,0.0,False,Insufficient Review Volume
e1c76f339ebd5460999f25a2aa8c92c5,1,1,899.9,28.8,0.032003555950661185,1.0,0.0,-14.41400462962963,0.0,1.0,5.0,0.0,0.0,False,Insufficient Review Volume
e1dc0754bada9ee4cfe9713f22f61292,12,12,885.0,264.78,0.29918644067796607,12.0,0.0,-12.373795331790122,0.0,12.0,3.8333333333333335,3.0,25.0,False,Insufficient Review Volume
e21a1e8be4715b0fcfd5385643bc49c4,21,24,703.5999999999999,472.28999999999996,0.671247868106879,20.0,0.0,-10.767309606481481,0.0,21.0,3.6666666666666665,5.0,23.809523809523807,False,Insufficient Review Volume
e24d3429d294b2eb200b064ebb035879,19,22,1878.58,372.12,0.19808578820172684,19.0,1.0,-10.240070053606239,5.263157894736842,19.0,4.2631578947368425,2.0,10.526315789473683,False,Insufficient Review Volume
e24fc9fcd865784fb25705606fe3dfe7,52,56,12936.0,1030.71,0.07967764378478664,51.0,4.0,-13.115789987291212,7.8431372549019605,52.0,4.173076923076923,6.0,11.538461538461538,True,High Revenue + High Experience
e250d617a0ad591ba9bd663e584a895d,8,20,904.12,300.79,0.3326881387426448,8.0,0.0,-12.358531539351851,0.0,8.0,3.5,3.0,37.5,False,Insufficient Review Volume
e256a62e0ac58c0edfba09966142d561,12,14,1474.1100000000001,335.44,0.2275542530747366,12.0,0.0,-16.344700038580246,0.0,12.0,4.416666666666667,1.0,8.333333333333332,False,Insufficient Review Volume
e26901d5ab434ce92fd9b5c256820a4e,202,221,11990.9,2947.98,0.24585143733998283,197.0,5.0,-12.869359665820642,2.5380710659898478,202.0,4.123762376237623,25.0,12.376237623762377,True,High Revenue + Lower Experience
e2a1ac9bf33e5549a2a4f834e70df2f8,5,5,14999.449999999999,201.11,0.013407824953581633,5.0,0.0,-9.154564814814815,0.0,5.0,4.8,0.0,0.0,False,Insufficient Review Volume
e2aee0892199b1d92530e371abd825bf,38,41,5662.57,2654.72,0.46881892850772705,36.0,5.0,-11.20356674382716,13.88888888888889,38.0,3.789473684210526,9.0,23.684210526315788,True,High Revenue + Lower Experience
e2c92f9c1c7746d899d18f2e158bbff7,14,14,1894.7,391.91,0.2068454108829894,12.0,0.0,-9.380104166666667,0.0,14.0,4.071428571428571,2.0,14.285714285714285,False,Insufficient Review Volume
e333046ce6517bd8bb510291d44f0130,68,74,7268.0,1431.32,0.19693450742982938,68.0,4.0,-12.715099911492374,5.88235294117647,68.0,4.338235294117647,6.0,8.823529411764707,True,High Revenue + High Experience
e38db885400cd35c71dfd162f2c1dbcf,30,32,2066.8,670.75,0.32453551383781687,30.0,4.0,-11.623433641975309,13.333333333333334,30.0,4.466666666666667,2.0,6.666666666666667,True,High Revenue + High Experience
e3a386fc36e22064434e1fa256f6a9fa,16,17,793.9,253.25,0.31899483562161485,16.0,3.0,-9.652434172453704,18.75,16.0,4.1875,2.0,12.5,False,Insufficient Review Volume
e3b4998c7a498169dc7bce44e6bb6277,3,3,6897.9,216.79,0.031428405746676526,1.0,0.0,-5.400486111111111,0.0,3.0,2.6666666666666665,2.0,66.66666666666666,False,Insufficient Review Volume
e3d3b3efac954a60d61be70b7e05b49b,3,3,1282.05,123.78,0.09654849654849655,3.0,0.0,-17.151952160493828,0.0,3.0,4.333333333333333,0.0,0.0,False,Insufficient Review Volume
e3dd723429d1b23614b7fa85e2c7a853,7,8,471.05,126.57,0.26869759048933234,7.0,2.0,-5.475901124338625,28.57142857142857,7.0,3.7142857142857144,1.0,14.285714285714285,False,Insufficient Review Volume
e3e15e2c0b9700561efac21c6be48066,3,4,97.24,42.5,0.4370629370629371,,,,,3.0,2.0,2.0,66.66666666666666,False,Insufficient Review Volume
e3e290b38963293022cdcd6db8328103,3,3,135.7,46.34,0.34148857774502583,3.0,0.0,-10.531701388888889,0.0,3.0,3.3333333333333335,1.0,33.33333333333333,False,Insufficient Review Volume
e4253cef933647000a82ff39c67b7bde,2,2,68.0,40.73,0.598970588235294,,,,,2.0,2.0,1.0,50.0,False,Insufficient Review Volume
e433f5fd4050e3352b5d83522b7fe24b,1,1,548.06,48.71,0.08887713024121448,1.0,0.0,-6.061400462962963,0.0,1.0,4.0,0.0,0.0,False,Insufficient Review Volume
e439f7176d763f92de325271111b2fd5,7,7,1348.4,235.62,0.1747404331059033,6.0,0.0,-8.437262731481482,0.0,7.0,5.0,0.0,0.0,False,Insufficient Review Volume
e45edf75f568ed2f93f78d060e246e25,6,7,164.29999999999998,113.92,0.6933657942787584,6.0,1.0,-7.58955825617284,16.666666666666664,6.0,4.166666666666667,0.0,0.0,False,Insufficient Review Volume
e46bc031f2c5bae4ccb40bb90712e9b4,1,1,277.3,50.09,0.18063469166967183,,,,,1.0,1.0,1.0,100.0,False,Insufficient Review Volume
e48b04bf1aa1ef711caebeb7aede6180,25,25,3187.1000000000004,645.63,0.20257600953845187,25.0,0.0,-14.933123611111112,0.0,25.0,4.48,2.0,8.0,False,Insufficient Review Volume
e48cc16ab70bfa09e1401740dce0b3d7,14,17,1084.83,326.3,0.3007844547071892,14.0,1.0,-9.724642857142857,7.142857142857142,14.0,3.5714285714285716,4.0,28.57142857142857,False,Insufficient Review Volume
e49c26c3edfa46d227d5121a6b6e4d37,35,36,3654.25,1175.46,0.32166928918382703,34.0,0.0,-18.96837962962963,0.0,35.0,4.457142857142857,3.0,8.571428571428571,True,High Revenue + High Experience
e4ebd3f87bf70440014f07ddda7fbe03,7,7,671.5,115.75999999999999,0.17239017125837675,7.0,1.0,-7.608870701058201,14.285714285714285,7.0,4.571428571428571,0.0,0.0,False,Insufficient Review Volume
e4f121bf6ef8b9a1d4d3e65dd0473fab,2,2,70.0,36.46,0.5208571428571429,2.0,1.0,-1.532471064814815,50.0,2.0,3.0,1.0,50.0,False,Insufficient Review Volume
e4fc40017a6d22c46a14ac2e17f87c3e,3,3,387.0,275.05,0.7107235142118863,1.0,0.0,-12.044537037037037,0.0,3.0,2.3333333333333335,2.0,66.66666666666666,False,Insufficient Review Volume
e503f22be6a4f456d9851920a5d9c670,2,2,198.9,32.44,0.16309703368526896,2.0,0.0,-11.753472222222221,0.0,2.0,4.0,0.0,0.0,False,Insufficient Review Volume
e504a4e2efaa45cbff7e268a2c58c956,11,12,1188.8000000000002,275.26,0.23154441453566618,10.0,3.0,-6.758211805555556,30.0,11.0,3.5454545454545454,4.0,36.36363636363637,False,Insufficient Review Volume
e51f22821f0c12a16ad5c020cdcd55e9,4,4,898.71,98.13,0.10918983876890208,4.0,0.0,-15.43000289351852,0.0,4.0,4.75,0.0,0.0,False,Insufficient Review Volume
e53d5b9b29d1218281f4a907ada18626,4,5,350.67,133.25,0.3799868822539709,4.0,0.0,-16.783269675925926,0.0,4.0,4.75,0.0,0.0,False,Insufficient Review Volume
e546117ed9cafbc40239c0c78635c584,2,2,456.0,28.34,0.062149122807017544,2.0,0.0,-9.377575231481481,0.0,2.0,4.5,0.0,0.0,False,Insufficient Review Volume
e5475dcab1e07b63d7f6e902d8f5eda8,19,19,2192.0,251.22,0.11460766423357664,19.0,1.0,-9.664354288499025,5.263157894736842,19.0,4.105263157894737,3.0,15.789473684210526,False,Insufficient Review Volume
e5545d4d4473876ea78c5bcebca365c3,1,1,44.5,12.97,0.29146067415730337,1.0,0.0,-15.311944444444444,0.0,1.0,5.0,0.0,0.0,False,Insufficient Review Volume
e560e4022d8f7aebf155db95946c5c0f,2,2,780.0,90.21000000000001,0.11565384615384616,2.0,0.0,-10.696631944444444,0.0,2.0,5.0,0.0,0.0,False,Insufficient Review Volume
e5899683388855d3dabe8913bbe365de,3,3,452.88,80.98,0.17881116410528175,3.0,0.0,-19.321427469135802,0.0,3.0,4.0,0.0,0.0,False,Insufficient Review Volume
e58a5b390e28abc0b216cfb0e07d27d7,7,7,1022.6,144.63,0.14143360062585567,7.0,0.0,-18.898331679894177,0.0,7.0,4.857142857142857,0.0,0.0,False,Insufficient Review Volume
e595809a6c31ec4314fd06ef198c244d,1,1,39.0,18.23,0.4674358974358975,1.0,0.0,-12.012407407407407,0.0,1.0,5.0,0.0,0.0,False,Insufficient Review Volume
e59aa562b9f8076dd550fcddf0e73491,70,84,31574.3,2229.67,0.07061660907763594,69.0,7.0,-11.124612687869028,10.144927536231885,70.0,4.214285714285714,8.0,11.428571428571429,True,High Revenue + High Experience
e59e489e2ea74bd409b798b5daf49de3,3,5,495.0,86.76,0.17527272727272727,3.0,0.0,-10.252889660493826,0.0,3.0,1.6666666666666667,2.0,66.66666666666666,False,Insufficient Review Volume
e59e575a175fadcadf8479e191770425,1,1,199.9,50.98,0.25502751375687843,1.0,0.0,-19.15388888888889,0.0,1.0,5.0,0.0,0.0,False,Insufficient Review Volume
e5a3438891c0bfdb9394643f95273d8e,224,255,7738.349999999999,3374.27,0.4360451517442349,216.0,40.0,-5.830280296210562,18.51851851851852,222.0,3.9107142857142856,44.0,19.81981981981982,True,High Revenue + Lower Experience
e5a38146df062edaf55c38afa99e42dc,121,125,15360.07,1894.52,0.12334058373431891,120.0,11.0,-9.917421392746913,9.166666666666666,120.0,3.9672131147540983,21.0,17.5,True,High Revenue + Lower Experience
e5bd51692380fd8cabb19b756b95e714,3,3,119.69999999999999,33.34,0.27852965747702596,2.0,2.0,6.164635416666667,100.0,3.0,2.3333333333333335,2.0,66.66666666666666,False,Insufficient Review Volume
e5c84227854980f1db19a58958c551d9,4,4,72.81,68.83,0.9453371789589342,4.0,0.0,-9.778191550925925,0.0,4.0,4.75,0.0,0.0,False,Insufficient Review Volume
e5cbe890e679490127e9a390b46bbd20,2,2,908.99,28.72,0.031595507101288244,2.0,0.0,-13.688460648148148,0.0,2.0,4.5,0.0,0.0,False,Insufficient Review Volume
e5d4b2b0c3bca22085f7a19a28de0c42,4,4,205.8,63.76,0.3098153547133139,4.0,1.0,-10.822922453703704,25.0,4.0,4.5,0.0,0.0,False,Insufficient Review Volume
e5def42655b7490edac5a56fe8e9e603,1,1,129.9,11.52,0.08868360277136259,1.0,0.0,-13.251030092592593,0.0,1.0,5.0,0.0,0.0,False,Insufficient Review Volume
e5e33c0d8e7e002f398f5dc4cbbb338f,28,29,6698.7,778.63,0.11623598608685268,26.0,3.0,-14.23477386039886,11.538461538461538,28.0,4.321428571428571,3.0,10.714285714285714,False,Insufficient Review Volume
e5f9e61ceb5f523cc966e0f34095032f,4,4,2238.0,115.44,0.05158176943699732,4.0,1.0,-5.867763310185185,25.0,4.0,4.2,1.0,25.0,False,Insufficient Review Volume
e601b04acf48b4576e73ddca9481f0dc,15,16,491.94,211.0,0.4289140952148636,15.0,0.0,-14.902192901234569,0.0,15.0,4.066666666666666,3.0,20.0,False,Insufficient Review Volume
e603cf3fec55f8697c9059638d6c8eb5,8,11,297.0,185.47,0.6244781144781145,7.0,0.0,-23.832084986772486,0.0,8.0,4.25,1.0,12.5,False,Insufficient Review Volume
e627629ba868740e287800f1a9be81c2,13,13,504.5,139.05,0.27561942517343907,11.0,0.0,-10.960602904040403,0.0,13.0,4.461538461538462,1.0,7.6923076923076925,False,Insufficient Review Volume
e628d4a53c109f09ca88098338b3a3f5,1,1,285.0,58.9,0.20666666666666667,,,,,1.0,1.0,1.0,100.0,False,Insufficient Review Volume
e62b2d6ac10570a035a30bafcf01d263,62,71,5340.39,1035.08,0.19382105052252735,62.0,8.0,-8.718520011947431,12.903225806451612,59.0,3.9661016949152543,9.0,15.254237288135593,True,High Revenue + Lower Experience
e63e8bfa530fb16910dd6956e592bb81,42,43,1311.7,667.47,0.5088587329419837,41.0,2.0,-12.871283028455284,4.878048780487805,42.0,4.255813953488372,5.0,11.904761904761903,True,High Revenue + High Experience
e644cbadf7eeb30d0d29f335ce7d52ec,8,10,878.9,184.69,0.21013767209011264,7.0,0.0,-7.864770171957672,0.0,8.0,3.625,1.0,12.5,False,Insufficient Review Volume
e64882b4ef12aee8d0faca4db5b681f4,1,2,230.0,43.22,0.18791304347826088,1.0,0.0,-1.3461689814814815,0.0,1.0,4.0,0.0,0.0,False,Insufficient Review Volume
e64d65bc8dbec2accda90c58de5d1246,12,12,1678.8000000000002,221.16,0.13173695496783416,12.0,4.0,-6.69032600308642,33.33333333333333,12.0,3.0833333333333335,5.0,41.66666666666667,False,Insufficient Review Volume
e64ddbe1cbcf4f2fc3092b7c481f3f9d,1,1,20.9,7.39,0.3535885167464115,1.0,0.0,-6.987222222222222,0.0,1.0,5.0,0.0,0.0,False,Insufficient Review Volume
e6a69c4a27dfdd98ffe5aa757ad744bc,24,29,2076.2,442.74,0.2132453520855409,21.0,0.0,-15.472939263668431,0.0,24.0,3.875,5.0,20.833333333333336,False,Insufficient Review Volume
e6ffc9ac6a7adc9d16a1cfc2286dd546,1,1,34.99,8.29,0.2369248356673335,,,,,1.0,1.0,1.0,100.0,False,Insufficient Review Volume
e70053bf73d1b5863932e53a9fa47496,7,7,4025.0,133.58,0.03318757763975155,7.0,0.0,-9.058973214285714,0.0,7.0,4.285714285714286,0.0,0.0,False,Insufficient Review Volume
e72b4feb7abe210c52aa667abc25a3a2,1,2,38.2,17.44,0.45654450261780105,1.0,0.0,-12.354907407407408,0.0,1.0,5.0,0.0,0.0,False,Insufficient Review Volume
e732329483fd5f27367dd997b47f598a,1,1,109.9,34.57,0.3145586897179254,1.0,0.0,-13.202777777777778,0.0,1.0,5.0,0.0,0.0,False,Insufficient Review Volume
e73bf2cea7fe4b0b4d287a7568ed1099,4,5,737.6999999999999,100.13000000000001,0.13573268266232888,4.0,0.0,-21.348116319444443,0.0,4.0,5.0,0.0,0.0,False,Insufficient Review Volume
e76ecc7e9a1a1e3c6df9d2a8261c423d,1,1,20.0,14.1,0.705,1.0,0.0,-10.109791666666666,0.0,1.0,5.0,0.0,0.0,False,Insufficient Review Volume
e7d5b006eb624f13074497221eb37807,28,63,3478.93,741.49,0.21313737269792724,28.0,2.0,-9.216513723544974,7.142857142857142,28.0,3.9285714285714284,6.0,21.428571428571427,False,Insufficient Review Volume
e7df4cd29ab5abab70fb0783ddb53987,23,24,9608.699999999999,413.37,0.0430203877735802,23.0,4.0,-10.027580012077296,17.391304347826086,23.0,4.304347826086956,2.0,8.695652173913043,False,Insufficient Review Volume
e7f3bf1ecd8526eb7f3b18059e6716e5,18,19,1471.54,276.15,0.1876605460945676,17.0,0.0,-14.771348720043573,0.0,18.0,4.555555555555555,1.0,5.555555555555555,False,Insufficient Review Volume
e819bcfade7b5d88a27325eb6cfd62c5,5,11,202.89999999999998,135.35,0.6670773780187285,5.0,1.0,-4.889777777777778,20.0,5.0,4.2,1.0,20.0,False,Insufficient Review Volume
e81e1f9c3e762e620f3fb60a51499e16,17,18,4465.99,513.5,0.11498010519504075,17.0,1.0,-17.544409722222223,5.88235294117647,16.0,4.0,2.0,12.5,False,Insufficient Review Volume
e82de6494d91d3c4c54450f59b227a94,3,3,118.9,38.8,0.32632464255677035,3.0,1.0,-1.8387924382716048,33.33333333333333,2.0,5.0,0.0,0.0,False,Insufficient Review Volume
e83c76265fc54bf41eac728805e4da77,8,8,237.29999999999998,99.19,0.4179941002949853,8.0,1.0,10.755326967592595,12.5,8.0,3.625,1.0,12.5,False,Insufficient Review Volume
e83e93b71371817b11d78a63ff156aee,2,3,286.0,87.38000000000001,0.30552447552447554,2.0,0.0,-9.439890046296297,0.0,2.0,4.5,0.0,0.0,False,Insufficient Review Volume
e84ad2127668df3aafc6b73531a0beb8,19,23,987.0,286.73,0.2905065856129686,19.0,1.0,-6.47568652534113,5.263157894736842,19.0,4.368421052631579,2.0,10.526315789473683,False,Insufficient Review Volume
e88165a185134e13fdfc85d4fa654db8,2,2,108.0,41.22,0.38166666666666665,2.0,1.0,0.7872280092592594,50.0,2.0,3.0,1.0,50.0,False,Insufficient Review Volume
e882b2a25a10b9c057cc49695f222c19,57,58,51057.54,2856.22,0.055941198890506666,57.0,0.0,-18.457711785250165,0.0,57.0,4.593220338983051,3.0,5.263157894736842,True,High Revenue + High Experience
e883aa812c37a7413226856f4579fe91,26,29,4097.1,457.36,0.11163017744258133,26.0,1.0,-11.473205573361822,3.8461538461538463,26.0,4.153846153846154,3.0,11.538461538461538,False,Insufficient Review Volume
e88c9b79e592e370d6bd852eeefbf057,8,9,251.87,142.10999999999999,0.5642196371143844,8.0,0.0,-16.715305266203703,0.0,8.0,4.75,0.0,0.0,False,Insufficient Review Volume
e88f7a2995ba184710d339c5c4bf2e30,2,2,251.6,35.91,0.14272655007949125,2.0,0.0,-12.174120370370371,0.0,2.0,5.0,0.0,0.0,False,Insufficient Review Volume
e89c4adbe7b1d0819dbb636e16461cf1,24,25,3181.3,454.85,0.14297614182881213,24.0,3.0,-9.85596305941358,12.5,24.0,3.8333333333333335,4.0,16.666666666666664,False,Insufficient Review Volume
e8a85b5f3df47be0984c55fd4064dbb4,8,14,743.0,222.99,0.300121130551817,8.0,1.0,-6.32914207175926,12.5,8.0,4.5,1.0,12.5,False,Insufficient Review Volume
e8b3a3a38279a82f0e5d006d5e5b7d2c,87,92,13154.7,1761.69,0.13392095600811876,80.0,4.0,-17.87005324074074,5.0,87.0,3.8068181818181817,19.0,21.839080459770116,True,High Revenue + Lower Experience
e8b4225284fbb02d16f200513f1f395d,31,31,5788.52,1297.6100000000001,0.2241695632044115,30.0,3.0,-13.08119714506173,10.0,31.0,4.193548387096774,2.0,6.451612903225806,True,High Revenue + High Experience
e8dba4d70f7f2b20e775d09cae01142d,9,9,855.91,176.48,0.20618990314402214,9.0,1.0,-9.881684670781892,11.11111111111111,9.0,4.333333333333333,1.0,11.11111111111111,False,Insufficient Review Volume
e8f6dc8e6a1dcde89d20e3995c8d90b3,36,48,2256.34,2051.68,0.9092955848852565,35.0,3.0,-20.454656084656087,8.571428571428571,36.0,3.9166666666666665,6.0,16.666666666666664,True,High Revenue + Lower Experience
e8ff5a6ceb895583033fc2a0f314e3c2,1,1,139.89,19.08,0.13639288012009437,1.0,0.0,-12.216157407407408,0.0,1.0,5.0,0.0,0.0,False,Insufficient Review Volume
e908c0f3646e8b60375734a350d95d71,1,1,2951.0,58.53,0.019833954591663844,1.0,0.0,-8.215474537037037,0.0,1.0,4.0,0.0,0.0,False,Insufficient Review Volume
e94b64dc6979b302a5a5be1662c83bb6,2,2,306.89,31.740000000000002,0.10342467985271597,2.0,0.0,-15.325214120370372,0.0,2.0,5.0,0.0,0.0,False,Insufficient Review Volume
e9511df20ccd82658a30c37b7fb343af,22,30,2096.6,726.5,0.34651340265191266,22.0,0.0,-13.334743265993266,0.0,22.0,4.318181818181818,2.0,9.090909090909092,False,Insufficient Review Volume
e96498ed8daaa3e9c23f7a62da76591c,34,34,9619.09,713.1,0.07413383178658273,34.0,5.0,-9.551006944444444,14.705882352941178,34.0,3.9411764705882355,7.0,20.588235294117645,True,High Revenue + Lower Experience
e9729944ba65dc3ce425e0c5a22ae7b2,4,4,916.7,61.73,0.06733936947747354,4.0,1.0,-23.04921585648148,25.0,4.0,3.75,0.0,0.0,False,Insufficient Review Volume
e9779976487b77c6d4ac45f75ec7afe9,657,750,43162.95,10139.71,0.2349169831997118,645.0,47.0,-9.307258756818834,7.286821705426356,653.0,4.217125382262997,77.0,11.791730474732006,True,High Revenue + High Experience
e9874ae10b2d60d43917b6bbfa13a599,1,1,199.0,23.1,0.11608040201005025,1.0,0.0,-19.46130787037037,0.0,1.0,5.0,0.0,0.0,False,Insufficient Review Volume
e99e927c81e3f51739c94fcdfca9f10f,22,25,2702.83,657.64,0.24331533984749318,21.0,4.0,-8.461061507936508,19.047619047619047,22.0,3.6363636363636362,5.0,22.727272727272727,False,Insufficient Review Volume
e9b6c33b71b67737693b4cfa68341c8d,1,1,119.9,21.49,0.17923269391159297,1.0,0.0,-0.3891203703703704,0.0,1.0,4.0,0.0,0.0,False,Insufficient Review Volume
e9bc59e7b60fc3063eb2290deda4cced,216,269,34343.06,4688.5,0.13651957629867578,209.0,23.0,-13.736596225412015,11.004784688995215,216.0,3.990740740740741,36.0,16.666666666666664,True,High Revenue + Lower Experience
e9c2dc0dd4ac38448289be644ac94f42,3,3,118.39,56.22,0.47487118844497,3.0,0.0,-10.703738425925927,0.0,3.0,5.0,0.0,0.0,False,Insufficient Review Volume
e9c6969d40e6a3d2d0f90013165c2b98,10,10,5239.98,242.0,0.04618338237932206,10.0,0.0,-17.602534722222224,0.0,10.0,4.4,1.0,10.0,False,Insufficient Review Volume
e9d99831abad74458942f21e16f33f92,130,149,4922.4800000000005,1993.58,0.40499504314898177,130.0,14.0,-8.820818554131055,10.76923076923077,129.0,3.9302325581395348,21.0,16.27906976744186,True,High Revenue + Lower Experience
e9e446d01bd10a97a8ffcfc4a3a20cb2,4,4,60.05,29.56,0.4922564529558701,3.0,0.0,-7.599548611111111,0.0,4.0,3.5,1.0,25.0,False,Insufficient Review Volume
ea00f977a203ff88adf7057cb7806998,19,19,389.71999999999997,183.68,0.47131273734989226,18.0,2.0,-5.532168209876543,11.11111111111111,19.0,4.105263157894737,2.0,10.526315789473683,False,Insufficient Review Volume
ea1776927851da2532aa70d6a32c095a,3,3,318.8,53.519999999999996,0.16787954830614804,2.0,0.0,-8.03771412037037,0.0,3.0,2.6666666666666665,2.0,66.66666666666666,False,Insufficient Review Volume
ea3ebea5317b0efbc663ecc8ce5e9bc2,3,3,299.70000000000005,57.65,0.192359025692359,3.0,0.0,-15.540046296296296,0.0,3.0,4.0,0.0,0.0,False,Insufficient Review Volume
ea4e9ce63a2134743b4a92777437fcdd,3,4,316.6,65.7,0.20751737207833226,3.0,0.0,-23.921832561728394,0.0,3.0,4.666666666666667,0.0,0.0,False,Insufficient Review Volume
ea566164622c6b439516ab18062c42cd,50,52,10309.42,858.56,0.08327917574412527,50.0,11.0,-7.391325925925925,22.0,50.0,3.78,12.0,24.0,True,High Revenue + Lower Experience
ea65d8b58316a6f2362f2a9e4b3e86ad,9,16,2061.4,230.82,0.11197244591054623,9.0,0.0,-7.627637602880658,0.0,9.0,4.0,2.0,22.22222222222222,False,Insufficient Review Volume
ea67327e24487bdfac5fbfa37ea124df,32,34,6250.18,930.1,0.1488117142226304,32.0,1.0,-14.242021122685186,3.125,32.0,3.53125,8.0,25.0,True,High Revenue + Lower Experience
ea6b12bf9ffe2bac34602ec631d97a47,11,11,2625.7999999999997,205.52,0.0782694797775916,9.0,0.0,-17.03596579218107,0.0,11.0,4.090909090909091,2.0,18.181818181818183,False,Insufficient Review Volume
ea846a0e7ad98a741783e886d89dfa44,2,3,137.0,55.26,0.4033576642335766,2.0,0.0,-8.673599537037036,0.0,2.0,5.0,0.0,0.0,False,Insufficient Review Volume
ea8482cd71df3c1969d7b9473ff13abc,1146,1203,37177.52,17544.77,0.4719187831786521,1132.0,118.0,-9.236483669513152,10.424028268551238,1140.0,3.9973707274320773,176.0,15.43859649122807,True,High Revenue + Lower Experience
eaaa46e98c9e61f6764dd1d7a2ab8b3e,1,1,98.0,27.64,0.2820408163265306,1.0,0.0,-11.313993055555555,0.0,1.0,5.0,0.0,0.0,False,Insufficient Review Volume
ead2bab70821ea148476ae9bc08548ac,9,9,412.1,116.2,0.2819703955350643,9.0,0.0,-18.672566872427986,0.0,9.0,4.3,1.0,11.11111111111111,False,Insufficient Review Volume
eae9af4811c294c56795d70e715b7337,1,1,15.9,11.11,0.6987421383647798,1.0,0.0,-7.097395833333334,0.0,1.0,5.0,0.0,0.0,False,Insufficient Review Volume
eaf6d55068dea77334e8477d3878d89e,3,3,51.0,33.01,0.6472549019607843,3.0,0.0,-10.215841049382718,0.0,3.0,5.0,0.0,0.0,False,Insufficient Review Volume
eb1bf309f4f6af9a97e9ddac3fdbeabe,1,1,22.3,8.88,0.39820627802690584,1.0,0.0,-9.048078703703704,0.0,1.0,5.0,0.0,0.0,False,Insufficient Review Volume
eb3071b9f0b0ddaa2df5ea130f09f26b,9,11,6230.0,581.42,0.0933258426966292,9.0,1.0,-14.391893004115227,11.11111111111111,9.0,4.555555555555555,0.0,0.0,False,Insufficient Review Volume
eb4a59a06b3948e851a7d7a830bcbc42,2,2,64.0,44.0,0.6875,1.0,0.0,-9.175243055555555,0.0,2.0,3.0,1.0,50.0,False,Insufficient Review Volume
eb4df17aed01d918c65f0f8d650900c0,11,11,3739.87,185.59,0.04962471957581414,11.0,3.0,-9.677921927609427,27.27272727272727,11.0,3.909090909090909,2.0,18.181818181818183,False,Insufficient Review Volume
eb5b6204dde3a6e03b5f1bb8479f055b,19,21,452.2,275.13,0.6084254754533392,19.0,1.0,-12.558605628654972,5.263157894736842,19.0,3.9473684210526314,2.0,10.526315789473683,False,Insufficient Review Volume
eb72802c83dc7547529c9546d1a9b8ef,8,8,1063.92,117.71,0.1106380178960824,8.0,0.0,-10.83896412037037,0.0,8.0,4.625,1.0,12.5,False,Insufficient Review Volume
eb9267cccc90f1b49c8d2f9887c7dd97,1,1,319.9,26.37,0.08243201000312599,1.0,0.0,-9.283321759259259,0.0,1.0,5.0,0.0,0.0,False,Insufficient Review Volume
eb9cd5b35d95206585e2185318cb5c61,2,3,550.0,61.55,0.1119090909090909,2.0,1.0,-4.241140046296296,50.0,2.0,3.0,1.0,50.0,False,Insufficient Review Volume
eba88037e1dca898cd02881f67ced679,6,6,838.1,93.47,0.1115260708745973,6.0,1.0,-9.46403549382716,16.666666666666664,6.0,4.333333333333333,1.0,16.666666666666664,False,Insufficient Review Volume
ebd1417732defaf66c50b5a800eb293e,1,1,309.0,16.33,0.052847896440129445,1.0,0.0,-21.475034722222222,0.0,1.0,5.0,0.0,0.0,False,Insufficient Review Volume
ebd2d60905fb58271facef5596b620d3,84,88,7941.72,1733.3,0.21825246923840175,82.0,3.0,-10.778463753387534,3.6585365853658534,84.0,4.154761904761905,10.0,11.904761904761903,True,High Revenue + High Experience
ebe3dabc4955c9b0d695e7bda38bf5c3,1,1,55.0,11.89,0.2161818181818182,1.0,1.0,4.092789351851851,100.0,1.0,3.0,0.0,0.0,False,Insufficient Review Volume
ebef8d8c92b4fd3226e5d407bbff21ac,3,3,253.70000000000002,48.36,0.1906188411509657,3.0,1.0,13.25207947530864,33.33333333333333,3.0,2.6666666666666665,1.0,33.33333333333333,False,Insufficient Review Volume
ec21206b7894c503788a684a7bc822a6,3,3,247.8,48.61,0.19616626311541566,1.0,0.0,-19.035162037037036,0.0,3.0,2.6666666666666665,1.0,33.33333333333333,False,Insufficient Review Volume
ec2e006556300a79a5a91e4876ab3a56,4,8,125.2,66.04,0.5274760383386582,2.0,1.0,1.5947395833333333,50.0,4.0,1.25,4.0,100.0,False,Insufficient Review Volume
ec4608a1f76453166bb312b2968aeaf4,18,35,1181.75,939.61,0.7951004865665326,17.0,4.0,-5.991414760348583,23.52941176470588,18.0,3.1666666666666665,6.0,33.33333333333333,False,Insufficient Review Volume
ec5c1d94df153d473b37f880977ae58e,2,3,199.67000000000002,84.07,0.42104472379426044,2.0,0.0,-27.592274305555556,0.0,2.0,2.0,1.0,50.0,False,Insufficient Review Volume
ec80e49e69745ab6c14f984bf2149423,12,12,3709.0,188.31,0.05077109733081693,12.0,2.0,-9.759053819444444,16.666666666666664,11.0,4.0,1.0,9.090909090909092,False,Insufficient Review Volume
ec8463980a4e0ea9f8517aea1ed0c419,2,8,239.2,118.75999999999999,0.49648829431438124,2.0,1.0,-2.4572858796296293,50.0,2.0,5.0,0.0,0.0,False,Insufficient Review Volume
ec8879960bd2221d5c32f8e12f7da711,36,36,4062.4,818.98,0.20160003938558488,35.0,6.0,-7.952838293650794,17.142857142857142,35.0,4.314285714285714,4.0,11.428571428571429,True,High Revenue + High Experience
ec933281fb017b5020d06df29c3f77e8,8,8,1432.0,230.85,0.16120810055865922,8.0,0.0,-12.67357494212963,0.0,8.0,5.0,0.0,0.0,False,Insufficient Review Volume
ecccfa2bb93b34a3bf033cc5d1dcdc69,15,19,1338.64,262.71,0.19625141935098306,12.0,2.0,-19.665551697530862,16.666666666666664,14.0,2.5714285714285716,7.0,50.0,False,Insufficient Review Volume
ececbfcff9804a2d6b40f589df8eef2b,98,104,6792.4,1868.66,0.27511041752546966,97.0,10.0,-10.652148959526539,10.309278350515463,98.0,4.121212121212121,13.0,13.26530612244898,True,High Revenue + Lower Experience
ed4311e67debd72b8610a5347a743087,25,26,3636.0,706.81,0.19439218921892187,25.0,2.0,-7.8943865740740735,8.0,24.0,4.625,1.0,4.166666666666666,False,Insufficient Review Volume
ed46f1eb4a638113deb2a1137b5f22e9,4,4,3470.0,216.68,0.062443804034582134,4.0,0.0,-12.365593171296295,0.0,4.0,4.0,1.0,25.0,False,Insufficient Review Volume
ed49da7cadefc454d6a67de249eab240,2,2,43.0,22.83,0.5309302325581395,2.0,0.0,-30.841319444444444,0.0,2.0,3.0,1.0,50.0,False,Insufficient Review Volume
ed4acab38528488b65a9a9c603ff024a,32,40,12759.45,610.31,0.04783199902817127,31.0,1.0,-12.058536439665472,3.225806451612903,32.0,3.71875,7.0,21.875,True,High Revenue + Lower Experience
ed859002ad59dbf8cf3602696a6c3000,7,13,2421.7,268.94,0.11105421811124418,6.0,0.0,-30.579371141975304,0.0,7.0,3.7142857142857144,2.0,28.57142857142857,False,Insufficient Review Volume
ed8cb7b190ceb6067227478e48cf8dde,15,17,573.5,242.71,0.4232083696599826,15.0,1.0,-9.60543287037037,6.666666666666667,15.0,3.4,5.0,33.33333333333333,False,Insufficient Review Volume
ed9eef5be0992d413d251fadba1a410d,3,9,404.09999999999997,143.24,0.35446671615936653,3.0,0.0,-21.45389660493827,0.0,3.0,4.666666666666667,0.0,0.0,False,Insufficient Review Volume
edb1ef5e36e0c8cd84eb3c9b003e486d,166,175,79284.55,3905.1,0.04925423679645025,165.0,13.0,-12.80007519640853,7.878787878787878,166.0,4.421686746987952,13.0,7.83132530120482,True,High Revenue + High Experience
edb58a1390adf273840030a3d6253829,1,1,39.9,18.38,0.4606516290726817,1.0,0.0,-11.027199074074074,0.0,1.0,5.0,0.0,0.0,False,Insufficient Review Volume
edb65fe661681b1c0de8bd47c8655855,1,1,69.0,15.24,0.22086956521739132,1.0,0.0,-6.3596875,0.0,1.0,3.0,0.0,0.0,False,Insufficient Review Volume
edc518ba25576a0188a0e8f2c3af186f,6,8,1647.3899999999999,262.15999999999997,0.1591365736103776,6.0,0.0,-7.526979166666667,0.0,6.0,3.6666666666666665,2.0,33.33333333333333,False,Insufficient Review Volume
edd066cd02126d7800f9b66e980e9931,6,6,987.6999999999999,186.23,0.18854915460159968,6.0,1.0,-12.533180941358026,16.666666666666664,6.0,5.0,0.0,0.0,False,Insufficient Review Volume
eddd1991bd6d9309995a480c39b95137,3,3,866.0,132.41,0.1528983833718245,2.0,0.0,-7.062297453703704,0.0,3.0,2.6666666666666665,1.0,33.33333333333333,False,Insufficient Review Volume
ede0c03645598cdfc63ca8237acbe73d,46,50,2518.37,751.5,0.2984073031365526,43.0,15.0,-3.4133013027562447,34.883720930232556,44.0,3.522727272727273,13.0,29.545454545454547,True,High Revenue + Lower Experience
ede2977fbaf3738583170735ca403f6c,1,1,289.9,37.35,0.12883753018282168,1.0,0.0,-14.285636574074074,0.0,1.0,5.0,0.0,0.0,False,Insufficient Review Volume
edf3fabebcc20f7463cc9c53da932ea8,1,1,219.9,24.12,0.10968622100954979,1.0,1.0,4.96630787037037,100.0,1.0,4.0,0.0,0.0,False,Insufficient Review Volume
edf96ef93ed595084bbcbd9224bd2894,25,28,3757.0,608.78,0.16203886079318605,25.0,3.0,-8.122497685185186,12.0,25.0,3.88,3.0,12.0,False,Insufficient Review Volume
ee27a8f15b1dded4d213a468ba4eb391,1,1,6499.0,227.66,0.03503000461609478,1.0,0.0,-22.284861111111113,0.0,1.0,5.0,0.0,0.0,False,Insufficient Review Volume
ee2fbacc2fc3794e656cc4d933d59ce7,2,3,464.97,53.73,0.11555584231240724,2.0,0.0,-13.183564814814815,0.0,2.0,4.0,0.0,0.0,False,Insufficient Review Volume
eeb6de78f79159600292e314a77cbd18,83,84,43739.84,3055.44,0.069854850863652,82.0,3.0,-16.251462144308945,3.6585365853658534,83.0,4.445783132530121,5.0,6.024096385542169,True,High Revenue + High Experience
eebb3372362aa9a46975164bed19a7e7,7,8,591.92,119.4,0.20171644816867146,4.0,2.0,27.66486400462963,50.0,6.0,2.5,3.0,50.0,False,Insufficient Review Volume
eec3469d83e142f9a104886655338c37,4,4,185.7,54.74,0.294776521270867,4.0,0.0,-17.211576967592592,0.0,4.0,4.5,0.0,0.0,False,Insufficient Review Volume
eed78ac17f7f795a19a709745f00cd4e,22,56,4349.5,846.34,0.1945832854351075,22.0,0.0,-12.450256734006734,0.0,22.0,3.772727272727273,5.0,22.727272727272727,False,Insufficient Review Volume
ef0ace09169ac090589d85746e3e036f,129,140,16223.300000000001,2315.65,0.1427360647956951,128.0,11.0,-10.608573585792824,8.59375,129.0,4.369230769230769,11.0,8.527131782945736,True,High Revenue + High Experience
ef2fbc2b607d8492bcffe657a4645434,20,22,970.8,362.89,0.3738051091882983,19.0,2.0,-9.527048611111113,10.526315789473683,20.0,3.85,5.0,25.0,False,Insufficient Review Volume
ef30892870c278497523264be1be2241,9,9,783.2,109.33999999999999,0.13960674157303368,9.0,0.0,-15.709467592592594,0.0,9.0,4.555555555555555,1.0,11.11111111111111,False,Insufficient Review Volume
ef506c96320abeedfb894c34db06f478,324,340,9771.43,5197.0,0.531856647389379,316.0,27.0,-10.427146111697141,8.544303797468354,321.0,3.9316770186335406,55.0,17.133956386292834,True,High Revenue + Lower Experience
ef728fa1f17436c91ed1ccd03dcf9631,3,4,128.7,58.12,0.4515928515928516,3.0,0.0,-9.195019290123456,0.0,3.0,4.333333333333333,0.0,0.0,False,Insufficient Review Volume
ef990a83bbea832f36ebe81376335aa8,43,44,4642.59,914.65,0.19701287427922776,43.0,11.0,-7.816947674418605,25.581395348837212,43.0,3.627906976744186,11.0,25.581395348837212,True,High Revenue + Lower Experience
ef9952469137ff190bacafe117f51537,5,5,1002.66,83.94,0.08371731195021244,5.0,0.0,-16.431497685185185,0.0,5.0,4.8,0.0,0.0,False,Insufficient Review Volume
efb628aa07c8ca93d7db0d85b91a4f5a,1,1,204.0,58.1,0.28480392156862744,1.0,1.0,1.9546759259259259,100.0,1.0,4.0,0.0,0.0,False,Insufficient Review Volume
efcd8d2104f1a05d028af7bad20d974b,47,51,2424.78,855.41,0.3527783963906003,46.0,1.0,-13.716909470611915,2.1739130434782608,47.0,4.183673469387755,4.0,8.51063829787234,True,High Revenue + High Experience
efff9341f3f8f5237b44ff67ed36a7bf,5,5,872.99,99.66,0.11415938326899505,5.0,0.0,-8.769101851851852,0.0,5.0,4.4,0.0,0.0,False,Insufficient Review Volume
f00e21b1e91a79653163b7fd8f293ff1,31,31,3900.09,570.97,0.1463991856598181,31.0,1.0,-15.516474014336916,3.225806451612903,30.0,4.1,4.0,13.333333333333334,True,High Revenue + Lower Experience
f00f5b35d0abcacbdd863672f4bb2c1a,1,1,299.0,14.43,0.04826086956521739,1.0,0.0,-20.25003472222222,0.0,1.0,4.0,0.0,0.0,False,Insufficient Review Volume
f021c962aaba8ef6eb527a9c2c8394d1,5,5,4398.5,135.37,0.030776401045811072,5.0,0.0,-15.721442129629628,0.0,5.0,4.2,1.0,20.0,False,Insufficient Review Volume
f049a72cf58fd31b11f8919cade515e7,3,4,138.75,32.24,0.23236036036036037,3.0,0.0,-16.383117283950618,0.0,3.0,3.3333333333333335,1.0,33.33333333333333,False,Insufficient Review Volume
f0563bacf40c311f1c4d3d6b67b8a7a7,1,1,1199.0,28.78,0.024003336113427858,,,,,1.0,1.0,1.0,100.0,False,Insufficient Review Volume
f0837c8d71434931d9e38e7b79234797,22,23,3446.9,602.46,0.17478313847225044,22.0,1.0,-19.29717908249158,4.545454545454546,22.0,4.608695652173913,0.0,0.0,False,Insufficient Review Volume
f08a5b9dd6767129688d001acafc21e5,11,18,14069.630000000001,496.11,0.03526105519477058,11.0,2.0,-9.012753577441076,18.181818181818183,11.0,4.2727272727272725,1.0,9.090909090909092,False,Insufficient Review Volume
f08c008c8a8d31417763738a1788a2a8,22,23,1291.72,422.96999999999997,0.3274471247638807,20.0,3.0,-5.308199652777778,15.0,21.0,3.1904761904761907,7.0,33.33333333333333,False,Insufficient Review Volume
f09b760d23495ac9a7e00d29b769007c,1,1,21.9,17.19,0.7849315068493152,1.0,0.0,-10.236365740740741,0.0,1.0,4.0,0.0,0.0,False,Insufficient Review Volume
f09e26011d833ddab11593c1a097a92a,1,1,79.9,22.19,0.2777221526908636,,,,,1.0,1.0,1.0,100.0,False,Insufficient Review Volume
f0b47fbbc6dee9aafe415a6e33051b3f,68,86,3795.91,1336.28,0.3520315286716492,67.0,7.0,-11.534861283858485,10.44776119402985,68.0,4.220588235294118,9.0,13.23529411764706,True,High Revenue + High Experience
f0e103c63864d5405b958d984b6e94c9,11,11,951.7,149.71,0.15730797520226963,11.0,0.0,-11.294508627946128,0.0,11.0,4.7272727272727275,0.0,0.0,False,Insufficient Review Volume
f0ec6a2adb05c62655a26dd347b8dede,1,2,72.0,14.78,0.20527777777777778,,,,,1.0,1.0,1.0,100.0,False,Insufficient Review Volume
f0ec78809fe0bc3edb11c9fe5b97b059,2,2,62.599999999999994,23.659999999999997,0.3779552715654952,2.0,0.0,-9.11907986111111,0.0,2.0,4.0,0.0,0.0,False,Insufficient Review Volume
f114dca2828bf718548db175ebe2cfcd,1,1,139.0,13.99,0.10064748201438849,1.0,0.0,-21.470324074074075,0.0,1.0,1.0,1.0,100.0,False,Insufficient Review Volume
f1198c871e0171278b63f40d112caeec,2,2,475.8,82.27,0.17290878520386715,2.0,0.0,-6.769826388888888,0.0,2.0,4.5,0.0,0.0,False,Insufficient Review Volume
f125f3a310c2e5f822d116147de1e474,16,22,2761.4,287.89,0.10425508799884116,16.0,2.0,-7.3489793113425925,12.5,16.0,4.1875,1.0,6.25,False,Insufficient Review Volume
f12d3c2a14729ae461b920c11fe20fdc,9,11,364.45,94.87,0.26031005624914255,9.0,0.0,-10.256199845679014,0.0,9.0,4.444444444444445,0.0,0.0,False,Insufficient Review Volume
f12ff17ad8bbf01ec5c33b17e506649b,29,29,6241.0,651.73,0.10442717513219035,28.0,3.0,-9.837592179232804,10.714285714285714,29.0,3.8275862068965516,4.0,13.793103448275861,False,Insufficient Review Volume
f18112da765e0971ca5d510dec322bdd,2,2,327.8,82.95,0.25305064063453325,2.0,0.0,-6.736521990740741,0.0,2.0,4.0,0.0,0.0,False,Insufficient Review Volume
f181738b150df1f37cb0bd72e705b193,36,37,5529.7,1103.05,0.19947736766913213,36.0,4.0,-9.216743184156378,11.11111111111111,36.0,4.472222222222222,2.0,5.555555555555555,True,High Revenue + High Experience
f19516b9ff26bfeb091b30108db4ddbd,5,5,727.6,141.84,0.19494227597581087,3.0,0.0,-17.51417438271605,0.0,5.0,2.6,3.0,60.0,False,Insufficient Review Volume
f1b854361f4e15d5851b494df66f22b2,3,4,1168.8,306.44,0.26218343600273786,3.0,0.0,-11.558341049382717,0.0,3.0,3.3333333333333335,1.0,33.33333333333333,False,Insufficient Review Volume
f1b93673502375d491780bb49d615dbc,8,10,2638.9300000000003,320.35,0.12139389828453198,8.0,2.0,-5.592633101851852,25.0,8.0,3.125,3.0,37.5,False,Insufficient Review Volume
f1c1ac3f3efc07e659c035008e615e66,4,14,2561.96,302.82,0.1181985667223532,3.0,0.0,-12.671543209876544,0.0,4.0,3.75,1.0,25.0,False,Insufficient Review Volume
f1ce5fdecd64935c28b9ff932751d0dc,2,2,158.0,22.53,0.14259493670886075,2.0,0.0,-7.44863425925926,0.0,2.0,4.5,0.0,0.0,False,Insufficient Review Volume
f1ed6bd0a9b11b581f16c851c6a5a527,17,18,1622.77,373.81,0.23035303832336068,17.0,1.0,-8.681858660130718,5.88235294117647,17.0,4.388888888888889,1.0,5.88235294117647,False,Insufficient Review Volume
f1fd5ab1181f827ffad998c1a5de7d74,15,15,7045.99,831.97,0.11807709065723909,15.0,0.0,-12.062751543209878,0.0,15.0,4.666666666666667,0.0,0.0,False,Insufficient Review Volume
f1fdf2d13186575751aa25876536d85c,1,1,26.3,8.29,0.3152091254752851,1.0,0.0,-5.955925925925926,0.0,1.0,5.0,0.0,0.0,False,Insufficient Review Volume
f205b1a3ca9a34e0f8a228bae6e4c7b3,8,8,1088.0,396.9,0.364797794117647,8.0,0.0,-9.731280381944444,0.0,8.0,4.875,0.0,0.0,False,Insufficient Review Volume
f214d28e8d8e3ef068748498ccc2f813,54,59,2212.41,809.11,0.36571431154261647,52.0,4.0,-11.973968571937322,7.6923076923076925,53.0,4.150943396226415,7.0,13.20754716981132,True,High Revenue + Lower Experience
f22a247b79dd22ecd91dc8e3b2a1b07c,8,8,439.94,134.9,0.30663272264399694,8.0,2.0,2.464299768518518,25.0,8.0,4.0,1.0,12.5,False,Insufficient Review Volume
f2336e113377dd21c744d9c4fc8293a9,4,4,3563.0,199.07999999999998,0.05587426326129666,4.0,0.0,-14.43056712962963,0.0,4.0,4.25,0.0,0.0,False,Insufficient Review Volume
f235413f677777a0738ff215d0184901,3,3,1696.7,91.64,0.05401072670477987,2.0,0.0,-32.42669560185185,0.0,3.0,3.6666666666666665,1.0,33.33333333333333,False,Insufficient Review Volume
f25e239052084705e17a982bc600ab2a,8,8,7380.0,405.48,0.054943089430894314,8.0,0.0,-11.52505787037037,0.0,8.0,4.25,1.0,12.5,False,Insufficient Review Volume
f262cbc1c910c83959f849465454ddd3,192,207,10482.83,2507.02,0.2391548847019364,189.0,18.0,-9.017686716147365,9.523809523809524,191.0,4.145833333333333,29.0,15.18324607329843,True,High Revenue + Lower Experience
f266295f49a28eee21f413e0cbb0521d,2,2,149.8,28.14,0.1878504672897196,2.0,0.0,-8.215231481481482,0.0,2.0,4.5,0.0,0.0,False,Insufficient Review Volume
f26d70155c2b6326fcfa1780c8c684e4,1,1,202.89,16.17,0.07969835871654593,1.0,0.0,-12.396875,0.0,1.0,5.0,0.0,0.0,False,Insufficient Review Volume
f27e33c6d29b5138fa9967bcd445b6d5,93,98,8888.3,1593.95,0.17933125569568986,93.0,10.0,-9.608998282556751,10.75268817204301,93.0,4.096774193548387,15.0,16.129032258064516,True,High Revenue + Lower Experience
f3041c2e75ec683697a6a5ea82192210,1,1,145.0,24.0,0.16551724137931034,1.0,0.0,-20.60789351851852,0.0,1.0,5.0,0.0,0.0,False,Insufficient Review Volume
f3055483058c84d75ca2a3314fb4deef,1,1,67.5,35.79,0.5302222222222223,,,,,1.0,1.0,1.0,100.0,False,Insufficient Review Volume
f307937c1bb287c3efc2a514b94b0d1d,1,1,189.99,26.61,0.14006000315806094,1.0,0.0,-19.432002314814813,0.0,1.0,5.0,0.0,0.0,False,Insufficient Review Volume
f326006815956455b2859abd58fe7e39,9,30,3147.16,666.02,0.21162571969648827,9.0,0.0,-11.810832047325102,0.0,9.0,4.666666666666667,0.0,0.0,False,Insufficient Review Volume
f3295428338a40977a03f555246a70f4,7,7,644.98,124.4,0.19287419764953953,7.0,2.0,-9.513010912698414,28.57142857142857,7.0,3.5714285714285716,2.0,28.57142857142857,False,Insufficient Review Volume
f3511c85f59f8dec53d140501ee8e7a8,1,1,69.9,8.11,0.11602288984263232,1.0,0.0,-9.247685185185185,0.0,1.0,5.0,0.0,0.0,False,Insufficient Review Volume
f356c348fbc8df6a882823e21f5ce8b7,2,2,195.18,30.47,0.15611230658878983,2.0,0.0,-23.215283564814815,0.0,2.0,2.5,1.0,50.0,False,Insufficient Review Volume
f35b3c613c4f7b2275f4185d0a3c59ec,9,9,4047.25,167.04,0.04127246896040521,9.0,2.0,-7.3685751028806585,22.22222222222222,9.0,4.555555555555555,1.0,11.11111111111111,False,Insufficient Review Volume
f35becee938e982bd615edf8ef12bcfb,6,6,148.59,78.22,0.5264149673598493,6.0,0.0,-13.19510223765432,0.0,6.0,4.0,1.0,16.666666666666664,False,Insufficient Review Volume
f3862c2188522d89860c38a3ea8b550d,1,1,15.5,12.79,0.8251612903225806,1.0,0.0,-7.394664351851852,0.0,1.0,5.0,0.0,0.0,False,Insufficient Review Volume
f3975e8a41157005d4bcbb358678cd9b,2,2,178.8,83.97999999999999,0.4696868008948545,2.0,0.0,-4.703454861111111,0.0,2.0,5.0,0.0,0.0,False,Insufficient Review Volume
f3b80352b986ab4d1057a4b724be19d0,87,92,10505.1,2187.63,0.2082445669246366,86.0,0.0,-12.433717834840655,0.0,87.0,4.172413793103448,11.0,12.643678160919542,True,High Revenue + High Experience
f3c38ab652836d21de61fb8314b69182,15,15,1581.0,247.59,0.1566034155597723,15.0,1.0,-10.367152777777779,6.666666666666667,15.0,4.266666666666667,1.0,6.666666666666667,False,Insufficient Review Volume
f3da5b2ff499efb8d4a6d371d175d7dd,79,84,3702.29,1124.57,0.3037498413144297,77.0,11.0,-7.259602272727273,14.285714285714285,78.0,3.8227848101265822,16.0,20.51282051282051,True,High Revenue + Lower Experience
f410c8873029fcc3809b9df6d0b28914,2,2,289.8,37.3,0.1287094547964113,2.0,0.0,-6.7201967592592595,0.0,2.0,5.0,0.0,0.0,False,Insufficient Review Volume
f419677537694f0462a91990df6ca44f,6,6,220.5,78.78,0.3572789115646259,6.0,1.0,-5.464660493827161,16.666666666666664,6.0,4.0,1.0,16.666666666666664,False,Insufficient Review Volume
f41ce2e25237f9092cd8e6e7516c7a2f,27,28,2030.9,331.7,0.16332660396868381,26.0,0.0,-13.621608351139601,0.0,27.0,4.296296296296297,2.0,7.4074074074074066,False,Insufficient Review Volume
f435898e493ba0356019a0b1cb8b55b1,10,12,649.76,230.92000000000002,0.35539276040384143,10.0,0.0,-20.074063657407407,0.0,10.0,4.4,1.0,10.0,False,Insufficient Review Volume
f43827dd686be3a4a80e00aa299990fb,1,2,95.54,30.2,0.31609796943688506,1.0,0.0,-13.185358796296295,0.0,1.0,2.0,1.0,100.0,False,Insufficient Review Volume
f44b6f775a2b390380e0e30b5c9d3eee,10,10,2930.0,258.24,0.08813651877133107,10.0,0.0,-11.535689814814814,0.0,10.0,4.9,0.0,0.0,False,Insufficient Review Volume
f44bdc12aa39f5271f0b95f66cd4c289,5,7,357.5,74.57,0.20858741258741256,5.0,1.0,-4.3717245370370375,20.0,5.0,3.2,2.0,40.0,False,Insufficient Review Volume
f45122a9ab94eb4f3f8953578bc0c560,187,200,22078.29,3325.84,0.15063847788936552,184.0,14.0,-9.650100392512076,7.608695652173914,187.0,3.9572192513368982,33.0,17.647058823529413,True,High Revenue + Lower Experience
f457c46070d02cadd8a68551231220dd,199,234,19093.0,3714.22,0.19453307494893415,195.0,12.0,-11.47884217711301,6.153846153846154,197.0,3.8480392156862746,43.0,21.82741116751269,True,High Revenue + Lower Experience
f46490624488d3ff7ce78613913a7711,83,91,5802.85,1747.82,0.3012002722800003,80.0,10.0,-8.122246961805555,12.5,83.0,3.6626506024096384,22.0,26.506024096385545,True,High Revenue + Lower Experience
f4a04f7be452aa3bb31760bf00055dd0,18,18,1312.1,241.85,0.1843228412468562,18.0,1.0,-19.179881044238684,5.555555555555555,18.0,4.666666666666667,0.0,0.0,False,Insufficient Review Volume
f4aba7c0bca51484c30ab7bdc34bcdd1,110,117,3009.79,1547.71,0.5142252449506444,108.0,7.0,-15.10216049382716,6.481481481481481,108.0,3.9444444444444446,17.0,15.74074074074074,True,High Revenue + Lower Experience
f4c4daa86e30c7e5a553a8d518ac03a5,20,20,6301.91,369.29,0.05859969437837101,18.0,1.0,-12.794899691358024,5.555555555555555,20.0,3.7,5.0,25.0,False,Insufficient Review Volume
f4ce8ca9fa7157e3b33f536ac9a4487d,4,4,409.6,97.53,0.2381103515625,4.0,0.0,-6.740509259259259,0.0,4.0,4.75,0.0,0.0,False,Insufficient Review Volume
f4db9b37944bcb8873e6b456ee190bbf,21,22,3409.78,500.16,0.14668395028418255,21.0,2.0,-10.613157517636685,9.523809523809524,21.0,4.571428571428571,0.0,0.0,False,Insufficient Review Volume
f524ad65d7e0f1daab730ef2d2e86196,1,2,578.0,31.5,0.054498269896193774,1.0,1.0,3.8366319444444446,100.0,1.0,1.0,1.0,100.0,False,Insufficient Review Volume
f52c2422904463fdd7741f99045fecb6,12,13,567.79,177.01,0.31175258458232796,12.0,1.0,-9.326367669753086,8.333333333333332,12.0,4.25,1.0,8.333333333333332,False,Insufficient Review Volume
f5403d3f50089112c4eed37928b7f622,2,2,190.8,32.4,0.16981132075471697,,,,,2.0,1.0,2.0,100.0,False,Insufficient Review Volume
f543ba3c973276f519d89d59bd46cead,2,2,258.0,164.04000000000002,0.6358139534883722,,,,,2.0,2.3333333333333335,2.0,100.0,False,Insufficient Review Volume
f593898ec748b7a8cb81fc04edafd98a,20,23,2813.04,728.08,0.2588231948354805,19.0,3.0,-13.097258162768032,15.789473684210526,20.0,3.7,5.0,25.0,False,Insufficient Review Volume
f5a590cf36251cf1162ea35bef76fe84,117,122,53201.78,4239.16,0.07968079263513364,113.0,12.0,-10.34617922402491,10.619469026548673,117.0,4.230769230769231,14.0,11.965811965811966,True,High Revenue + High Experience
f5b44895715ddfe3087dc414f30268f3,19,19,378.8,275.64,0.7276663146779303,19.0,1.0,-8.985293006822612,5.263157894736842,19.0,4.0,3.0,15.789473684210526,False,Insufficient Review Volume
f5b84683a9bf9e1df748cf40f601b39c,1,1,83.9,9.07,0.10810488676996424,1.0,0.0,-45.36868055555556,0.0,1.0,5.0,0.0,0.0,False,Insufficient Review Volume
f5f1f2c5f923f36ad79ea1d07185ddc9,12,13,1912.15,203.68,0.10651884004915932,10.0,1.0,-7.299726851851853,10.0,12.0,3.25,4.0,33.33333333333333,False,Insufficient Review Volume
f5f2ab9bdb6b30c14c61be68c5ed37da,18,18,2134.6800000000003,339.87,0.15921355894091851,18.0,2.0,-14.27498649691358,11.11111111111111,18.0,4.277777777777778,2.0,11.11111111111111,False,Insufficient Review Volume
f5f46307a4d15880ca14fab4ad9dfc9b,9,10,1422.94,231.38,0.16260699678131194,9.0,1.0,-10.33358153292181,11.11111111111111,9.0,4.111111111111111,1.0,11.11111111111111,False,Insufficient Review Volume
f5fea3ffed6c2e889bab72705557c63a,3,3,1059.9,268.28,0.2531182186998773,1.0,1.0,1.6988194444444444,100.0,3.0,3.6666666666666665,1.0,33.33333333333333,False,Insufficient Review Volume
f6122bc84774df1b372bdb3bb88ddb9f,3,3,4799.87,74.49000000000001,0.015519170310862588,3.0,1.0,-4.8797646604938265,33.33333333333333,3.0,3.6666666666666665,1.0,33.33333333333333,False,Insufficient Review Volume
f615fe7efbef0f4f08fd3086bc7a3e60,23,24,2359.27,389.69,0.16517397330530206,22.0,2.0,-12.192125946969696,9.090909090909092,23.0,4.3478260869565215,4.0,17.391304347826086,False,Insufficient Review Volume
f61c63d13f7cd800549d5acdd390ae72,26,26,3072.3,429.39,0.1397617420173811,26.0,2.0,-10.534161324786323,7.6923076923076925,26.0,4.0,3.0,11.538461538461538,False,Insufficient Review Volume
f626e15b7314c267e4429010866f70e9,5,7,193.54999999999998,125.47,0.648256264531129,5.0,0.0,-16.04154861111111,0.0,5.0,3.8,1.0,20.0,False,Insufficient Review Volume
f62d7bb4a613ec758a03342d46b580b2,32,32,24665.0,2125.59,0.08617839043178593,32.0,4.0,-9.018179976851853,12.5,32.0,4.375,2.0,6.25,True,High Revenue + High Experience
f63d8f293af3a6454377546bd9dd19ff,17,28,1751.82,495.13,0.2826374855864187,17.0,2.0,-12.178946078431371,11.76470588235294,17.0,4.470588235294118,2.0,11.76470588235294,False,Insufficient Review Volume
f650a9708fa1bab22bdd8d3a818cc415,5,5,507.75,86.83,0.17100935499753817,4.0,0.0,-20.70964699074074,0.0,5.0,3.4,2.0,40.0,False,Insufficient Review Volume
f664f98bfda2eaf266a23ff144e7a872,2,2,153.99,7.8100000000000005,0.05071757906357556,2.0,0.0,-9.142251157407408,0.0,2.0,3.0,1.0,50.0,False,Insufficient Review Volume
f67efa3f0b6761102a7f8c6b7b571f5d,31,32,5188.68,841.49,0.1621780491377383,31.0,0.0,-17.693014859617683,0.0,31.0,4.483870967741935,2.0,6.451612903225806,True,High Revenue + High Experience
f680f85bee2d253556ac91be391d2c82,45,54,5183.92,893.42,0.17234448062470098,45.0,1.0,-12.014569187242799,2.2222222222222223,45.0,4.333333333333333,3.0,6.666666666666667,True,High Revenue + High Experience
f682e0f848abafc6f41e0d4e868c66ef,2,2,269.98,34.02,0.12600933402474257,2.0,1.0,-1.2297280092592593,50.0,2.0,3.5,0.0,0.0,False,Insufficient Review Volume
f7315bb81aea4ddca2d39e249a801c98,2,2,379.8,50.28,0.13238546603475512,2.0,1.0,-5.7138020833333325,50.0,2.0,4.5,0.0,0.0,False,Insufficient Review Volume
f7496d659ca9fdaf323c0aae84176632,26,27,5087.57,844.9399999999999,0.1660792873611567,25.0,2.0,-20.389813425925926,8.0,26.0,4.576923076923077,2.0,7.6923076923076925,False,Insufficient Review Volume
f76a3b1349b6df1ee875d1f3fa4340f0,24,24,4160.79,588.19,0.1413649811694414,24.0,9.0,-4.84861930941358,37.5,24.0,3.4583333333333335,7.0,29.166666666666668,False,Insufficient Review Volume
f7720c4fa8e3aba4546301ab80ea1f1b,60,78,2083.45,1335.52,0.641013703232619,59.0,3.0,-13.326857933145009,5.084745762711865,60.0,4.19672131147541,5.0,8.333333333333332,True,High Revenue + High Experience
f783a638e9c6af4a7d0dbfde811e7a81,5,5,849.8,153.1,0.18016003765591904,5.0,1.0,-3.5282708333333317,20.0,5.0,4.0,1.0,20.0,False,Insufficient Review Volume
f789d2c4f2c2eb38fc4373e7a4b35264,44,49,4864.24,869.0,0.17865072447083205,44.0,2.0,-14.371697969276095,4.545454545454546,44.0,4.159090909090909,6.0,13.636363636363635,True,High Revenue + High Experience
f7ba60f8c3f99e7ee4042fdef03b70c4,219,230,68395.0,4341.01,0.06346969807734484,218.0,34.0,-8.35022266819572,15.59633027522936,219.0,4.212669683257919,24.0,10.95890410958904,True,High Revenue + High Experience
f7c31656c19db6275a8acadca289f426,1,1,61.56,16.19,0.2629954515919428,1.0,0.0,-8.14175925925926,0.0,1.0,3.0,0.0,0.0,False,Insufficient Review Volume
f7ccf836d21b2fb1de37564105216cc1,70,74,2787.4,1123.04,0.40289875869986363,69.0,7.0,-8.315124463231347,10.144927536231885,68.0,3.8088235294117645,14.0,20.588235294117645,True,High Revenue + Lower Experience
f7df46c1e0ec44eed5c6726478da4a17,3,3,429.70000000000005,57.739999999999995,0.13437281824528738,,,,,3.0,1.0,3.0,100.0,False,Insufficient Review Volume
f805b96fa705ba7995a221f1749dc141,7,7,2744.44,242.43,0.08833496086633338,7.0,0.0,-12.47628306878307,0.0,7.0,4.428571428571429,0.0,0.0,False,Insufficient Review Volume
f80edd2c5aaa505cc4b0a3b219abf4b8,119,128,9108.2,3000.74,0.32945477701411907,116.0,6.0,-11.63268608317369,5.172413793103448,118.0,4.084745762711864,19.0,16.101694915254235,True,High Revenue + Lower Experience
f8201cab383e484733266d1906e2fdfa,10,10,889.0,255.82999999999998,0.28777277840269966,10.0,2.0,-10.938827546296297,20.0,10.0,4.1,1.0,10.0,False,Insufficient Review Volume
f84a00e60c73a49e7e851c9bdca3a5bb,90,99,5949.9400000000005,2001.82,0.33644372884432444,88.0,10.0,-9.718788799452861,11.363636363636363,90.0,3.8333333333333335,19.0,21.11111111111111,True,High Revenue + Lower Experience
f84fa566034f5e8e880a07ec624c56af,91,102,5093.79,1232.91,0.24204178028540638,89.0,12.0,-6.836102267998335,13.48314606741573,90.0,4.21978021978022,11.0,12.222222222222221,True,High Revenue + High Experience
f88adb15807168d3c43d71021090ce4a,3,3,488.8,52.26,0.10691489361702126,3.0,0.0,-14.160671296296295,0.0,3.0,3.3333333333333335,1.0,33.33333333333333,False,Insufficient Review Volume
f8d5c7085db9a4ad2b8c1ffbeb2798c8,6,6,263.0,100.41,0.381787072243346,6.0,0.0,-15.47546875,0.0,6.0,5.0,0.0,0.0,False,Insufficient Review Volume
f8db351d8c4c4c22c6835c19a46f01b0,667,724,50525.6,12554.2,0.2484720616875406,659.0,34.0,-11.265138221491599,5.159332321699544,663.0,4.237593984962406,68.0,10.256410256410255,True,High Revenue + High Experience
f8e2c1b59cd4225a3e4fd0d013a76b93,2,3,219.8,44.63,0.20304822565969063,2.0,0.0,-17.22776041666667,0.0,2.0,5.0,0.0,0.0,False,Insufficient Review Volume
f8f35af4634605e6693c17cc3ffff5a8,1,1,90.0,16.39,0.1821111111111111,1.0,0.0,-13.10633101851852,0.0,1.0,5.0,0.0,0.0,False,Insufficient Review Volume
f90f77ef2799a27f80d90c425ca944f7,1,1,70.0,19.46,0.278,1.0,0.0,-19.24773148148148,0.0,1.0,5.0,0.0,0.0,False,Insufficient Review Volume
f918546be4bec7104d117789ba758b2b,20,23,1483.0,347.15,0.23408631153068105,20.0,4.0,-7.903940393518518,20.0,20.0,3.85,4.0,20.0,False,Insufficient Review Volume
f9244d45189d3a3605499abddeade7d5,21,21,15731.43,875.99,0.05568406686486861,20.0,0.0,-23.549096643518517,0.0,21.0,4.285714285714286,1.0,4.761904761904762,False,Insufficient Review Volume
f92d8c817434bd2d84d4e9c61322b7fa,5,5,174.84,50.769999999999996,0.29037977579501256,5.0,1.0,-8.433150462962963,20.0,5.0,4.6,0.0,0.0,False,Insufficient Review Volume
f97e2b0650c2068227e1d366140eb62f,16,21,3654.0,1011.98,0.27695128626163107,16.0,1.0,-18.701002604166668,6.25,15.0,4.0,3.0,20.0,False,Insufficient Review Volume
f9903dd0f812c7e771fcad47b6fff231,10,15,1684.8500000000001,416.63,0.24728017330919663,10.0,0.0,-17.478086805555556,0.0,10.0,3.2,3.0,30.0,False,Insufficient Review Volume
f9a02f1922d1de564392e656d82b3fda,1,1,125.9,11.49,0.09126290706910246,,,,,1.0,4.0,0.0,0.0,False,Insufficient Review Volume
f9bbdd976532d50b7816d285a22bd01e,2,2,268.0,30.369999999999997,0.11332089552238805,1.0,0.0,-17.219780092592593,0.0,2.0,5.0,0.0,0.0,False,Insufficient Review Volume
f9d010e39375d9c91dce3f40b73a2f84,4,5,1212.0,138.14,0.11397689768976897,4.0,1.0,-6.762288773148148,25.0,4.0,3.5,1.0,25.0,False,Insufficient Review Volume
f9ec7093df3a7b346b7bcf7864069ca3,9,9,519.2,118.93,0.22906394453004622,9.0,1.0,-6.970219907407408,11.11111111111111,9.0,4.777777777777778,0.0,0.0,False,Insufficient Review Volume
f9eda05b67bef472deaddbba84aca289,1,1,185.0,51.79,0.27994594594594596,,,,,1.0,1.0,1.0,100.0,False,Insufficient Review Volume
f9eedec3129e8cc6b6429c42d0808c5b,2,2,789.8,43.35,0.05488731324385921,2.0,0.0,-8.280601851851852,0.0,2.0,4.5,0.0,0.0,False,Insufficient Review Volume
f9f68daa2af419d38f745478bcb3da1a,2,2,22.4,28.96,1.292857142857143,1.0,0.0,-26.41306712962963,0.0,2.0,3.0,1.0,50.0,False,Insufficient Review Volume
fa14641f57b655e933124a9ea49cd7a5,7,7,359.92999999999995,83.06,0.23076709360153366,7.0,0.0,-11.394869378306879,0.0,7.0,4.571428571428571,0.0,0.0,False,Insufficient Review Volume
fa18c782a4866d313cadab567097f8f1,1,1,58.99,19.65,0.3331073063231056,,,,,1.0,1.0,1.0,100.0,False,Insufficient Review Volume
fa1a9dec3a9940c072684a46728bf1fc,55,60,6674.0,1201.71,0.18005843572070723,55.0,0.0,-14.827451809764309,0.0,54.0,4.111111111111111,7.0,12.962962962962962,True,High Revenue + Lower Experience
fa1c13f2614d7b5c4749cbc52fecda94,585,586,194042.03,10042.7,0.05175528209017397,578.0,59.0,-9.618409986543638,10.207612456747404,581.0,4.339070567986231,61.0,10.499139414802066,True,High Revenue + High Experience
fa3a0b5aabb344b9a92e3524b0202123,7,7,1789.0,164.41,0.0919005030743432,7.0,1.0,-13.88691798941799,14.285714285714285,7.0,4.142857142857143,1.0,14.285714285714285,False,Insufficient Review Volume
fa40cc5b934574b62717c68f3d678b6d,307,340,16055.87,4530.9,0.28219585734064856,304.0,19.0,-10.506344077424464,6.25,305.0,4.4640522875816995,24.0,7.868852459016394,True,High Revenue + High Experience
fa5fdc4e4bb6bd1009ad0e4ac4096562,1,1,161.99,32.86,0.20285202790295695,1.0,0.0,-57.4155787037037,0.0,1.0,5.0,0.0,0.0,False,Insufficient Review Volume
fa74b2f3287d296e9fbd2cc80f2d1cf1,11,11,2459.89,175.79000000000002,0.0714625450731537,5.0,2.0,-4.8154861111111105,40.0,11.0,2.3636363636363638,7.0,63.63636363636363,False,Insufficient Review Volume
fa7ad8ae9bcb2c4493fdf38e96b1d74f,1,2,88.0,23.7,0.2693181818181818,,,,,1.0,1.0,1.0,100.0,False,Insufficient Review Volume
fa8d335d68129e464e60c1826a683e96,1,1,139.9,34.78,0.24860614724803431,1.0,0.0,-10.41324074074074,0.0,1.0,4.0,0.0,0.0,False,Insufficient Review Volume
fac1a9017ade7bdc94058fc1c969f355,9,10,2010.84,212.07,0.10546338843468402,9.0,0.0,-10.127610596707818,0.0,9.0,4.666666666666667,0.0,0.0,False,Insufficient Review Volume
fac35d150712afb921ec59ac5f39bb11,5,6,696.0,104.64,0.1503448275862069,5.0,0.0,-16.50381712962963,0.0,5.0,4.4,0.0,0.0,False,Insufficient Review Volume
fad44952713764836814be105382aee5,32,32,5129.0,507.88,0.09902125170598557,32.0,1.0,-11.178441840277777,3.125,32.0,4.28125,2.0,6.25,True,High Revenue + High Experience
fadb07c842a2aef5d5a676b85f220e71,7,7,398.75,171.62,0.4303949843260188,7.0,0.0,-15.426787367724868,0.0,7.0,4.714285714285714,0.0,0.0,False,Insufficient Review Volume
fb3cfbc8a86f5d7fbb4d36b8df63f60d,10,15,1007.3000000000001,217.76,0.21618187233197655,10.0,0.0,-11.363138888888889,0.0,10.0,4.2,1.0,10.0,False,Insufficient Review Volume
fb503a924a0b9db19d83dd0ac6dbef8c,1,1,13.9,17.92,1.2892086330935253,1.0,0.0,-17.41818287037037,0.0,1.0,5.0,0.0,0.0,False,Insufficient Review Volume
fb8904a8ea99f8831b64ce27db2c1765,2,2,278.0,24.36,0.08762589928057554,2.0,1.0,-2.5794560185185187,50.0,2.0,4.5,0.0,0.0,False,Insufficient Review Volume
fb89df7f89fd1b8f03fa2acca1ba7364,22,25,2220.0,467.43,0.21055405405405406,22.0,2.0,-8.532671506734006,9.090909090909092,22.0,3.8636363636363638,4.0,18.181818181818183,False,Insufficient Review Volume
fbc14c0cf93505ef89f64665ffa4a7b5,18,18,12227.82,531.11,0.04343456151628009,18.0,1.0,-13.119290766460905,5.555555555555555,17.0,4.176470588235294,2.0,11.76470588235294,False,Insufficient Review Volume
fc0b214b59a83615fea981c6424a02ae,1,1,159.9,12.14,0.07592245153220763,1.0,0.0,-5.188159722222222,0.0,1.0,5.0,0.0,0.0,False,Insufficient Review Volume
fc38b5dceee1a730fad8853453437fbd,5,5,119.2,58.81,0.49337248322147653,5.0,0.0,-13.454379629629631,0.0,5.0,4.6,0.0,0.0,False,Insufficient Review Volume
fc4751cfe3b279c419615b9b00c1abb4,1,1,453.7,17.35,0.03824112849900816,1.0,0.0,-27.32818287037037,0.0,1.0,5.0,0.0,0.0,False,Insufficient Review Volume
fc59392d66ef99377e50356ee4f3b4e1,5,5,519.99,86.97,0.16725321640800783,5.0,0.0,-13.597136574074074,0.0,5.0,3.6,2.0,40.0,False,Insufficient Review Volume
fc5a0d7a310a7a41abf86a458585ff2b,2,2,162.8,27.36,0.16805896805896806,1.0,0.0,-18.379814814814814,0.0,2.0,2.5,1.0,50.0,False,Insufficient Review Volume
fc6295add6f51a0936407ead70c1001d,1,4,160.0,70.52,0.44075,1.0,0.0,-8.3940625,0.0,1.0,1.0,1.0,100.0,False,Insufficient Review Volume
fc906263ca5083d09dce42fe02247800,114,119,4497.7,1885.58,0.419232051937657,112.0,0.0,-14.154447751322751,0.0,114.0,4.356521739130435,12.0,10.526315789473683,True,High Revenue + High Experience
fc908879b9ca1bd65419e54e50432d38,4,4,119.19999999999999,52.68,0.44194630872483226,4.0,0.0,-10.445885416666666,0.0,4.0,5.0,0.0,0.0,False,Insufficient Review Volume
fc99f99385ae90f66f01733856fb88c9,1,1,89.9,21.12,0.23492769744160177,,,,,1.0,1.0,1.0,100.0,False,Insufficient Review Volume
fcb5ace8bcc92f75707dc0f01a27d269,62,73,8318.63,954.7,0.11476649400201717,59.0,2.0,-8.651538567168863,3.389830508474576,61.0,3.870967741935484,11.0,18.0327868852459,True,High Revenue + Lower Experience
fcba71d4d5db057f43249145e4eb1e27,3,3,494.55,53.72,0.10862400161763218,3.0,0.0,-6.908395061728395,0.0,3.0,4.666666666666667,0.0,0.0,False,Insufficient Review Volume
fcdd820084f17e9982427971e4e9d47f,16,27,4783.99,881.75,0.18431267623887174,16.0,2.0,-15.06587890625,12.5,16.0,3.9375,3.0,18.75,False,Insufficient Review Volume
fce62094ffe6a4009188ec44e681dfdd,4,11,2969.7,482.93,0.16261911977640842,4.0,1.0,-37.33901909722222,25.0,4.0,4.0,1.0,25.0,False,Insufficient Review Volume
fcf16b7a8697e559f0123190bb30177d,3,7,1052.8,499.77,0.474705547112462,3.0,2.0,1.1040779320987653,66.66666666666666,3.0,3.3333333333333335,1.0,33.33333333333333,False,Insufficient Review Volume
fd312b6bf05efac6c3772d5b52205d8a,2,4,118.69999999999999,45.62,0.38433024431339513,2.0,0.0,-11.917482638888888,0.0,2.0,5.0,0.0,0.0,False,Insufficient Review Volume
fd386aa7bed2af3c7035c65506c9b4a3,69,76,2304.15,1012.02,0.43921619686218344,69.0,7.0,-9.335444847020934,10.144927536231885,69.0,4.3478260869565215,10.0,14.492753623188406,True,High Revenue + High Experience
fd435faa3c0422b60440ea3480d0e77c,1,1,749.0,133.87,0.17873164218958612,1.0,0.0,-13.214236111111111,0.0,1.0,5.0,0.0,0.0,False,Insufficient Review Volume
fdaaf5bfda82b7b80535610c831b8d09,10,15,2588.9,259.42,0.10020472015141565,10.0,1.0,-11.761996527777779,10.0,10.0,4.2,2.0,20.0,False,Insufficient Review Volume
fdb9095204a334cd8872252ffec6f2db,46,61,8156.0,1133.37,0.13896150073565472,46.0,3.0,-10.375371376811595,6.521739130434782,46.0,4.170212765957447,6.0,13.043478260869565,True,High Revenue + High Experience
fde0cc9ea29c8ccfc0a2c22256a58c71,35,35,3922.0,999.27,0.2547858235594085,35.0,1.0,-15.685280753968254,2.857142857142857,35.0,4.485714285714286,3.0,8.571428571428571,True,High Revenue + High Experience
fdf736c18c589ed030e058312203e1b2,1,1,30.0,14.51,0.48366666666666663,1.0,0.0,-2.0038078703703706,0.0,1.0,5.0,0.0,0.0,False,Insufficient Review Volume
fe19dce63ae80346207c6c55713d1023,1,1,49.9,21.82,0.4372745490981964,1.0,0.0,-21.34636574074074,0.0,1.0,5.0,0.0,0.0,False,Insufficient Review Volume
fe1b067411b8c5066e962aa146ccee03,8,8,847.78,143.1,0.16879379084196372,8.0,0.0,-8.812055844907407,0.0,8.0,4.625,0.0,0.0,False,Insufficient Review Volume
fe1bbc5feda5c8979a8a1b3b2512d5a6,9,10,724.72,137.53,0.1897698421459322,9.0,1.0,-13.26988554526749,11.11111111111111,9.0,3.888888888888889,0.0,0.0,False,Insufficient Review Volume
fe2032dab1a61af8794248c8196565c9,294,306,65959.61,4721.34,0.07157925888282238,293.0,26.0,-10.265033576665402,8.873720136518772,290.0,4.375862068965517,29.0,10.0,True,High Revenue + High Experience
fe26f3ecb51a15e6d8335cd92da42562,7,7,2708.96,262.59000000000003,0.09693387868407065,7.0,1.0,-9.701674933862433,14.285714285714285,7.0,4.428571428571429,0.0,0.0,False,Insufficient Review Volume
fe49ee029e61e789a1f3a5525f57ba8d,17,17,2527.5899999999997,224.85,0.08895825667928739,16.0,1.0,-11.247547743055556,6.25,17.0,4.0588235294117645,3.0,17.647058823529413,False,Insufficient Review Volume
fe4cd9461203cee790d36792420b310f,3,3,391.15,54.379999999999995,0.13902594912437682,3.0,0.0,-9.378761574074074,0.0,3.0,4.0,0.0,0.0,False,Insufficient Review Volume
fe701d88b67eaca109dffd464d1be9f9,11,11,1548.9,239.04,0.1543288785589773,10.0,1.0,-15.198549768518518,10.0,11.0,4.0,2.0,18.181818181818183,False,Insufficient Review Volume
fe8055980a4ff7f64ed889c2b5926929,3,3,196.70000000000002,53.28,0.2708693441789527,3.0,0.0,-14.510189043209877,0.0,3.0,4.666666666666667,0.0,0.0,False,Insufficient Review Volume
fe87f472055fbcf1d7e691c00b1560dc,6,6,1085.8,130.16,0.11987474673052127,6.0,1.0,-2.2572820216049383,16.666666666666664,6.0,4.5,0.0,0.0,False,Insufficient Review Volume
fe9d9cf8631285d5982c6e2cf27fb114,1,1,69.9,23.64,0.3381974248927038,1.0,0.0,-13.181296296296296,0.0,1.0,4.0,0.0,0.0,False,Insufficient Review Volume
feb793c88d836c3a75efa4b5a3465d70,1,1,466.0,64.17,0.1377038626609442,1.0,0.0,-7.203784722222222,0.0,1.0,5.0,0.0,0.0,False,Insufficient Review Volume
febab0275244b9a49a623f0bd613ca2f,109,129,7272.42,3016.75,0.41482065117251204,106.0,5.0,-10.96225148497554,4.716981132075472,109.0,4.376146788990826,10.0,9.174311926605505,True,High Revenue + High Experience
fec6275253471ace26d209bbaa64cd0f,9,10,2840.0,355.66999999999996,0.12523591549295773,9.0,0.0,-16.549728652263372,0.0,9.0,4.555555555555555,1.0,11.11111111111111,False,Insufficient Review Volume
fec6912baad85d41729669edd6b4d3b8,1,1,210.0,51.97,0.24747619047619046,,,,,1.0,1.0,1.0,100.0,False,Insufficient Review Volume
fec8cd45395b3cb0c2b173d7739706a1,4,4,1280.0,96.94,0.07573437499999999,4.0,0.0,-10.577748842592593,0.0,4.0,3.75,0.0,0.0,False,Insufficient Review Volume
fedaedd3ca31d56ab33e92035e4b361c,1,1,39.9,10.96,0.27468671679198,1.0,0.0,-43.54137731481482,0.0,1.0,4.0,0.0,0.0,False,Insufficient Review Volume
fedf2c1386e137f296b3bbf3b635e69d,2,5,131.74,79.16,0.6008805222407773,2.0,0.0,-17.560057870370372,0.0,2.0,3.5,1.0,50.0,False,Insufficient Review Volume
ff063b022a9a0aab91bad2c9088760b7,94,96,12076.5,1984.77,0.16434977021488015,94.0,3.0,-11.187730988967692,3.1914893617021276,93.0,4.311827956989247,8.0,8.60215053763441,True,High Revenue + High Experience
ff1e15b778c700abdd4d239b81ac466d,7,7,414.3,114.86,0.277238715906348,7.0,0.0,-7.215803571428571,0.0,7.0,4.571428571428571,0.0,0.0,False,Insufficient Review Volume
ff1fb4c404b2efe68b03350a8dc24122,46,49,6771.0,895.95,0.1323216659282233,46.0,7.0,-7.9627581521739135,15.217391304347828,46.0,4.0,8.0,17.391304347826086,True,High Revenue + Lower Experience
ff314fa6033cc68ec451c47aee2d6ba4,2,2,537.9,32.44,0.06030860754787135,2.0,0.0,-19.78527777777778,0.0,2.0,5.0,0.0,0.0,False,Insufficient Review Volume
ff4e2d38692ce827b1a4f4b8196e680d,11,11,518.9,150.28,0.2896126421275776,11.0,0.0,-13.39526515151515,0.0,11.0,4.2727272727272725,1.0,9.090909090909092,False,Insufficient Review Volume
ff4ea69c2a729e83e63c7579e4ef8170,9,9,7017.0,171.62,0.024457745475274333,8.0,0.0,-11.71378761574074,0.0,8.0,4.5,1.0,12.5,False,Insufficient Review Volume
ff69aa92bb6b1bf9b8b7a51c2ed9cf8b,20,20,21940.8,1754.4,0.07996062130824766,20.0,5.0,-8.430579282407408,25.0,20.0,3.65,6.0,30.0,False,Insufficient Review Volume
ff82e8873fba613f2261a9acc896fd84,4,4,124.6,58.93,0.4729534510433387,4.0,0.0,-14.453819444444445,0.0,4.0,3.5,1.0,25.0,False,Insufficient Review Volume
ffa6adafb71b807dc13159e26431354c,18,18,2669.9,537.08,0.20116109217573694,17.0,0.0,-12.061402505446623,0.0,18.0,3.7777777777777777,3.0,16.666666666666664,False,Insufficient Review Volume
ffad1e7127fb622cb64a900751590acd,10,15,884.3,206.53,0.23355196200384487,10.0,0.0,-11.184297453703703,0.0,10.0,4.8,0.0,0.0,False,Insufficient Review Volume
ffc470761de7d0232558ba5e786e57b7,28,31,1649.01,438.12,0.2656866847381156,27.0,1.0,-11.12016760973937,3.7037037037037033,27.0,4.444444444444445,1.0,3.7037037037037033,False,Insufficient Review Volume
ffcfefa19b08742c5d315f2791395ee5,1,1,69.9,9.62,0.13762517882689554,,,,,1.0,1.0,1.0,100.0,False,Insufficient Review Volume
ffdd9f82b9a447f6f8d4b91554cc7dd3,18,20,2101.2,727.46,0.34621168855891876,18.0,0.0,-11.650491255144033,0.0,18.0,4.333333333333333,2.0,11.11111111111111,False,Insufficient Review Volume
ffeee66ac5d5a62fe688b9d26f83f534,14,14,1839.8600000000001,419.69,0.22810974748078655,14.0,2.0,-7.662857969576719,14.285714285714285,14.0,4.214285714285714,2.0,14.285714285714285,False,Insufficient Review Volume
fffd5413c0700ac820c7069d66d98c89,60,61,9062.3,2833.74,0.31269545258929854,57.0,8.0,-10.534571150097467,14.035087719298245,59.0,3.847457627118644,13.0,22.033898305084744,True,High Revenue + Lower Experience
ffff564a4f9085cd26170f4732393726,20,20,1426.3,344.56,0.24157610600855361,8.0,0.0,-47.54904658564815,0.0,20.0,2.1,13.0,65.0,False,Insufficient Review Volume
